id,kind,country,country_code,region,region_code,province,province_code,commune,commune_code,name,qualified_name,lat_deg,lon_deg,height_m,height_reference,geoid_undulation_m,elevation_m,runtime_height_reference,height_quality,timezone,aliases,coordinate_source,coordinate_license,coordinate_quality,coordinate_note,height_source,height_pixel_row,height_pixel_column,reported_heights_m,reported_height_reference,reported_height_source
cl-municipality-01101,municipal_seat,Chile,CL,Tarapacá,01,Iquique,011,Iquique,01101,Iquique,Chile:Tarapacá:Iquique:Iquique:Iquique,-20.21326,-70.15027,12,EGM96,31.243,43.243,WGS84_ellipsoid_EGM96_conversion,radar_surface_estimate_2000,America/Santiago,,geonames:3887127,CC-BY-4.0,gazetteer_reference,Approximate gazetteer reference for the settlement; not a municipal-building survey.,nasadem-hgt-v001:s21w071,768,3059,,,
cl-municipality-01107,municipal_seat,Chile,CL,Tarapacá,01,Iquique,011,Alto Hospicio,01107,Alto Hospicio,Chile:Tarapacá:Iquique:Alto Hospicio:Alto Hospicio,-20.26871,-70.1049,528,EGM96,31.776,559.776,WGS84_ellipsoid_EGM96_conversion,radar_surface_estimate_2000,America/Santiago,,geonames:3899887,CC-BY-4.0,gazetteer_reference,Approximate gazetteer reference for the settlement; not a municipal-building survey.,nasadem-hgt-v001:s21w071,967,3222,,,
cl-municipality-01401,municipal_seat,Chile,CL,Tarapacá,01,Tamarugal,014,Pozo Almonte,01401,Pozo Almonte,Chile:Tarapacá:Tamarugal:Pozo Almonte:Pozo Almonte,-20.25585,-69.7863,1032,EGM96,35.112,1067.112,WGS84_ellipsoid_EGM96_conversion,radar_surface_estimate_2000,America/Santiago,,geonames:3875235,CC-BY-4.0,gazetteer_reference,Approximate gazetteer reference for the settlement; not a municipal-building survey.,nasadem-hgt-v001:s21w070,921,769,,,
cl-municipality-01402,municipal_seat,Chile,CL,Tarapacá,01,Tamarugal,014,Camiña,01402,Camiña,Chile:Tarapacá:Tamarugal:Camiña:Camiña,-19.31286,-69.4261,2413,EGM96,40.853,2453.853,WGS84_ellipsoid_EGM96_conversion,radar_surface_estimate_2000,America/Santiago,,geonames:3897143,CC-BY-4.0,gazetteer_reference,Approximate gazetteer reference for the settlement; not a municipal-building survey.,nasadem-hgt-v001:s20w070,1126,2066,,,
cl-municipality-01403,municipal_seat,Chile,CL,Tarapacá,01,Tamarugal,014,Colchane,01403,Colchane,Chile:Tarapacá:Tamarugal:Colchane:Colchane,-19.27588,-68.63763,3709,EGM96,42.881,3751.881,WGS84_ellipsoid_EGM96_conversion,radar_surface_estimate_2000,America/Santiago,,geonames:3894309,CC-BY-4.0,gazetteer_reference,Approximate gazetteer reference for the settlement; not a municipal-building survey.,nasadem-hgt-v001:s20w069,993,1305,,,
cl-municipality-01404,municipal_seat,Chile,CL,Tarapacá,01,Tamarugal,014,Huara,01404,Huara,Chile:Tarapacá:Tamarugal:Huara:Huara,-19.99631,-69.77205,1109,EGM96,36.047,1145.047,WGS84_ellipsoid_EGM96_conversion,radar_surface_estimate_2000,America/Santiago,,geonames:3887766,CC-BY-4.0,gazetteer_reference,Approximate gazetteer reference for the settlement; not a municipal-building survey.,nasadem-hgt-v001:s20w070,3587,821,,,
cl-municipality-01405,municipal_seat,Chile,CL,Tarapacá,01,Tamarugal,014,Pica,01405,Pica,Chile:Tarapacá:Tamarugal:Pica:Pica,-20.49128,-69.33118,1324,EGM96,37.139,1361.139,WGS84_ellipsoid_EGM96_conversion,radar_surface_estimate_2000,America/Santiago,,geonames:3876353,CC-BY-4.0,gazetteer_reference,Approximate gazetteer reference for the settlement; not a municipal-building survey.,nasadem-hgt-v001:s21w070,1769,2408,,,
cl-municipality-02101,municipal_seat,Chile,CL,Antofagasta,02,Antofagasta,021,Antofagasta,02101,Antofagasta,Chile:Antofagasta:Antofagasta:Antofagasta:Antofagasta,-23.65094,-70.39752,15,EGM96,28.633,43.633,WGS84_ellipsoid_EGM96_conversion,radar_surface_estimate_2000,America/Santiago,,geonames:3899539,CC-BY-4.0,gazetteer_reference,Approximate gazetteer reference for the settlement; not a municipal-building survey.,nasadem-hgt-v001:s24w071,2343,2169,,,
cl-municipality-02102,municipal_seat,Chile,CL,Antofagasta,02,Antofagasta,021,Mejillones,02102,Mejillones,Chile:Antofagasta:Antofagasta:Mejillones:Mejillones,-23.10003,-70.44703,11,EGM96,27.67,38.67,WGS84_ellipsoid_EGM96_conversion,radar_surface_estimate_2000,America/Santiago,,geonames:3880143,CC-BY-4.0,gazetteer_reference,Approximate gazetteer reference for the settlement; not a municipal-building survey.,nasadem-hgt-v001:s24w071,360,1991,,,
cl-municipality-02103,municipal_seat,Chile,CL,Antofagasta,02,Antofagasta,021,Sierra Gorda,02103,Baquedano,Chile:Antofagasta:Antofagasta:Sierra Gorda:Baquedano,-23.33374,-69.84055,1028,EGM96,31.839,1059.839,WGS84_ellipsoid_EGM96_conversion,radar_surface_estimate_2000,America/Santiago,Sierra Gorda,geonames:3898793,CC-BY-4.0,gazetteer_reference,Approximate gazetteer reference for the settlement; not a municipal-building survey.,nasadem-hgt-v001:s24w070,1201,574,,,
cl-municipality-02104,municipal_seat,Chile,CL,Antofagasta,02,Antofagasta,021,Taltal,02104,Taltal,Chile:Antofagasta:Antofagasta:Taltal:Taltal,-25.40713,-70.48554,16,EGM96,29.989,45.989,WGS84_ellipsoid_EGM96_conversion,radar_surface_estimate_2000,America/Santiago,,geonames:3870243,CC-BY-4.0,gazetteer_reference,Approximate gazetteer reference for the settlement; not a municipal-building survey.,nasadem-hgt-v001:s26w071,1466,1852,,,
cl-municipality-02201,municipal_seat,Chile,CL,Antofagasta,02,El Loa,022,Calama,02201,Calama,Chile:Antofagasta:El Loa:Calama:Calama,-22.45667,-68.92371,2271,EGM96,36.845,2307.845,WGS84_ellipsoid_EGM96_conversion,radar_surface_estimate_2000,America/Santiago,,geonames:3897347,CC-BY-4.0,gazetteer_reference,Approximate gazetteer reference for the settlement; not a municipal-building survey.,nasadem-hgt-v001:s23w069,1644,275,,,
cl-municipality-02202,municipal_seat,Chile,CL,Antofagasta,02,El Loa,022,Ollagüe,02202,Ollagüe,Chile:Antofagasta:El Loa:Ollagüe:Ollagüe,-21.22496,-68.25352,3699,EGM96,42.741,3741.741,WGS84_ellipsoid_EGM96_conversion,radar_surface_estimate_2000,America/Santiago,,geonames:3878084,CC-BY-4.0,gazetteer_reference,Approximate gazetteer reference for the settlement; not a municipal-building survey.,nasadem-hgt-v001:s22w069,810,2687,,,
cl-municipality-02203,municipal_seat,Chile,CL,Antofagasta,02,El Loa,022,San Pedro de Atacama,02203,San Pedro de Atacama,Chile:Antofagasta:El Loa:San Pedro de Atacama:San Pedro de Atacama,-22.9111,-68.20113,2439,EGM96,39.192,2478.192,WGS84_ellipsoid_EGM96_conversion,radar_surface_estimate_2000,America/Santiago,,geonames:3871781,CC-BY-4.0,gazetteer_reference,Approximate gazetteer reference for the settlement; not a municipal-building survey.,nasadem-hgt-v001:s23w069,3280,2876,,,
cl-municipality-02301,municipal_seat,Chile,CL,Antofagasta,02,Tocopilla,023,Tocopilla,02301,Tocopilla,Chile:Antofagasta:Tocopilla:Tocopilla:Tocopilla,-22.09198,-70.19792,41,EGM96,31.112,72.112,WGS84_ellipsoid_EGM96_conversion,radar_surface_estimate_2000,America/Santiago,,geonames:3869716,CC-BY-4.0,gazetteer_reference,Approximate gazetteer reference for the settlement; not a municipal-building survey.,nasadem-hgt-v001:s23w071,331,2887,,,
cl-municipality-02302,municipal_seat,Chile,CL,Antofagasta,02,Tocopilla,023,María Elena,02302,María Elena,Chile:Antofagasta:Tocopilla:María Elena:María Elena,-22.34449,-69.66178,1256,EGM96,34.651,1290.651,WGS84_ellipsoid_EGM96_conversion,radar_surface_estimate_2000,America/Santiago,,geonames:3878253,CC-BY-4.0,gazetteer_reference,Approximate gazetteer reference for the settlement; not a municipal-building survey.,nasadem-hgt-v001:s23w070,1240,1218,,,
cl-municipality-03101,municipal_seat,Chile,CL,Atacama,03,Copiapó,031,Copiapó,03101,Copiapó,Chile:Atacama:Copiapó:Copiapó:Copiapó,-27.36737,-70.33219,388,EGM96,31.004,419.004,WGS84_ellipsoid_EGM96_conversion,radar_surface_estimate_2000,America/Santiago,,geonames:3893656,CC-BY-4.0,gazetteer_reference,Approximate gazetteer reference for the settlement; not a municipal-building survey.,nasadem-hgt-v001:s28w071,1323,2404,,,
cl-municipality-03102,municipal_seat,Chile,CL,Atacama,03,Copiapó,031,Caldera,03102,Caldera,Chile:Atacama:Copiapó:Caldera:Caldera,-27.06812,-70.81921,20,EGM96,25.971,45.971,WGS84_ellipsoid_EGM96_conversion,radar_surface_estimate_2000,America/Santiago,,geonames:3897322,CC-BY-4.0,gazetteer_reference,Approximate gazetteer reference for the settlement; not a municipal-building survey.,nasadem-hgt-v001:s28w071,245,651,,,
cl-municipality-03103,municipal_seat,Chile,CL,Atacama,03,Copiapó,031,Tierra Amarilla,03103,Tierra Amarilla,Chile:Atacama:Copiapó:Tierra Amarilla:Tierra Amarilla,-27.46633,-70.26255,499,EGM96,31.523,530.523,WGS84_ellipsoid_EGM96_conversion,radar_surface_estimate_2000,America/Santiago,,geonames:3869877,CC-BY-4.0,gazetteer_reference,Approximate gazetteer reference for the settlement; not a municipal-building survey.,nasadem-hgt-v001:s28w071,1679,2655,,,
cl-municipality-03201,municipal_seat,Chile,CL,Atacama,03,Chañaral,032,Chañaral,03201,Chañaral,Chile:Atacama:Chañaral:Chañaral:Chañaral,-26.34298,-70.61648,22,EGM96,28.393,50.393,WGS84_ellipsoid_EGM96_conversion,radar_surface_estimate_2000,America/Santiago,,geonames:3895554,CC-BY-4.0,gazetteer_reference,Approximate gazetteer reference for the settlement; not a municipal-building survey.,nasadem-hgt-v001:s27w071,1235,1381,,,
cl-municipality-03202,municipal_seat,Chile,CL,Atacama,03,Chañaral,032,Diego de Almagro,03202,Diego de Almagro,Chile:Atacama:Chañaral:Diego de Almagro:Diego de Almagro,-26.39022,-70.04556,786,EGM96,34.222,820.222,WGS84_ellipsoid_EGM96_conversion,radar_surface_estimate_2000,America/Santiago,,geonames:3892454,CC-BY-4.0,gazetteer_reference,Approximate gazetteer reference for the settlement; not a municipal-building survey.,nasadem-hgt-v001:s27w071,1405,3436,,,
cl-municipality-03301,municipal_seat,Chile,CL,Atacama,03,Huasco,033,Vallenar,03301,Vallenar,Chile:Atacama:Huasco:Vallenar:Vallenar,-28.57617,-70.75938,385,EGM96,30.271,415.271,WGS84_ellipsoid_EGM96_conversion,radar_surface_estimate_2000,America/Santiago,,geonames:3868633,CC-BY-4.0,gazetteer_reference,Approximate gazetteer reference for the settlement; not a municipal-building survey.,nasadem-hgt-v001:s29w071,2074,866,,,
cl-municipality-03302,municipal_seat,Chile,CL,Atacama,03,Huasco,033,Alto del Carmen,03302,Alto del Carmen,Chile:Atacama:Huasco:Alto del Carmen:Alto del Carmen,-28.75946,-70.48651,817,EGM96,33.058,850.058,WGS84_ellipsoid_EGM96_conversion,radar_surface_estimate_2000,America/Santiago,,geonames:3899924,CC-BY-4.0,gazetteer_reference,Approximate gazetteer reference for the settlement; not a municipal-building survey.,nasadem-hgt-v001:s29w071,2734,1849,,,
cl-municipality-03303,municipal_seat,Chile,CL,Atacama,03,Huasco,033,Freirina,03303,Freirina,Chile:Atacama:Huasco:Freirina:Freirina,-28.50917,-71.08124,99,EGM96,27.246,126.246,WGS84_ellipsoid_EGM96_conversion,radar_surface_estimate_2000,America/Santiago,,geonames:3889317,CC-BY-4.0,gazetteer_reference,Approximate gazetteer reference for the settlement; not a municipal-building survey.,nasadem-hgt-v001:s29w072,1833,3308,,,
cl-municipality-03304,municipal_seat,Chile,CL,Atacama,03,Huasco,033,Huasco,03304,Huasco,Chile:Atacama:Huasco:Huasco:Huasco,-28.46599,-71.22276,30,EGM96,25.29,55.29,WGS84_ellipsoid_EGM96_conversion,radar_surface_estimate_2000,America/Santiago,,geonames:3887758,CC-BY-4.0,gazetteer_reference,Approximate gazetteer reference for the settlement; not a municipal-building survey.,nasadem-hgt-v001:s29w072,1678,2798,,,
cl-municipality-04101,municipal_seat,Chile,CL,Coquimbo,04,Elqui,041,La Serena,04101,La Serena,Chile:Coquimbo:Elqui:La Serena:La Serena,-29.90591,-71.25014,25,EGM96,29.011,54.011,WGS84_ellipsoid_EGM96_conversion,radar_surface_estimate_2000,America/Santiago,,geonames:3884373,CC-BY-4.0,gazetteer_reference,Approximate gazetteer reference for the settlement; not a municipal-building survey.,nasadem-hgt-v001:s30w072,3261,2699,,,
cl-municipality-04102,municipal_seat,Chile,CL,Coquimbo,04,Elqui,041,Coquimbo,04102,Coquimbo,Chile:Coquimbo:Elqui:Coquimbo:Coquimbo,-29.95332,-71.33947,25,EGM96,27.539,52.539,WGS84_ellipsoid_EGM96_conversion,radar_surface_estimate_2000,America/Santiago,,geonames:3893629,CC-BY-4.0,gazetteer_reference,Approximate gazetteer reference for the settlement; not a municipal-building survey.,nasadem-hgt-v001:s30w072,3432,2378,,,
cl-municipality-04103,municipal_seat,Chile,CL,Coquimbo,04,Elqui,041,Andacollo,04103,Andacollo,Chile:Coquimbo:Elqui:Andacollo:Andacollo,-30.23449,-71.08534,1016,EGM96,31.402,1047.402,WGS84_ellipsoid_EGM96_conversion,radar_surface_estimate_2000,America/Santiago,,geonames:3899680,CC-BY-4.0,gazetteer_reference,Approximate gazetteer reference for the settlement; not a municipal-building survey.,nasadem-hgt-v001:s31w072,844,3293,,,
cl-municipality-04104,municipal_seat,Chile,CL,Coquimbo,04,Elqui,041,La Higuera,04104,La Higuera,Chile:Coquimbo:Elqui:La Higuera:La Higuera,-29.51195,-71.2019,586,EGM96,29.214,615.214,WGS84_ellipsoid_EGM96_conversion,radar_surface_estimate_2000,America/Santiago,,geonames:3885682,CC-BY-4.0,gazetteer_reference,Approximate gazetteer reference for the settlement; not a municipal-building survey.,nasadem-hgt-v001:s30w072,1843,2873,,,
cl-municipality-04105,municipal_seat,Chile,CL,Coquimbo,04,Elqui,041,Paiguano,04105,Paihuano,Chile:Coquimbo:Elqui:Paiguano:Paihuano,-30.02884,-70.51708,971,EGM96,36.755,1007.755,WGS84_ellipsoid_EGM96_conversion,radar_surface_estimate_2000,America/Santiago,Paiguano,geonames:3877770,CC-BY-4.0,gazetteer_reference,Approximate gazetteer reference for the settlement; not a municipal-building survey.,nasadem-hgt-v001:s31w071,104,1739,,,
cl-municipality-04106,municipal_seat,Chile,CL,Coquimbo,04,Elqui,041,Vicuña,04106,Vicuña,Chile:Coquimbo:Elqui:Vicuña:Vicuña,-30.03541,-70.71274,612,EGM96,35.455,647.455,WGS84_ellipsoid_EGM96_conversion,radar_surface_estimate_2000,America/Santiago,,geonames:3868308,CC-BY-4.0,gazetteer_reference,Approximate gazetteer reference for the settlement; not a municipal-building survey.,nasadem-hgt-v001:s31w071,127,1034,,,
cl-municipality-04201,municipal_seat,Chile,CL,Coquimbo,04,Choapa,042,Illapel,04201,Illapel,Chile:Coquimbo:Choapa:Illapel:Illapel,-31.63349,-71.16967,309,EGM96,28.527,337.527,WGS84_ellipsoid_EGM96_conversion,radar_surface_estimate_2000,America/Santiago,,geonames:3887344,CC-BY-4.0,gazetteer_reference,Approximate gazetteer reference for the settlement; not a municipal-building survey.,nasadem-hgt-v001:s32w072,2281,2989,,,
cl-municipality-04202,municipal_seat,Chile,CL,Coquimbo,04,Choapa,042,Canela,04202,Canela Baja,Chile:Coquimbo:Choapa:Canela:Canela Baja,-31.39842,-71.45691,285,EGM96,25.362,310.362,WGS84_ellipsoid_EGM96_conversion,radar_surface_estimate_2000,America/Santiago,Canela,geonames:3896946,CC-BY-4.0,gazetteer_reference,Approximate gazetteer reference for the settlement; not a municipal-building survey.,nasadem-hgt-v001:s32w072,1434,1955,,,
cl-municipality-04203,municipal_seat,Chile,CL,Coquimbo,04,Choapa,042,Los Vilos,04203,Los Vilos,Chile:Coquimbo:Choapa:Los Vilos:Los Vilos,-31.91292,-71.50045,36,EGM96,23.009,59.009,WGS84_ellipsoid_EGM96_conversion,radar_surface_estimate_2000,America/Santiago,,geonames:3881285,CC-BY-4.0,gazetteer_reference,Approximate gazetteer reference for the settlement; not a municipal-building survey.,nasadem-hgt-v001:s32w072,3287,1798,,,
cl-municipality-04204,municipal_seat,Chile,CL,Coquimbo,04,Choapa,042,Salamanca,04204,Salamanca,Chile:Coquimbo:Choapa:Salamanca:Salamanca,-31.77922,-70.96389,505,EGM96,30.586,535.586,WGS84_ellipsoid_EGM96_conversion,radar_surface_estimate_2000,America/Santiago,,geonames:3872594,CC-BY-4.0,gazetteer_reference,Approximate gazetteer reference for the settlement; not a municipal-building survey.,nasadem-hgt-v001:s32w071,2805,130,,,
cl-municipality-04301,municipal_seat,Chile,CL,Coquimbo,04,Limarí,043,Ovalle,04301,Ovalle,Chile:Coquimbo:Limarí:Ovalle:Ovalle,-30.60106,-71.19901,217,EGM96,29.497,246.497,WGS84_ellipsoid_EGM96_conversion,radar_surface_estimate_2000,America/Santiago,,geonames:3877918,CC-BY-4.0,gazetteer_reference,Approximate gazetteer reference for the settlement; not a municipal-building survey.,nasadem-hgt-v001:s31w072,2164,2884,,,
cl-municipality-04302,municipal_seat,Chile,CL,Coquimbo,04,Limarí,043,Combarbalá,04302,Combarbalá,Chile:Coquimbo:Limarí:Combarbalá:Combarbalá,-31.17863,-71.00304,884,EGM96,31.433,915.433,WGS84_ellipsoid_EGM96_conversion,radar_surface_estimate_2000,America/Santiago,,geonames:3893962,CC-BY-4.0,gazetteer_reference,Approximate gazetteer reference for the settlement; not a municipal-building survey.,nasadem-hgt-v001:s32w072,643,3589,,,
cl-municipality-04303,municipal_seat,Chile,CL,Coquimbo,04,Limarí,043,Monte Patria,04303,Monte Patria,Chile:Coquimbo:Limarí:Monte Patria:Monte Patria,-30.69496,-70.9577,425,EGM96,31.955,456.955,WGS84_ellipsoid_EGM96_conversion,radar_surface_estimate_2000,America/Santiago,,geonames:3879429,CC-BY-4.0,gazetteer_reference,Approximate gazetteer reference for the settlement; not a municipal-building survey.,nasadem-hgt-v001:s31w071,2502,152,,,
cl-municipality-04304,municipal_seat,Chile,CL,Coquimbo,04,Limarí,043,Punitaqui,04304,Punitaqui,Chile:Coquimbo:Limarí:Punitaqui:Punitaqui,-30.83448,-71.2586,211,EGM96,28.63,239.63,WGS84_ellipsoid_EGM96_conversion,radar_surface_estimate_2000,America/Santiago,,geonames:3874815,CC-BY-4.0,gazetteer_reference,Approximate gazetteer reference for the settlement; not a municipal-building survey.,nasadem-hgt-v001:s31w072,3004,2669,,,
cl-municipality-04305,municipal_seat,Chile,CL,Coquimbo,04,Limarí,043,Río Hurtado,04305,Samo Alto,Chile:Coquimbo:Limarí:Río Hurtado:Samo Alto,-30.40846,-70.93826,613,EGM96,32.731,645.731,WGS84_ellipsoid_EGM96_conversion,radar_surface_estimate_2000,America/Santiago,Río Hurtado,geonames:3872475,CC-BY-4.0,gazetteer_reference,Approximate gazetteer reference for the settlement; not a municipal-building survey.,nasadem-hgt-v001:s31w071,1470,222,,,
cl-municipality-05101,municipal_seat,Chile,CL,Valparaíso,05,Valparaíso,051,Valparaíso,05101,Valparaíso,Chile:Valparaíso:Valparaíso:Valparaíso:Valparaíso,-33.036,-71.62963,11,EGM96,20.782,31.782,WGS84_ellipsoid_EGM96_conversion,radar_surface_estimate_2000,America/Santiago,,geonames:3868626,CC-BY-4.0,gazetteer_reference,Approximate gazetteer reference for the settlement; not a municipal-building survey.,nasadem-hgt-v001:s34w072,130,1333,,,
cl-municipality-05102,municipal_seat,Chile,CL,Valparaíso,05,Valparaíso,051,Casablanca,05102,Casablanca,Chile:Valparaíso:Valparaíso:Casablanca:Casablanca,-33.31712,-71.40311,263,EGM96,23.853,286.853,WGS84_ellipsoid_EGM96_conversion,radar_surface_estimate_2000,America/Santiago,,geonames:3896410,CC-BY-4.0,gazetteer_reference,Approximate gazetteer reference for the settlement; not a municipal-building survey.,nasadem-hgt-v001:s34w072,1142,2149,,,
cl-municipality-05103,municipal_seat,Chile,CL,Valparaíso,05,Valparaíso,051,Concón,05103,Concón,Chile:Valparaíso:Valparaíso:Concón:Concón,-32.92203,-71.51619,50,EGM96,22.129,72.129,WGS84_ellipsoid_EGM96_conversion,radar_surface_estimate_2000,America/Santiago,,geonames:3893865,CC-BY-4.0,gazetteer_reference,Approximate gazetteer reference for the settlement; not a municipal-building survey.,nasadem-hgt-v001:s33w072,3319,1742,,,
cl-municipality-05104,municipal_seat,Chile,CL,Valparaíso,05,Valparaíso,051,Juan Fernández,05104,San Juan Bautista,Chile:Valparaíso:Valparaíso:Juan Fernández:San Juan Bautista,-33.63706,-78.83368,70,EGM96,10.71,80.71,WGS84_ellipsoid_EGM96_conversion,radar_surface_estimate_2000,America/Santiago,Juan Fernández,geonames:3873019,CC-BY-4.0,gazetteer_reference,Approximate gazetteer reference for the settlement; not a municipal-building survey.,nasadem-hgt-v001:s34w079,2293,599,,,
cl-municipality-05105,municipal_seat,Chile,CL,Valparaíso,05,Valparaíso,051,Puchuncaví,05105,Puchuncaví,Chile:Valparaíso:Valparaíso:Puchuncaví:Puchuncaví,-32.72575,-71.41514,28,EGM96,23.109,51.109,WGS84_ellipsoid_EGM96_conversion,radar_surface_estimate_2000,America/Santiago,,geonames:3875080,CC-BY-4.0,gazetteer_reference,Approximate gazetteer reference for the settlement; not a municipal-building survey.,nasadem-hgt-v001:s33w072,2613,2105,,,
cl-municipality-05107,municipal_seat,Chile,CL,Valparaíso,05,Valparaíso,051,Quintero,05107,Quintero,Chile:Valparaíso:Valparaíso:Quintero:Quintero,-32.78588,-71.53222,27,EGM96,21.707,48.707,WGS84_ellipsoid_EGM96_conversion,radar_surface_estimate_2000,America/Santiago,,geonames:3873983,CC-BY-4.0,gazetteer_reference,Approximate gazetteer reference for the settlement; not a municipal-building survey.,nasadem-hgt-v001:s33w072,2829,1684,,,
cl-municipality-05109,municipal_seat,Chile,CL,Valparaíso,05,Valparaíso,051,Viña del Mar,05109,Viña del Mar,Chile:Valparaíso:Valparaíso:Viña del Mar:Viña del Mar,-33.02457,-71.55183,12,EGM96,21.81,33.81,WGS84_ellipsoid_EGM96_conversion,radar_surface_estimate_2000,America/Santiago,,geonames:3868121,CC-BY-4.0,gazetteer_reference,Approximate gazetteer reference for the settlement; not a municipal-building survey.,nasadem-hgt-v001:s34w072,88,1613,,,
cl-municipality-05201,municipal_seat,Chile,CL,Valparaíso,05,Isla de Pascua,052,Isla de Pascua,05201,Hanga Roa,Chile:Valparaíso:Isla de Pascua:Isla de Pascua:Hanga Roa,-27.15253,-109.42438,41,EGM96,-5.079,35.921,WGS84_ellipsoid_EGM96_conversion,radar_surface_estimate_2000,Pacific/Easter,Isla de Pascua,geonames:4030754,CC-BY-4.0,gazetteer_reference,Approximate gazetteer reference for the settlement; not a municipal-building survey.,nasadem-hgt-v001:s28w110,549,2072,,,
cl-municipality-05301,municipal_seat,Chile,CL,Valparaíso,05,Los Andes,053,Los Andes,05301,Los Andes,Chile:Valparaíso:Los Andes:Los Andes:Los Andes,-32.83369,-70.59827,827,EGM96,29.063,856.063,WGS84_ellipsoid_EGM96_conversion,radar_surface_estimate_2000,America/Santiago,,geonames:3882434,CC-BY-4.0,gazetteer_reference,"Municipal-seat name correction or gazetteer-name crosswalk; approximate settlement reference, not municipal building.",nasadem-hgt-v001:s33w071,3001,1446,,,
cl-municipality-05302,municipal_seat,Chile,CL,Valparaíso,05,Los Andes,053,Calle Larga,05302,Calle Larga,Chile:Valparaíso:Los Andes:Calle Larga:Calle Larga,-32.85473,-70.62595,781,EGM96,28.813,809.813,WGS84_ellipsoid_EGM96_conversion,radar_surface_estimate_2000,America/Santiago,,geonames:3897243,CC-BY-4.0,gazetteer_reference,Approximate gazetteer reference for the settlement; not a municipal-building survey.,nasadem-hgt-v001:s33w071,3077,1347,,,
cl-municipality-05303,municipal_seat,Chile,CL,Valparaíso,05,Los Andes,053,Rinconada,05303,Rinconada de Los Andes,Chile:Valparaíso:Los Andes:Rinconada:Rinconada de Los Andes,-32.83316,-70.68841,717,EGM96,28.507,745.507,WGS84_ellipsoid_EGM96_conversion,radar_surface_estimate_2000,America/Santiago,Rinconada,geonames:3873249,CC-BY-4.0,gazetteer_reference,"Municipal-seat name correction or gazetteer-name crosswalk; approximate settlement reference, not municipal building.",nasadem-hgt-v001:s33w071,2999,1122,,,
cl-municipality-05304,municipal_seat,Chile,CL,Valparaíso,05,Los Andes,053,San Esteban,05304,San Esteban,Chile:Valparaíso:Los Andes:San Esteban:San Esteban,-32.79871,-70.5807,835,EGM96,29.3,864.3,WGS84_ellipsoid_EGM96_conversion,radar_surface_estimate_2000,America/Santiago,,geonames:3872264,CC-BY-4.0,gazetteer_reference,Approximate gazetteer reference for the settlement; not a municipal-building survey.,nasadem-hgt-v001:s33w071,2875,1509,,,
cl-municipality-05401,municipal_seat,Chile,CL,Valparaíso,05,Petorca,054,La Ligua,05401,La Ligua,Chile:Valparaíso:Petorca:La Ligua:La Ligua,-32.443342,-71.230289,44,EGM96,25.66,52.0,legacy_wenu_unspecified,radar_surface_estimate_2000,America/Santiago,,legacy-wenu:216764ac:LOCATIONS,Wenu project licence; historical coordinate provenance unspecified,legacy_reference,Existing Wenu reference point preserved exactly; not a new survey.,nasadem-hgt-v001:s33w072,1596,2771,,,
cl-municipality-05402,municipal_seat,Chile,CL,Valparaíso,05,Petorca,054,Cabildo,05402,Cabildo,Chile:Valparaíso:Petorca:Cabildo:Cabildo,-32.43134,-71.07167,192,EGM96,27.278,219.278,WGS84_ellipsoid_EGM96_conversion,radar_surface_estimate_2000,America/Santiago,,geonames:3897595,CC-BY-4.0,gazetteer_reference,Approximate gazetteer reference for the settlement; not a municipal-building survey.,nasadem-hgt-v001:s33w072,1553,3342,,,
cl-municipality-05403,municipal_seat,Chile,CL,Valparaíso,05,Petorca,054,Papudo,05403,Papudo,Chile:Valparaíso:Petorca:Papudo:Papudo,-32.5078,-71.4411,21,EGM96,22.925,15.0,legacy_wenu_unspecified,radar_surface_estimate_2000,America/Santiago,,legacy-wenu:216764ac:LOCATIONS,Wenu project licence; historical coordinate provenance unspecified,legacy_reference,Existing Wenu reference point preserved exactly; not a new survey.,nasadem-hgt-v001:s33w072,1828,2012,,,
cl-municipality-05404,municipal_seat,Chile,CL,Valparaíso,05,Petorca,054,Petorca,05404,Petorca,Chile:Valparaíso:Petorca:Petorca:Petorca,-32.25231,-70.93478,496,EGM96,29.18,525.18,WGS84_ellipsoid_EGM96_conversion,radar_surface_estimate_2000,America/Santiago,,geonames:3876416,CC-BY-4.0,gazetteer_reference,Approximate gazetteer reference for the settlement; not a municipal-building survey.,nasadem-hgt-v001:s33w071,908,235,,,
cl-municipality-05405,municipal_seat,Chile,CL,Valparaíso,05,Petorca,054,Zapallar,05405,Zapallar,Chile:Valparaíso:Petorca:Zapallar:Zapallar,-32.5539,-71.4577,51,EGM96,22.696,73.696,WGS84_ellipsoid_EGM96_conversion,radar_surface_estimate_2000,America/Santiago,,geonames:3867553,CC-BY-4.0,gazetteer_reference,Approximate gazetteer reference for the settlement; not a municipal-building survey.,nasadem-hgt-v001:s33w072,1994,1952,,,
cl-municipality-05501,municipal_seat,Chile,CL,Valparaíso,05,Quillota,055,Quillota,05501,Quillota,Chile:Valparaíso:Quillota:Quillota:Quillota,-32.88341,-71.24882,122,EGM96,24.862,146.862,WGS84_ellipsoid_EGM96_conversion,radar_surface_estimate_2000,America/Santiago,,geonames:3874119,CC-BY-4.0,gazetteer_reference,Approximate gazetteer reference for the settlement; not a municipal-building survey.,nasadem-hgt-v001:s33w072,3180,2704,,,
cl-municipality-05502,municipal_seat,Chile,CL,Valparaíso,05,Quillota,055,Calera,05502,La Calera,Chile:Valparaíso:Quillota:Calera:La Calera,-32.78676,-71.19795,209,EGM96,25.314,234.314,WGS84_ellipsoid_EGM96_conversion,radar_surface_estimate_2000,America/Santiago,Calera,geonames:3886405,CC-BY-4.0,gazetteer_reference,Approximate gazetteer reference for the settlement; not a municipal-building survey.,nasadem-hgt-v001:s33w072,2832,2887,,,
cl-municipality-05503,municipal_seat,Chile,CL,Valparaíso,05,Quillota,055,Hijuelas,05503,Hijuelas,Chile:Valparaíso:Quillota:Hijuelas:Hijuelas,-32.79828,-71.14635,253,EGM96,25.682,278.682,WGS84_ellipsoid_EGM96_conversion,radar_surface_estimate_2000,America/Santiago,,geonames:3888011,CC-BY-4.0,gazetteer_reference,Approximate gazetteer reference for the settlement; not a municipal-building survey.,nasadem-hgt-v001:s33w072,2874,3073,,,
cl-municipality-05504,municipal_seat,Chile,CL,Valparaíso,05,Quillota,055,La Cruz,05504,La Cruz,Chile:Valparaíso:Quillota:La Cruz:La Cruz,-32.82748,-71.22634,172,EGM96,25.064,197.064,WGS84_ellipsoid_EGM96_conversion,radar_surface_estimate_2000,America/Santiago,,geonames:3886176,CC-BY-4.0,gazetteer_reference,Approximate gazetteer reference for the settlement; not a municipal-building survey.,nasadem-hgt-v001:s33w072,2979,2785,,,
cl-municipality-05506,municipal_seat,Chile,CL,Valparaíso,05,Quillota,055,Nogales,05506,Nogales,Chile:Valparaíso:Quillota:Nogales:Nogales,-32.73689,-71.20111,220,EGM96,25.357,245.357,WGS84_ellipsoid_EGM96_conversion,radar_surface_estimate_2000,America/Santiago,Los Nogales,geonames:3881682,CC-BY-4.0,gazetteer_reference,Approximate gazetteer reference for the settlement; not a municipal-building survey.,nasadem-hgt-v001:s33w072,2653,2876,,,
cl-municipality-05601,municipal_seat,Chile,CL,Valparaíso,05,San Antonio,056,San Antonio,05601,San Antonio,Chile:Valparaíso:San Antonio:San Antonio:San Antonio,-33.59473,-71.60746,34,EGM96,22.789,56.789,WGS84_ellipsoid_EGM96_conversion,radar_surface_estimate_2000,America/Santiago,,geonames:3872395,CC-BY-4.0,gazetteer_reference,Approximate gazetteer reference for the settlement; not a municipal-building survey.,nasadem-hgt-v001:s34w072,2141,1413,,,
cl-municipality-05602,municipal_seat,Chile,CL,Valparaíso,05,San Antonio,056,Algarrobo,05602,Algarrobo,Chile:Valparaíso:San Antonio:Algarrobo:Algarrobo,-33.36952,-71.67654,39,EGM96,21.376,60.376,WGS84_ellipsoid_EGM96_conversion,radar_surface_estimate_2000,America/Santiago,,geonames:3900138,CC-BY-4.0,gazetteer_reference,Approximate gazetteer reference for the settlement; not a municipal-building survey.,nasadem-hgt-v001:s34w072,1330,1164,,,
cl-municipality-05603,municipal_seat,Chile,CL,Valparaíso,05,San Antonio,056,Cartagena,05603,Cartagena,Chile:Valparaíso:San Antonio:Cartagena:Cartagena,-33.55384,-71.60761,73,EGM96,22.703,95.703,WGS84_ellipsoid_EGM96_conversion,radar_surface_estimate_2000,America/Santiago,,geonames:3896433,CC-BY-4.0,gazetteer_reference,Approximate gazetteer reference for the settlement; not a municipal-building survey.,nasadem-hgt-v001:s34w072,1994,1413,,,
cl-municipality-05604,municipal_seat,Chile,CL,Valparaíso,05,San Antonio,056,El Quisco,05604,El Quisco,Chile:Valparaíso:San Antonio:El Quisco:El Quisco,-33.39772,-71.69388,40,EGM96,21.29,61.29,WGS84_ellipsoid_EGM96_conversion,radar_surface_estimate_2000,America/Santiago,,geonames:3890596,CC-BY-4.0,gazetteer_reference,Approximate gazetteer reference for the settlement; not a municipal-building survey.,nasadem-hgt-v001:s34w072,1432,1102,,,
cl-municipality-05605,municipal_seat,Chile,CL,Valparaíso,05,San Antonio,056,El Tabo,05605,El Tabo,Chile:Valparaíso:San Antonio:El Tabo:El Tabo,-33.45548,-71.66683,25,EGM96,21.809,46.809,WGS84_ellipsoid_EGM96_conversion,radar_surface_estimate_2000,America/Santiago,,geonames:3890338,CC-BY-4.0,gazetteer_reference,Approximate gazetteer reference for the settlement; not a municipal-building survey.,nasadem-hgt-v001:s34w072,1640,1199,,,
cl-municipality-05606,municipal_seat,Chile,CL,Valparaíso,05,San Antonio,056,Santo Domingo,05606,Rocas de Santo Domingo,Chile:Valparaíso:San Antonio:Santo Domingo:Rocas de Santo Domingo,-33.63615,-71.62723,80,EGM96,22.693,102.693,WGS84_ellipsoid_EGM96_conversion,radar_surface_estimate_2000,America/Santiago,Santo Domingo,geonames:3872988,CC-BY-4.0,gazetteer_reference,Approximate gazetteer reference for the settlement; not a municipal-building survey.,nasadem-hgt-v001:s34w072,2290,1342,,,
cl-municipality-05701,municipal_seat,Chile,CL,Valparaíso,05,San Felipe de Aconcagua,057,San Felipe,05701,San Felipe,Chile:Valparaíso:San Felipe de Aconcagua:San Felipe:San Felipe,-32.74976,-70.72584,645,EGM96,28.598,673.598,WGS84_ellipsoid_EGM96_conversion,radar_surface_estimate_2000,America/Santiago,,geonames:3872255,CC-BY-4.0,gazetteer_reference,Approximate gazetteer reference for the settlement; not a municipal-building survey.,nasadem-hgt-v001:s33w071,2699,987,,,
cl-municipality-05702,municipal_seat,Chile,CL,Valparaíso,05,San Felipe de Aconcagua,057,Catemu,05702,Catemu,Chile:Valparaíso:San Felipe de Aconcagua:Catemu:Catemu,-32.77721,-70.96653,413,EGM96,27.027,440.027,WGS84_ellipsoid_EGM96_conversion,radar_surface_estimate_2000,America/Santiago,,geonames:3868188,CC-BY-4.0,gazetteer_reference,Approximate gazetteer reference for the settlement; not a municipal-building survey.,nasadem-hgt-v001:s33w071,2798,120,,,
cl-municipality-05703,municipal_seat,Chile,CL,Valparaíso,05,San Felipe de Aconcagua,057,Llaillay,05703,Llaillay,Chile:Valparaíso:San Felipe de Aconcagua:Llaillay:Llaillay,-32.84043,-70.95623,388,EGM96,26.901,414.901,WGS84_ellipsoid_EGM96_conversion,radar_surface_estimate_2000,America/Santiago,,geonames:3883035,CC-BY-4.0,gazetteer_reference,Approximate gazetteer reference for the settlement; not a municipal-building survey.,nasadem-hgt-v001:s33w071,3026,158,,,
cl-municipality-05704,municipal_seat,Chile,CL,Valparaíso,05,San Felipe de Aconcagua,057,Panquehue,05704,Panquehue,Chile:Valparaíso:San Felipe de Aconcagua:Panquehue:Panquehue,-32.77143,-70.83614,524,EGM96,27.84,551.84,WGS84_ellipsoid_EGM96_conversion,radar_surface_estimate_2000,America/Santiago,,geonames:3877310,CC-BY-4.0,gazetteer_reference,Approximate gazetteer reference for the settlement; not a municipal-building survey.,nasadem-hgt-v001:s33w071,2777,590,,,
cl-municipality-05705,municipal_seat,Chile,CL,Valparaíso,05,San Felipe de Aconcagua,057,Putaendo,05705,Putaendo,Chile:Valparaíso:San Felipe de Aconcagua:Putaendo:Putaendo,-32.62642,-70.7184,817,EGM96,29.202,846.202,WGS84_ellipsoid_EGM96_conversion,radar_surface_estimate_2000,America/Santiago,,geonames:3874570,CC-BY-4.0,gazetteer_reference,Approximate gazetteer reference for the settlement; not a municipal-building survey.,nasadem-hgt-v001:s33w071,2255,1014,,,
cl-municipality-05706,municipal_seat,Chile,CL,Valparaíso,05,San Felipe de Aconcagua,057,Santa María,05706,Santa María,Chile:Valparaíso:San Felipe de Aconcagua:Santa María:Santa María,-32.74732,-70.65666,708,EGM96,29.029,737.029,WGS84_ellipsoid_EGM96_conversion,radar_surface_estimate_2000,America/Santiago,Santa Maria;Santa María,geonames:3871476,CC-BY-4.0,gazetteer_reference,Approximate gazetteer reference for the settlement; not a municipal-building survey.,nasadem-hgt-v001:s33w071,2690,1236,,,
cl-municipality-05801,municipal_seat,Chile,CL,Valparaíso,05,Marga Marga,058,Quilpué,05801,Quilpué,Chile:Valparaíso:Marga Marga:Quilpué:Quilpué,-33.04752,-71.44249,106,EGM96,23.084,129.084,WGS84_ellipsoid_EGM96_conversion,radar_surface_estimate_2000,America/Santiago,,geonames:3874096,CC-BY-4.0,gazetteer_reference,Approximate gazetteer reference for the settlement; not a municipal-building survey.,nasadem-hgt-v001:s34w072,171,2007,,,
cl-municipality-05802,municipal_seat,Chile,CL,Valparaíso,05,Marga Marga,058,Limache,05802,Limache,Chile:Valparaíso:Marga Marga:Limache:Limache,-33.01327,-71.26084,101,EGM96,24.672,125.672,WGS84_ellipsoid_EGM96_conversion,radar_surface_estimate_2000,America/Santiago,,geonames:3883214,CC-BY-4.0,gazetteer_reference,Approximate gazetteer reference for the settlement; not a municipal-building survey.,nasadem-hgt-v001:s34w072,48,2661,,,
cl-municipality-05803,municipal_seat,Chile,CL,Valparaíso,05,Marga Marga,058,Olmué,05803,Olmué,Chile:Valparaíso:Marga Marga:Olmué:Olmué,-32.99577,-71.19136,147,EGM96,25.111,172.111,WGS84_ellipsoid_EGM96_conversion,radar_surface_estimate_2000,America/Santiago,,geonames:3878075,CC-BY-4.0,gazetteer_reference,Approximate gazetteer reference for the settlement; not a municipal-building survey.,nasadem-hgt-v001:s33w072,3585,2911,,,
cl-municipality-05804,municipal_seat,Chile,CL,Valparaíso,05,Marga Marga,058,Villa Alemana,05804,Villa Alemana,Chile:Valparaíso:Marga Marga:Villa Alemana:Villa Alemana,-33.04823,-71.3729,155,EGM96,23.696,178.696,WGS84_ellipsoid_EGM96_conversion,radar_surface_estimate_2000,America/Santiago,,geonames:3868192,CC-BY-4.0,gazetteer_reference,Approximate gazetteer reference for the settlement; not a municipal-building survey.,nasadem-hgt-v001:s34w072,174,2258,,,
cl-municipality-06101,municipal_seat,Chile,CL,Libertador General Bernardo O'Higgins,06,Cachapoal,061,Rancagua,06101,Rancagua,Chile:Libertador General Bernardo O'Higgins:Cachapoal:Rancagua:Rancagua,-34.1691,-70.74053,504,EGM96,27.686,531.686,WGS84_ellipsoid_EGM96_conversion,radar_surface_estimate_2000,America/Santiago,,geonames:3873775,CC-BY-4.0,gazetteer_reference,Approximate gazetteer reference for the settlement; not a municipal-building survey.,nasadem-hgt-v001:s35w071,609,934,,,
cl-municipality-06102,municipal_seat,Chile,CL,Libertador General Bernardo O'Higgins,06,Cachapoal,061,Codegua,06102,Codegua,Chile:Libertador General Bernardo O'Higgins:Cachapoal:Codegua:Codegua,-34.03563,-70.66876,538,EGM96,27.976,565.976,WGS84_ellipsoid_EGM96_conversion,radar_surface_estimate_2000,America/Santiago,,geonames:3894464,CC-BY-4.0,gazetteer_reference,Approximate gazetteer reference for the settlement; not a municipal-building survey.,nasadem-hgt-v001:s35w071,128,1192,,,
cl-municipality-06103,municipal_seat,Chile,CL,Libertador General Bernardo O'Higgins,06,Cachapoal,061,Coinco,06103,Coinco,Chile:Libertador General Bernardo O'Higgins:Cachapoal:Coinco:Coinco,-34.26688,-70.94835,333,EGM96,25.769,358.769,WGS84_ellipsoid_EGM96_conversion,radar_surface_estimate_2000,America/Santiago,,geonames:3894375,CC-BY-4.0,gazetteer_reference,Approximate gazetteer reference for the settlement; not a municipal-building survey.,nasadem-hgt-v001:s35w071,961,186,,,
cl-municipality-06104,municipal_seat,Chile,CL,Libertador General Bernardo O'Higgins,06,Cachapoal,061,Coltauco,06104,Coltauco,Chile:Libertador General Bernardo O'Higgins:Cachapoal:Coltauco:Coltauco,-34.28846,-71.08374,261,EGM96,24.781,285.781,WGS84_ellipsoid_EGM96_conversion,radar_surface_estimate_2000,America/Santiago,,geonames:3893999,CC-BY-4.0,gazetteer_reference,Approximate gazetteer reference for the settlement; not a municipal-building survey.,nasadem-hgt-v001:s35w072,1038,3299,,,
cl-municipality-06105,municipal_seat,Chile,CL,Libertador General Bernardo O'Higgins,06,Cachapoal,061,Doñihue,06105,Doñihue,Chile:Libertador General Bernardo O'Higgins:Cachapoal:Doñihue:Doñihue,-34.22631,-70.96479,340,EGM96,25.556,365.556,WGS84_ellipsoid_EGM96_conversion,radar_surface_estimate_2000,America/Santiago,,geonames:3892272,CC-BY-4.0,gazetteer_reference,Approximate gazetteer reference for the settlement; not a municipal-building survey.,nasadem-hgt-v001:s35w071,815,127,,,
cl-municipality-06106,municipal_seat,Chile,CL,Libertador General Bernardo O'Higgins,06,Cachapoal,061,Graneros,06106,Graneros,Chile:Libertador General Bernardo O'Higgins:Cachapoal:Graneros:Graneros,-34.06863,-70.72747,474,EGM96,27.442,501.442,WGS84_ellipsoid_EGM96_conversion,radar_surface_estimate_2000,America/Santiago,,geonames:3888749,CC-BY-4.0,gazetteer_reference,Approximate gazetteer reference for the settlement; not a municipal-building survey.,nasadem-hgt-v001:s35w071,247,981,,,
cl-municipality-06107,municipal_seat,Chile,CL,Libertador General Bernardo O'Higgins,06,Cachapoal,061,Las Cabras,06107,Las Cabras,Chile:Libertador General Bernardo O'Higgins:Cachapoal:Las Cabras:Las Cabras,-34.29027,-71.30616,133,EGM96,23.802,156.802,WGS84_ellipsoid_EGM96_conversion,radar_surface_estimate_2000,America/Santiago,,geonames:3884580,CC-BY-4.0,gazetteer_reference,Approximate gazetteer reference for the settlement; not a municipal-building survey.,nasadem-hgt-v001:s35w072,1045,2498,,,
cl-municipality-06108,municipal_seat,Chile,CL,Libertador General Bernardo O'Higgins,06,Cachapoal,061,Machalí,06108,Machalí,Chile:Libertador General Bernardo O'Higgins:Cachapoal:Machalí:Machalí,-34.18082,-70.64933,559,EGM96,28.888,587.888,WGS84_ellipsoid_EGM96_conversion,radar_surface_estimate_2000,America/Santiago,,geonames:3881102,CC-BY-4.0,gazetteer_reference,Approximate gazetteer reference for the settlement; not a municipal-building survey.,nasadem-hgt-v001:s35w071,651,1262,,,
cl-municipality-06109,municipal_seat,Chile,CL,Libertador General Bernardo O'Higgins,06,Cachapoal,061,Malloa,06109,Malloa,Chile:Libertador General Bernardo O'Higgins:Cachapoal:Malloa:Malloa,-34.43975,-70.94183,260,EGM96,25.925,285.925,WGS84_ellipsoid_EGM96_conversion,radar_surface_estimate_2000,America/Santiago,Rinconada de Malloa,geonames:3880827,CC-BY-4.0,gazetteer_reference,Approximate gazetteer reference for the settlement; not a municipal-building survey.,nasadem-hgt-v001:s35w071,1583,209,,,
cl-municipality-06110,municipal_seat,Chile,CL,Libertador General Bernardo O'Higgins,06,Cachapoal,061,Mostazal,06110,San Francisco de Mostazal,Chile:Libertador General Bernardo O'Higgins:Cachapoal:Mostazal:San Francisco de Mostazal,-33.98219,-70.7104,470,EGM96,27.293,497.293,WGS84_ellipsoid_EGM96_conversion,radar_surface_estimate_2000,America/Santiago,Mostazal,geonames:3872205,CC-BY-4.0,gazetteer_reference,Approximate gazetteer reference for the settlement; not a municipal-building survey.,nasadem-hgt-v001:s34w071,3536,1043,,,
cl-municipality-06111,municipal_seat,Chile,CL,Libertador General Bernardo O'Higgins,06,Cachapoal,061,Olivar,06111,Olivar Alto,Chile:Libertador General Bernardo O'Higgins:Cachapoal:Olivar:Olivar Alto,-34.20968,-70.81944,457,EGM96,27.016,484.016,WGS84_ellipsoid_EGM96_conversion,radar_surface_estimate_2000,America/Santiago,Olivar,geonames:3878101,CC-BY-4.0,gazetteer_reference,Approximate gazetteer reference for the settlement; not a municipal-building survey.,nasadem-hgt-v001:s35w071,755,650,,,
cl-municipality-06112,municipal_seat,Chile,CL,Libertador General Bernardo O'Higgins,06,Cachapoal,061,Peumo,06112,Peumo,Chile:Libertador General Bernardo O'Higgins:Cachapoal:Peumo:Peumo,-34.38689,-71.17559,171,EGM96,24.197,195.197,WGS84_ellipsoid_EGM96_conversion,radar_surface_estimate_2000,America/Santiago,,geonames:3876383,CC-BY-4.0,gazetteer_reference,Approximate gazetteer reference for the settlement; not a municipal-building survey.,nasadem-hgt-v001:s35w072,1393,2968,,,
cl-municipality-06113,municipal_seat,Chile,CL,Libertador General Bernardo O'Higgins,06,Cachapoal,061,Pichidegua,06113,Pichidegua,Chile:Libertador General Bernardo O'Higgins:Cachapoal:Pichidegua:Pichidegua,-34.35497,-71.28826,147,EGM96,23.729,170.729,WGS84_ellipsoid_EGM96_conversion,radar_surface_estimate_2000,America/Santiago,,geonames:3876272,CC-BY-4.0,gazetteer_reference,Approximate gazetteer reference for the settlement; not a municipal-building survey.,nasadem-hgt-v001:s35w072,1278,2562,,,
cl-municipality-06114,municipal_seat,Chile,CL,Libertador General Bernardo O'Higgins,06,Cachapoal,061,Quinta de Tilcoco,06114,Quinta de Tilcoco,Chile:Libertador General Bernardo O'Higgins:Cachapoal:Quinta de Tilcoco:Quinta de Tilcoco,-34.3555,-70.96527,278,EGM96,25.616,303.616,WGS84_ellipsoid_EGM96_conversion,radar_surface_estimate_2000,America/Santiago,,geonames:3873999,CC-BY-4.0,gazetteer_reference,Approximate gazetteer reference for the settlement; not a municipal-building survey.,nasadem-hgt-v001:s35w071,1280,125,,,
cl-municipality-06115,municipal_seat,Chile,CL,Libertador General Bernardo O'Higgins,06,Cachapoal,061,Rengo,06115,Rengo,Chile:Libertador General Bernardo O'Higgins:Cachapoal:Rengo:Rengo,-34.40639,-70.85834,319,EGM96,26.886,345.886,WGS84_ellipsoid_EGM96_conversion,radar_surface_estimate_2000,America/Santiago,,geonames:3873441,CC-BY-4.0,gazetteer_reference,Approximate gazetteer reference for the settlement; not a municipal-building survey.,nasadem-hgt-v001:s35w071,1463,510,,,
cl-municipality-06116,municipal_seat,Chile,CL,Libertador General Bernardo O'Higgins,06,Cachapoal,061,Requínoa,06116,Requínoa,Chile:Libertador General Bernardo O'Higgins:Cachapoal:Requínoa:Requínoa,-34.28557,-70.81683,414,EGM96,27.212,441.212,WGS84_ellipsoid_EGM96_conversion,radar_surface_estimate_2000,America/Santiago,,geonames:3873414,CC-BY-4.0,gazetteer_reference,Approximate gazetteer reference for the settlement; not a municipal-building survey.,nasadem-hgt-v001:s35w071,1028,659,,,
cl-municipality-06117,municipal_seat,Chile,CL,Libertador General Bernardo O'Higgins,06,Cachapoal,061,San Vicente,06117,San Vicente de Tagua Tagua,Chile:Libertador General Bernardo O'Higgins:Cachapoal:San Vicente:San Vicente de Tagua Tagua,-34.43859,-71.07751,207,EGM96,24.749,231.749,WGS84_ellipsoid_EGM96_conversion,radar_surface_estimate_2000,America/Santiago,San Vicente,geonames:3871276,CC-BY-4.0,gazetteer_reference,Approximate gazetteer reference for the settlement; not a municipal-building survey.,nasadem-hgt-v001:s35w072,1579,3321,,,
cl-municipality-06201,municipal_seat,Chile,CL,Libertador General Bernardo O'Higgins,06,Cardenal Caro,062,Pichilemu,06201,Pichilemu,Chile:Libertador General Bernardo O'Higgins:Cardenal Caro:Pichilemu:Pichilemu,-34.38333,-72.0,0,EGM96,20.026,20.026,WGS84_ellipsoid_EGM96_conversion,radar_surface_estimate_2000,America/Santiago,,geonames:3876256,CC-BY-4.0,gazetteer_reference,Approximate gazetteer reference for the settlement; not a municipal-building survey.,nasadem-hgt-v001:s35w072,1380,0,,,
cl-municipality-06202,municipal_seat,Chile,CL,Libertador General Bernardo O'Higgins,06,Cardenal Caro,062,La Estrella,06202,La Estrella,Chile:Libertador General Bernardo O'Higgins:Cardenal Caro:La Estrella:La Estrella,-34.20649,-71.65417,205,EGM96,22.812,227.812,WGS84_ellipsoid_EGM96_conversion,radar_surface_estimate_2000,America/Santiago,,geonames:3885974,CC-BY-4.0,gazetteer_reference,Approximate gazetteer reference for the settlement; not a municipal-building survey.,nasadem-hgt-v001:s35w072,743,1245,,,
cl-municipality-06203,municipal_seat,Chile,CL,Libertador General Bernardo O'Higgins,06,Cardenal Caro,062,Litueche,06203,Litueche,Chile:Libertador General Bernardo O'Higgins:Cardenal Caro:Litueche:Litueche,-34.11747,-71.72646,245,EGM96,22.47,267.47,WGS84_ellipsoid_EGM96_conversion,radar_surface_estimate_2000,America/Santiago,,geonames:12525023,CC-BY-4.0,gazetteer_reference,Approximate gazetteer reference for the settlement; not a municipal-building survey.,nasadem-hgt-v001:s35w072,423,985,,,
cl-municipality-06204,municipal_seat,Chile,CL,Libertador General Bernardo O'Higgins,06,Cardenal Caro,062,Marchihue,06204,Marchihue,Chile:Libertador General Bernardo O'Higgins:Cardenal Caro:Marchihue:Marchihue,-34.39754,-71.61938,137,EGM96,22.721,159.721,WGS84_ellipsoid_EGM96_conversion,radar_surface_estimate_2000,America/Santiago,,geonames:3880534,CC-BY-4.0,gazetteer_reference,Approximate gazetteer reference for the settlement; not a municipal-building survey.,nasadem-hgt-v001:s35w072,1431,1370,,,
cl-municipality-06205,municipal_seat,Chile,CL,Libertador General Bernardo O'Higgins,06,Cardenal Caro,062,Navidad,06205,Navidad,Chile:Libertador General Bernardo O'Higgins:Cardenal Caro:Navidad:Navidad,-33.95528,-71.83182,26,EGM96,21.195,47.195,WGS84_ellipsoid_EGM96_conversion,radar_surface_estimate_2000,America/Santiago,,geonames:3878979,CC-BY-4.0,gazetteer_reference,Approximate gazetteer reference for the settlement; not a municipal-building survey.,nasadem-hgt-v001:s34w072,3439,605,,,
cl-municipality-06206,municipal_seat,Chile,CL,Libertador General Bernardo O'Higgins,06,Cardenal Caro,062,Paredones,06206,Paredones,Chile:Libertador General Bernardo O'Higgins:Cardenal Caro:Paredones:Paredones,-34.64808,-71.89922,54,EGM96,21.038,75.038,WGS84_ellipsoid_EGM96_conversion,radar_surface_estimate_2000,America/Santiago,,geonames:3877187,CC-BY-4.0,gazetteer_reference,Approximate gazetteer reference for the settlement; not a municipal-building survey.,nasadem-hgt-v001:s35w072,2333,363,,,
cl-municipality-06301,municipal_seat,Chile,CL,Libertador General Bernardo O'Higgins,06,Colchagua,063,San Fernando,06301,San Fernando,Chile:Libertador General Bernardo O'Higgins:Colchagua:San Fernando:San Fernando,-34.58121,-70.98953,330,EGM96,25.298,355.298,WGS84_ellipsoid_EGM96_conversion,radar_surface_estimate_2000,America/Santiago,,geonames:7576314,CC-BY-4.0,gazetteer_reference,Approximate gazetteer reference for the settlement; not a municipal-building survey.,nasadem-hgt-v001:s35w071,2092,38,,,
cl-municipality-06302,municipal_seat,Chile,CL,Libertador General Bernardo O'Higgins,06,Colchagua,063,Chépica,06302,Chépica,Chile:Libertador General Bernardo O'Higgins:Colchagua:Chépica:Chépica,-34.72731,-71.27292,195,EGM96,23.165,218.165,WGS84_ellipsoid_EGM96_conversion,radar_surface_estimate_2000,America/Santiago,,geonames:3895262,CC-BY-4.0,gazetteer_reference,Approximate gazetteer reference for the settlement; not a municipal-building survey.,nasadem-hgt-v001:s35w072,2618,2617,,,
cl-municipality-06303,municipal_seat,Chile,CL,Libertador General Bernardo O'Higgins,06,Colchagua,063,Chimbarongo,06303,Chimbarongo,Chile:Libertador General Bernardo O'Higgins:Colchagua:Chimbarongo:Chimbarongo,-34.71247,-71.0434,302,EGM96,24.746,326.746,WGS84_ellipsoid_EGM96_conversion,radar_surface_estimate_2000,America/Santiago,,geonames:3895061,CC-BY-4.0,gazetteer_reference,Approximate gazetteer reference for the settlement; not a municipal-building survey.,nasadem-hgt-v001:s35w072,2565,3444,,,
cl-municipality-06304,municipal_seat,Chile,CL,Libertador General Bernardo O'Higgins,06,Colchagua,063,Lolol,06304,Lolol,Chile:Libertador General Bernardo O'Higgins:Colchagua:Lolol:Lolol,-34.72825,-71.6455,109,EGM96,22.15,131.15,WGS84_ellipsoid_EGM96_conversion,radar_surface_estimate_2000,America/Santiago,,geonames:3882654,CC-BY-4.0,gazetteer_reference,Approximate gazetteer reference for the settlement; not a municipal-building survey.,nasadem-hgt-v001:s35w072,2622,1276,,,
cl-municipality-06305,municipal_seat,Chile,CL,Libertador General Bernardo O'Higgins,06,Colchagua,063,Nancagua,06305,Nancagua,Chile:Libertador General Bernardo O'Higgins:Colchagua:Nancagua:Nancagua,-34.65187,-71.19724,212,EGM96,23.718,235.718,WGS84_ellipsoid_EGM96_conversion,radar_surface_estimate_2000,America/Santiago,,geonames:3879062,CC-BY-4.0,gazetteer_reference,Approximate gazetteer reference for the settlement; not a municipal-building survey.,nasadem-hgt-v001:s35w072,2347,2890,,,
cl-municipality-06306,municipal_seat,Chile,CL,Libertador General Bernardo O'Higgins,06,Colchagua,063,Palmilla,06306,Palmilla,Chile:Libertador General Bernardo O'Higgins:Colchagua:Palmilla:Palmilla,-34.59258,-71.36368,157,EGM96,23.136,180.136,WGS84_ellipsoid_EGM96_conversion,radar_surface_estimate_2000,America/Santiago,,geonames:3877599,CC-BY-4.0,gazetteer_reference,Approximate gazetteer reference for the settlement; not a municipal-building survey.,nasadem-hgt-v001:s35w072,2133,2291,,,
cl-municipality-06307,municipal_seat,Chile,CL,Libertador General Bernardo O'Higgins,06,Colchagua,063,Peralillo,06307,Peralillo,Chile:Libertador General Bernardo O'Higgins:Colchagua:Peralillo:Peralillo,-34.47804,-71.48043,129,EGM96,23.051,152.051,WGS84_ellipsoid_EGM96_conversion,radar_surface_estimate_2000,America/Santiago,,geonames:3876556,CC-BY-4.0,gazetteer_reference,Approximate gazetteer reference for the settlement; not a municipal-building survey.,nasadem-hgt-v001:s35w072,1721,1870,,,
cl-municipality-06308,municipal_seat,Chile,CL,Libertador General Bernardo O'Higgins,06,Colchagua,063,Placilla,06308,Placilla,Chile:Libertador General Bernardo O'Higgins:Colchagua:Placilla:Placilla,-34.63426,-71.11029,249,EGM96,24.352,273.352,WGS84_ellipsoid_EGM96_conversion,radar_surface_estimate_2000,America/Santiago,,geonames:3875690,CC-BY-4.0,gazetteer_reference,Approximate gazetteer reference for the settlement; not a municipal-building survey.,nasadem-hgt-v001:s35w072,2283,3203,,,
cl-municipality-06309,municipal_seat,Chile,CL,Libertador General Bernardo O'Higgins,06,Colchagua,063,Pumanque,06309,Pumanque,Chile:Libertador General Bernardo O'Higgins:Colchagua:Pumanque:Pumanque,-34.60234,-71.65406,107,EGM96,22.308,129.308,WGS84_ellipsoid_EGM96_conversion,radar_surface_estimate_2000,America/Santiago,,geonames:3874843,CC-BY-4.0,gazetteer_reference,Approximate gazetteer reference for the settlement; not a municipal-building survey.,nasadem-hgt-v001:s35w072,2168,1245,,,
cl-municipality-06310,municipal_seat,Chile,CL,Libertador General Bernardo O'Higgins,06,Colchagua,063,Santa Cruz,06310,Santa Cruz,Chile:Libertador General Bernardo O'Higgins:Colchagua:Santa Cruz:Santa Cruz,-34.63881,-71.36576,168,EGM96,23.05,191.05,WGS84_ellipsoid_EGM96_conversion,radar_surface_estimate_2000,America/Santiago,,geonames:3871616,CC-BY-4.0,gazetteer_reference,Approximate gazetteer reference for the settlement; not a municipal-building survey.,nasadem-hgt-v001:s35w072,2300,2283,,,
cl-municipality-07101,municipal_seat,Chile,CL,Maule,07,Talca,071,Talca,07101,Talca,Chile:Maule:Talca:Talca:Talca,-35.4232,-71.64974,96,EGM96,21.217,117.217,WGS84_ellipsoid_EGM96_conversion,radar_surface_estimate_2000,America/Santiago,,geonames:3870294,CC-BY-4.0,gazetteer_reference,Approximate gazetteer reference for the settlement; not a municipal-building survey.,nasadem-hgt-v001:s36w072,1524,1261,,,
cl-municipality-07102,municipal_seat,Chile,CL,Maule,07,Talca,071,Constitución,07102,Constitución,Chile:Maule:Talca:Constitución:Constitución,-35.33321,-72.41156,14,EGM96,19.013,33.013,WGS84_ellipsoid_EGM96_conversion,radar_surface_estimate_2000,America/Santiago,Constitucion;Constitución,geonames:3893726,CC-BY-4.0,gazetteer_reference,Approximate gazetteer reference for the settlement; not a municipal-building survey.,nasadem-hgt-v001:s36w073,1200,2118,,,
cl-municipality-07103,municipal_seat,Chile,CL,Maule,07,Talca,071,Curepto,07103,Curepto,Chile:Maule:Talca:Curepto:Curepto,-35.09166,-72.01958,14,EGM96,20.605,34.605,WGS84_ellipsoid_EGM96_conversion,radar_surface_estimate_2000,America/Santiago,,geonames:3892878,CC-BY-4.0,gazetteer_reference,Approximate gazetteer reference for the settlement; not a municipal-building survey.,nasadem-hgt-v001:s36w073,330,3530,,,
cl-municipality-07104,municipal_seat,Chile,CL,Maule,07,Talca,071,Empedrado,07104,Empedrado,Chile:Maule:Talca:Empedrado:Empedrado,-35.59157,-72.2776,414,EGM96,20.334,434.334,WGS84_ellipsoid_EGM96_conversion,radar_surface_estimate_2000,America/Santiago,,geonames:3890121,CC-BY-4.0,gazetteer_reference,Approximate gazetteer reference for the settlement; not a municipal-building survey.,nasadem-hgt-v001:s36w073,2130,2601,,,
cl-municipality-07105,municipal_seat,Chile,CL,Maule,07,Talca,071,Maule,07105,Maule,Chile:Maule:Talca:Maule:Maule,-35.52249,-71.68891,116,EGM96,21.003,137.003,WGS84_ellipsoid_EGM96_conversion,radar_surface_estimate_2000,America/Santiago,,geonames:3880312,CC-BY-4.0,gazetteer_reference,Approximate gazetteer reference for the settlement; not a municipal-building survey.,nasadem-hgt-v001:s36w072,1881,1120,,,
cl-municipality-07106,municipal_seat,Chile,CL,Maule,07,Talca,071,Pelarco,07106,Pelarco,Chile:Maule:Talca:Pelarco:Pelarco,-35.38442,-71.44508,165,EGM96,21.891,186.891,WGS84_ellipsoid_EGM96_conversion,radar_surface_estimate_2000,America/Santiago,,geonames:3876800,CC-BY-4.0,gazetteer_reference,Approximate gazetteer reference for the settlement; not a municipal-building survey.,nasadem-hgt-v001:s36w072,1384,1998,,,
cl-municipality-07107,municipal_seat,Chile,CL,Maule,07,Talca,071,Pencahue,07107,Pencahue,Chile:Maule:Talca:Pencahue:Pencahue,-35.39346,-71.80054,66,EGM96,20.949,86.949,WGS84_ellipsoid_EGM96_conversion,radar_surface_estimate_2000,America/Santiago,,geonames:3876667,CC-BY-4.0,gazetteer_reference,Approximate gazetteer reference for the settlement; not a municipal-building survey.,nasadem-hgt-v001:s36w072,1416,718,,,
cl-municipality-07108,municipal_seat,Chile,CL,Maule,07,Talca,071,Río Claro,07108,Cumpeo,Chile:Maule:Talca:Río Claro:Cumpeo,-35.28437,-71.26142,295,EGM96,22.818,317.818,WGS84_ellipsoid_EGM96_conversion,radar_surface_estimate_2000,America/Santiago,Río Claro,geonames:3892993,CC-BY-4.0,gazetteer_reference,Approximate gazetteer reference for the settlement; not a municipal-building survey.,nasadem-hgt-v001:s36w072,1024,2659,,,
cl-municipality-07109,municipal_seat,Chile,CL,Maule,07,Talca,071,San Clemente,07109,San Clemente,Chile:Maule:Talca:San Clemente:San Clemente,-35.53777,-71.487,206,EGM96,21.55,227.55,WGS84_ellipsoid_EGM96_conversion,radar_surface_estimate_2000,America/Santiago,,geonames:3872306,CC-BY-4.0,gazetteer_reference,Approximate gazetteer reference for the settlement; not a municipal-building survey.,nasadem-hgt-v001:s36w072,1936,1847,,,
cl-municipality-07110,municipal_seat,Chile,CL,Maule,07,Talca,071,San Rafael,07110,San Rafael,Chile:Maule:Talca:San Rafael:San Rafael,-35.30624,-71.51906,150,EGM96,21.663,171.663,WGS84_ellipsoid_EGM96_conversion,radar_surface_estimate_2000,America/Santiago,,geonames:3871760,CC-BY-4.0,gazetteer_reference,Approximate gazetteer reference for the settlement; not a municipal-building survey.,nasadem-hgt-v001:s36w072,1102,1731,,,
cl-municipality-07201,municipal_seat,Chile,CL,Maule,07,Cauquenes,072,Cauquenes,07201,Cauquenes,Chile:Maule:Cauquenes:Cauquenes:Cauquenes,-35.9671,-72.32248,167,EGM96,20.897,187.897,WGS84_ellipsoid_EGM96_conversion,radar_surface_estimate_2000,America/Santiago,,geonames:3896105,CC-BY-4.0,gazetteer_reference,Approximate gazetteer reference for the settlement; not a municipal-building survey.,nasadem-hgt-v001:s36w073,3482,2439,,,
cl-municipality-07202,municipal_seat,Chile,CL,Maule,07,Cauquenes,072,Chanco,07202,Chanco,Chile:Maule:Cauquenes:Chanco:Chanco,-35.73674,-72.53305,32,EGM96,20.114,52.114,WGS84_ellipsoid_EGM96_conversion,radar_surface_estimate_2000,America/Santiago,,geonames:3895492,CC-BY-4.0,gazetteer_reference,Approximate gazetteer reference for the settlement; not a municipal-building survey.,nasadem-hgt-v001:s36w073,2652,1681,,,
cl-municipality-07203,municipal_seat,Chile,CL,Maule,07,Cauquenes,072,Pelluhue,07203,Curanipe,Chile:Maule:Cauquenes:Pelluhue:Curanipe,-35.84531,-72.63398,21,EGM96,20.023,41.023,WGS84_ellipsoid_EGM96_conversion,radar_surface_estimate_2000,America/Santiago,Pelluhue,geonames:3892888,CC-BY-4.0,gazetteer_reference,Approximate gazetteer reference for the settlement; not a municipal-building survey.,nasadem-hgt-v001:s36w073,3043,1318,,,
cl-municipality-07301,municipal_seat,Chile,CL,Maule,07,Curicó,073,Curicó,07301,Curicó,Chile:Maule:Curicó:Curicó:Curicó,-34.98279,-71.23943,212,EGM96,23.059,235.059,WGS84_ellipsoid_EGM96_conversion,radar_surface_estimate_2000,America/Santiago,,geonames:3892870,CC-BY-4.0,gazetteer_reference,Approximate gazetteer reference for the settlement; not a municipal-building survey.,nasadem-hgt-v001:s35w072,3538,2738,,,
cl-municipality-07302,municipal_seat,Chile,CL,Maule,07,Curicó,073,Hualañé,07302,Hualañé,Chile:Maule:Curicó:Hualañé:Hualañé,-34.9754,-71.80252,41,EGM96,21.422,62.422,WGS84_ellipsoid_EGM96_conversion,radar_surface_estimate_2000,America/Santiago,Hualañe,geonames:3887788,CC-BY-4.0,gazetteer_reference,Approximate gazetteer reference for the settlement; not a municipal-building survey.,nasadem-hgt-v001:s35w072,3511,711,,,
cl-municipality-07303,municipal_seat,Chile,CL,Maule,07,Curicó,073,Licantén,07303,Licantén,Chile:Maule:Curicó:Licantén:Licantén,-34.98461,-71.98549,16,EGM96,20.75,36.75,WGS84_ellipsoid_EGM96_conversion,radar_surface_estimate_2000,America/Santiago,,geonames:3883262,CC-BY-4.0,gazetteer_reference,Approximate gazetteer reference for the settlement; not a municipal-building survey.,nasadem-hgt-v001:s35w072,3545,52,,,
cl-municipality-07304,municipal_seat,Chile,CL,Maule,07,Curicó,073,Molina,07304,Molina,Chile:Maule:Curicó:Molina:Molina,-35.11428,-71.28232,247,EGM96,22.796,269.796,WGS84_ellipsoid_EGM96_conversion,radar_surface_estimate_2000,America/Santiago,,geonames:3879627,CC-BY-4.0,gazetteer_reference,Approximate gazetteer reference for the settlement; not a municipal-building survey.,nasadem-hgt-v001:s36w072,411,2584,,,
cl-municipality-07305,municipal_seat,Chile,CL,Maule,07,Curicó,073,Rauco,07305,Rauco,Chile:Maule:Curicó:Rauco:Rauco,-34.92546,-71.31722,189,EGM96,22.809,211.809,WGS84_ellipsoid_EGM96_conversion,radar_surface_estimate_2000,America/Santiago,,geonames:3873668,CC-BY-4.0,gazetteer_reference,Approximate gazetteer reference for the settlement; not a municipal-building survey.,nasadem-hgt-v001:s35w072,3332,2458,,,
cl-municipality-07306,municipal_seat,Chile,CL,Maule,07,Curicó,073,Romeral,07306,Romeral,Chile:Maule:Curicó:Romeral:Romeral,-34.96127,-71.1235,301,EGM96,23.944,324.944,WGS84_ellipsoid_EGM96_conversion,radar_surface_estimate_2000,America/Santiago,,geonames:3872900,CC-BY-4.0,gazetteer_reference,Approximate gazetteer reference for the settlement; not a municipal-building survey.,nasadem-hgt-v001:s35w072,3461,3155,,,
cl-municipality-07307,municipal_seat,Chile,CL,Maule,07,Curicó,073,Sagrada Familia,07307,Sagrada Familia,Chile:Maule:Curicó:Sagrada Familia:Sagrada Familia,-34.99919,-71.38424,154,EGM96,22.494,176.494,WGS84_ellipsoid_EGM96_conversion,radar_surface_estimate_2000,America/Santiago,,geonames:3872648,CC-BY-4.0,gazetteer_reference,Approximate gazetteer reference for the settlement; not a municipal-building survey.,nasadem-hgt-v001:s35w072,3597,2217,,,
cl-municipality-07308,municipal_seat,Chile,CL,Maule,07,Curicó,073,Teno,07308,Teno,Chile:Maule:Curicó:Teno:Teno,-34.87055,-71.16219,290,EGM96,23.735,313.735,WGS84_ellipsoid_EGM96_conversion,radar_surface_estimate_2000,America/Santiago,,geonames:3869979,CC-BY-4.0,gazetteer_reference,Approximate gazetteer reference for the settlement; not a municipal-building survey.,nasadem-hgt-v001:s35w072,3134,3016,,,
cl-municipality-07309,municipal_seat,Chile,CL,Maule,07,Curicó,073,Vichuquén,07309,Vichuquén,Chile:Maule:Curicó:Vichuquén:Vichuquén,-34.88333,-71.99236,24,EGM96,20.656,44.656,WGS84_ellipsoid_EGM96_conversion,radar_surface_estimate_2000,America/Santiago,,geonames:3868339,CC-BY-4.0,gazetteer_reference,Approximate gazetteer reference for the settlement; not a municipal-building survey.,nasadem-hgt-v001:s35w072,3180,28,,,
cl-municipality-07401,municipal_seat,Chile,CL,Maule,07,Linares,074,Linares,07401,Linares,Chile:Maule:Linares:Linares:Linares,-35.84667,-71.59308,160,EGM96,21.221,181.221,WGS84_ellipsoid_EGM96_conversion,radar_surface_estimate_2000,America/Santiago,,geonames:3883167,CC-BY-4.0,gazetteer_reference,Approximate gazetteer reference for the settlement; not a municipal-building survey.,nasadem-hgt-v001:s36w072,3048,1465,,,
cl-municipality-07402,municipal_seat,Chile,CL,Maule,07,Linares,074,Colbún,07402,Colbún,Chile:Maule:Linares:Colbún:Colbún,-35.69494,-71.40568,254,EGM96,21.971,275.971,WGS84_ellipsoid_EGM96_conversion,radar_surface_estimate_2000,America/Santiago,,geonames:3894319,CC-BY-4.0,gazetteer_reference,Approximate gazetteer reference for the settlement; not a municipal-building survey.,nasadem-hgt-v001:s36w072,2502,2140,,,
cl-municipality-07403,municipal_seat,Chile,CL,Maule,07,Linares,074,Longaví,07403,Longaví,Chile:Maule:Linares:Longaví:Longaví,-35.96496,-71.6836,147,EGM96,21.028,168.028,WGS84_ellipsoid_EGM96_conversion,radar_surface_estimate_2000,America/Santiago,Longavi;Longaví,geonames:3882559,CC-BY-4.0,gazetteer_reference,Approximate gazetteer reference for the settlement; not a municipal-building survey.,nasadem-hgt-v001:s36w072,3474,1139,,,
cl-municipality-07404,municipal_seat,Chile,CL,Maule,07,Linares,074,Parral,07404,Parral,Chile:Maule:Linares:Parral:Parral,-36.14311,-71.82605,170,EGM96,20.939,190.939,WGS84_ellipsoid_EGM96_conversion,radar_surface_estimate_2000,America/Santiago,,geonames:3877146,CC-BY-4.0,gazetteer_reference,Approximate gazetteer reference for the settlement; not a municipal-building survey.,nasadem-hgt-v001:s37w072,515,626,,,
cl-municipality-07405,municipal_seat,Chile,CL,Maule,07,Linares,074,Retiro,07405,Retiro,Chile:Maule:Linares:Retiro:Retiro,-36.05172,-71.75771,165,EGM96,20.895,185.895,WGS84_ellipsoid_EGM96_conversion,radar_surface_estimate_2000,America/Santiago,,geonames:3873372,CC-BY-4.0,gazetteer_reference,Approximate gazetteer reference for the settlement; not a municipal-building survey.,nasadem-hgt-v001:s37w072,186,872,,,
cl-municipality-07406,municipal_seat,Chile,CL,Maule,07,Linares,074,San Javier,07406,San Javier,Chile:Maule:Linares:San Javier:San Javier,-35.5952,-71.72924,96,EGM96,20.853,116.853,WGS84_ellipsoid_EGM96_conversion,radar_surface_estimate_2000,America/Santiago,,geonames:3872154,CC-BY-4.0,gazetteer_reference,Approximate gazetteer reference for the settlement; not a municipal-building survey.,nasadem-hgt-v001:s36w072,2143,975,,,
cl-municipality-07407,municipal_seat,Chile,CL,Maule,07,Linares,074,Villa Alegre,07407,Villa Alegre,Chile:Maule:Linares:Villa Alegre:Villa Alegre,-35.67296,-71.7443,96,EGM96,20.76,116.76,WGS84_ellipsoid_EGM96_conversion,radar_surface_estimate_2000,America/Santiago,,geonames:3868194,CC-BY-4.0,gazetteer_reference,Approximate gazetteer reference for the settlement; not a municipal-building survey.,nasadem-hgt-v001:s36w072,2423,921,,,
cl-municipality-07408,municipal_seat,Chile,CL,Maule,07,Linares,074,Yerbas Buenas,07408,Yerbas Buenas,Chile:Maule:Linares:Yerbas Buenas:Yerbas Buenas,-35.74816,-71.5853,148,EGM96,21.166,169.166,WGS84_ellipsoid_EGM96_conversion,radar_surface_estimate_2000,America/Santiago,,geonames:3867668,CC-BY-4.0,gazetteer_reference,Approximate gazetteer reference for the settlement; not a municipal-building survey.,nasadem-hgt-v001:s36w072,2693,1493,,,
cl-municipality-08101,municipal_seat,Chile,CL,Biobío,08,Concepción,081,Concepción,08101,Concepción,Chile:Biobío:Concepción:Concepción:Concepción,-36.82699,-73.04977,23,EGM96,20.064,43.064,WGS84_ellipsoid_EGM96_conversion,radar_surface_estimate_2000,America/Santiago,,geonames:3893894,CC-BY-4.0,gazetteer_reference,Approximate gazetteer reference for the settlement; not a municipal-building survey.,nasadem-hgt-v001:s37w074,2977,3421,,,
cl-municipality-08102,municipal_seat,Chile,CL,Biobío,08,Concepción,081,Coronel,08102,Coronel,Chile:Biobío:Concepción:Coronel:Coronel,-37.03386,-73.14019,1,EGM96,20.155,21.155,WGS84_ellipsoid_EGM96_conversion,radar_surface_estimate_2000,America/Santiago,,geonames:3893532,CC-BY-4.0,gazetteer_reference,Approximate gazetteer reference for the settlement; not a municipal-building survey.,nasadem-hgt-v001:s38w074,122,3095,,,
cl-municipality-08103,municipal_seat,Chile,CL,Biobío,08,Concepción,081,Chiguayante,08103,Chiguayante,Chile:Biobío:Concepción:Chiguayante:Chiguayante,-36.9256,-73.02841,27,EGM96,20.376,47.376,WGS84_ellipsoid_EGM96_conversion,radar_surface_estimate_2000,America/Santiago,,geonames:3895138,CC-BY-4.0,gazetteer_reference,Approximate gazetteer reference for the settlement; not a municipal-building survey.,nasadem-hgt-v001:s37w074,3332,3498,,,
cl-municipality-08104,municipal_seat,Chile,CL,Biobío,08,Concepción,081,Florida,08104,Florida,Chile:Biobío:Concepción:Florida:Florida,-36.82399,-72.66097,241,EGM96,20.655,261.655,WGS84_ellipsoid_EGM96_conversion,radar_surface_estimate_2000,America/Santiago,,geonames:3885935,CC-BY-4.0,gazetteer_reference,Approximate gazetteer reference for the settlement; not a municipal-building survey.,nasadem-hgt-v001:s37w073,2966,1221,,,
cl-municipality-08105,municipal_seat,Chile,CL,Biobío,08,Concepción,081,Hualqui,08105,Hualqui,Chile:Biobío:Concepción:Hualqui:Hualqui,-36.97266,-72.93559,33,EGM96,20.646,53.646,WGS84_ellipsoid_EGM96_conversion,radar_surface_estimate_2000,America/Santiago,,geonames:3888523,CC-BY-4.0,gazetteer_reference,Approximate gazetteer reference for the settlement; not a municipal-building survey.,nasadem-hgt-v001:s37w073,3502,232,,,
cl-municipality-08106,municipal_seat,Chile,CL,Biobío,08,Concepción,081,Lota,08106,Lota,Chile:Biobío:Concepción:Lota:Lota,-37.08994,-73.1577,6,EGM96,20.215,26.215,WGS84_ellipsoid_EGM96_conversion,radar_surface_estimate_2000,America/Santiago,,geonames:3881276,CC-BY-4.0,gazetteer_reference,Approximate gazetteer reference for the settlement; not a municipal-building survey.,nasadem-hgt-v001:s38w074,324,3032,,,
cl-municipality-08107,municipal_seat,Chile,CL,Biobío,08,Concepción,081,Penco,08107,Penco,Chile:Biobío:Concepción:Penco:Penco,-36.74075,-72.99528,24,EGM96,20.151,44.151,WGS84_ellipsoid_EGM96_conversion,radar_surface_estimate_2000,America/Santiago,,geonames:3876664,CC-BY-4.0,gazetteer_reference,Approximate gazetteer reference for the settlement; not a municipal-building survey.,nasadem-hgt-v001:s37w073,2667,17,,,
cl-municipality-08108,municipal_seat,Chile,CL,Biobío,08,Concepción,081,San Pedro de la Paz,08108,San Pedro de la Paz,Chile:Biobío:Concepción:San Pedro de la Paz:San Pedro de la Paz,-36.83897,-73.10028,11,EGM96,19.848,30.848,WGS84_ellipsoid_EGM96_conversion,radar_surface_estimate_2000,America/Santiago,,geonames:6693576,CC-BY-4.0,gazetteer_reference,Approximate gazetteer reference for the settlement; not a municipal-building survey.,nasadem-hgt-v001:s37w074,3020,3239,,,
cl-municipality-08109,municipal_seat,Chile,CL,Biobío,08,Concepción,081,Santa Juana,08109,Santa Juana,Chile:Biobío:Concepción:Santa Juana:Santa Juana,-37.1751,-72.9433,49,EGM96,20.907,69.907,WGS84_ellipsoid_EGM96_conversion,radar_surface_estimate_2000,America/Santiago,,geonames:3871524,CC-BY-4.0,gazetteer_reference,Approximate gazetteer reference for the settlement; not a municipal-building survey.,nasadem-hgt-v001:s38w073,630,204,,,
cl-municipality-08110,municipal_seat,Chile,CL,Biobío,08,Concepción,081,Talcahuano,08110,Talcahuano,Chile:Biobío:Concepción:Talcahuano:Talcahuano,-36.72494,-73.11684,4,EGM96,19.492,23.492,WGS84_ellipsoid_EGM96_conversion,radar_surface_estimate_2000,America/Santiago,,geonames:3870282,CC-BY-4.0,gazetteer_reference,Approximate gazetteer reference for the settlement; not a municipal-building survey.,nasadem-hgt-v001:s37w074,2610,3179,,,
cl-municipality-08111,municipal_seat,Chile,CL,Biobío,08,Concepción,081,Tomé,08111,Tomé,Chile:Biobío:Concepción:Tomé:Tomé,-36.61756,-72.95593,8,EGM96,20.09,28.09,WGS84_ellipsoid_EGM96_conversion,radar_surface_estimate_2000,America/Santiago,,geonames:3869657,CC-BY-4.0,gazetteer_reference,Approximate gazetteer reference for the settlement; not a municipal-building survey.,nasadem-hgt-v001:s37w073,2223,159,,,
cl-municipality-08112,municipal_seat,Chile,CL,Biobío,08,Concepción,081,Hualpén,08112,Hualpén,Chile:Biobío:Concepción:Hualpén:Hualpén,-36.78908,-73.10165,10,EGM96,19.719,29.719,WGS84_ellipsoid_EGM96_conversion,radar_surface_estimate_2000,America/Santiago,,geonames:3887781,CC-BY-4.0,gazetteer_reference,Approximate gazetteer reference for the settlement; not a municipal-building survey.,nasadem-hgt-v001:s37w074,2841,3234,,,
cl-municipality-08201,municipal_seat,Chile,CL,Biobío,08,Arauco,082,Lebu,08201,Lebu,Chile:Biobío:Arauco:Lebu:Lebu,-37.60825,-73.65356,4,EGM96,17.681,21.681,WGS84_ellipsoid_EGM96_conversion,radar_surface_estimate_2000,America/Santiago,,geonames:3883457,CC-BY-4.0,gazetteer_reference,Approximate gazetteer reference for the settlement; not a municipal-building survey.,nasadem-hgt-v001:s38w074,2190,1247,,,
cl-municipality-08202,municipal_seat,Chile,CL,Biobío,08,Arauco,082,Arauco,08202,Arauco,Chile:Biobío:Arauco:Arauco:Arauco,-37.2463,-73.31752,6,EGM96,19.828,25.828,WGS84_ellipsoid_EGM96_conversion,radar_surface_estimate_2000,America/Santiago,,geonames:3899462,CC-BY-4.0,gazetteer_reference,Approximate gazetteer reference for the settlement; not a municipal-building survey.,nasadem-hgt-v001:s38w074,887,2457,,,
cl-municipality-08203,municipal_seat,Chile,CL,Biobío,08,Arauco,082,Cañete,08203,Cañete,Chile:Biobío:Arauco:Cañete:Cañete,-37.80128,-73.39616,60,EGM96,19.597,79.597,WGS84_ellipsoid_EGM96_conversion,radar_surface_estimate_2000,America/Santiago,,geonames:3896924,CC-BY-4.0,gazetteer_reference,Approximate gazetteer reference for the settlement; not a municipal-building survey.,nasadem-hgt-v001:s38w074,2885,2174,,,
cl-municipality-08204,municipal_seat,Chile,CL,Biobío,08,Arauco,082,Contulmo,08204,Contulmo,Chile:Biobío:Arauco:Contulmo:Contulmo,-38.01556,-73.22991,30,EGM96,19.777,49.777,WGS84_ellipsoid_EGM96_conversion,radar_surface_estimate_2000,America/Santiago,,geonames:3893690,CC-BY-4.0,gazetteer_reference,Approximate gazetteer reference for the settlement; not a municipal-building survey.,nasadem-hgt-v001:s39w074,56,2772,,,
cl-municipality-08205,municipal_seat,Chile,CL,Biobío,08,Arauco,082,Curanilahue,08205,Curanilahue,Chile:Biobío:Arauco:Curanilahue:Curanilahue,-37.47793,-73.34495,129,EGM96,19.981,148.981,WGS84_ellipsoid_EGM96_conversion,radar_surface_estimate_2000,America/Santiago,,geonames:3892892,CC-BY-4.0,gazetteer_reference,Approximate gazetteer reference for the settlement; not a municipal-building survey.,nasadem-hgt-v001:s38w074,1721,2358,,,
cl-municipality-08206,municipal_seat,Chile,CL,Biobío,08,Arauco,082,Los Alamos,08206,Los Álamos,Chile:Biobío:Arauco:Los Alamos:Los Álamos,-37.62797,-73.46008,169,EGM96,19.349,188.349,WGS84_ellipsoid_EGM96_conversion,radar_surface_estimate_2000,America/Santiago,Los Alamos,geonames:3882460,CC-BY-4.0,gazetteer_reference,Approximate gazetteer reference for the settlement; not a municipal-building survey.,nasadem-hgt-v001:s38w074,2261,1944,,,
cl-municipality-08207,municipal_seat,Chile,CL,Biobío,08,Arauco,082,Tirúa,08207,Tirúa,Chile:Biobío:Arauco:Tirúa:Tirúa,-38.34179,-73.49149,9,EGM96,17.854,26.854,WGS84_ellipsoid_EGM96_conversion,radar_surface_estimate_2000,America/Santiago,,geonames:3869765,CC-BY-4.0,gazetteer_reference,Approximate gazetteer reference for the settlement; not a municipal-building survey.,nasadem-hgt-v001:s39w074,1230,1831,,,
cl-municipality-08301,municipal_seat,Chile,CL,Biobío,08,Biobío,083,Los Angeles,08301,Los Ángeles,Chile:Biobío:Biobío:Los Angeles:Los Ángeles,-37.46973,-72.35366,128,EGM96,20.124,148.124,WGS84_ellipsoid_EGM96_conversion,radar_surface_estimate_2000,America/Santiago,Los Angeles,geonames:3882428,CC-BY-4.0,gazetteer_reference,Approximate gazetteer reference for the settlement; not a municipal-building survey.,nasadem-hgt-v001:s38w073,1691,2327,,,
cl-municipality-08302,municipal_seat,Chile,CL,Biobío,08,Biobío,083,Antuco,08302,Antuco,Chile:Biobío:Biobío:Antuco:Antuco,-37.33007,-71.67467,549,EGM96,22.556,571.556,WGS84_ellipsoid_EGM96_conversion,radar_surface_estimate_2000,America/Santiago,,geonames:3899525,CC-BY-4.0,gazetteer_reference,Approximate gazetteer reference for the settlement; not a municipal-building survey.,nasadem-hgt-v001:s38w072,1188,1171,,,
cl-municipality-08303,municipal_seat,Chile,CL,Biobío,08,Biobío,083,Cabrero,08303,Cabrero,Chile:Biobío:Biobío:Cabrero:Cabrero,-37.03394,-72.40468,121,EGM96,20.486,141.486,WGS84_ellipsoid_EGM96_conversion,radar_surface_estimate_2000,America/Santiago,,geonames:3897557,CC-BY-4.0,gazetteer_reference,Approximate gazetteer reference for the settlement; not a municipal-building survey.,nasadem-hgt-v001:s38w073,122,2143,,,
cl-municipality-08304,municipal_seat,Chile,CL,Biobío,08,Biobío,083,Laja,08304,Laja,Chile:Biobío:Biobío:Laja:Laja,-37.28415,-72.71105,49,EGM96,20.793,69.793,WGS84_ellipsoid_EGM96_conversion,radar_surface_estimate_2000,America/Santiago,,geonames:3885509,CC-BY-4.0,gazetteer_reference,Approximate gazetteer reference for the settlement; not a municipal-building survey.,nasadem-hgt-v001:s38w073,1023,1040,,,
cl-municipality-08305,municipal_seat,Chile,CL,Biobío,08,Biobío,083,Mulchén,08305,Mulchén,Chile:Biobío:Biobío:Mulchén:Mulchén,-37.71893,-72.24099,129,EGM96,19.904,148.904,WGS84_ellipsoid_EGM96_conversion,radar_surface_estimate_2000,America/Santiago,,geonames:3879200,CC-BY-4.0,gazetteer_reference,Approximate gazetteer reference for the settlement; not a municipal-building survey.,nasadem-hgt-v001:s38w073,2588,2732,,,
cl-municipality-08306,municipal_seat,Chile,CL,Biobío,08,Biobío,083,Nacimiento,08306,Nacimiento,Chile:Biobío:Biobío:Nacimiento:Nacimiento,-37.50253,-72.67307,83,EGM96,20.472,103.472,WGS84_ellipsoid_EGM96_conversion,radar_surface_estimate_2000,America/Santiago,,geonames:3879123,CC-BY-4.0,gazetteer_reference,Approximate gazetteer reference for the settlement; not a municipal-building survey.,nasadem-hgt-v001:s38w073,1809,1177,,,
cl-municipality-08307,municipal_seat,Chile,CL,Biobío,08,Biobío,083,Negrete,08307,Negrete,Chile:Biobío:Biobío:Negrete:Negrete,-37.58668,-72.52833,70,EGM96,20.015,90.015,WGS84_ellipsoid_EGM96_conversion,radar_surface_estimate_2000,America/Santiago,,geonames:3878898,CC-BY-4.0,gazetteer_reference,Approximate gazetteer reference for the settlement; not a municipal-building survey.,nasadem-hgt-v001:s38w073,2112,1698,,,
cl-municipality-08308,municipal_seat,Chile,CL,Biobío,08,Biobío,083,Quilaco,08308,Quilaco,Chile:Biobío:Biobío:Quilaco:Quilaco,-37.68371,-71.99948,227,EGM96,20.813,247.813,WGS84_ellipsoid_EGM96_conversion,radar_surface_estimate_2000,America/Santiago,,geonames:3874272,CC-BY-4.0,gazetteer_reference,Approximate gazetteer reference for the settlement; not a municipal-building survey.,nasadem-hgt-v001:s38w072,2461,2,,,
cl-municipality-08309,municipal_seat,Chile,CL,Biobío,08,Biobío,083,Quilleco,08309,Quilleco,Chile:Biobío:Biobío:Quilleco:Quilleco,-37.47023,-71.98157,319,EGM96,20.944,339.944,WGS84_ellipsoid_EGM96_conversion,radar_surface_estimate_2000,America/Santiago,,geonames:3874141,CC-BY-4.0,gazetteer_reference,Approximate gazetteer reference for the settlement; not a municipal-building survey.,nasadem-hgt-v001:s38w072,1693,66,,,
cl-municipality-08310,municipal_seat,Chile,CL,Biobío,08,Biobío,083,San Rosendo,08310,San Rosendo,Chile:Biobío:Biobío:San Rosendo:San Rosendo,-37.26393,-72.72397,65,EGM96,20.838,85.838,WGS84_ellipsoid_EGM96_conversion,radar_surface_estimate_2000,America/Santiago,,geonames:3871715,CC-BY-4.0,gazetteer_reference,Approximate gazetteer reference for the settlement; not a municipal-building survey.,nasadem-hgt-v001:s38w073,950,994,,,
cl-municipality-08311,municipal_seat,Chile,CL,Biobío,08,Biobío,083,Santa Bárbara,08311,Santa Bárbara,Chile:Biobío:Biobío:Santa Bárbara:Santa Bárbara,-37.66824,-72.02252,227,EGM96,20.732,247.732,WGS84_ellipsoid_EGM96_conversion,radar_surface_estimate_2000,America/Santiago,,geonames:3871655,CC-BY-4.0,gazetteer_reference,Approximate gazetteer reference for the settlement; not a municipal-building survey.,nasadem-hgt-v001:s38w073,2406,3519,,,
cl-municipality-08312,municipal_seat,Chile,CL,Biobío,08,Biobío,083,Tucapel,08312,Huépil,Chile:Biobío:Biobío:Tucapel:Huépil,-37.23943,-71.94161,300,EGM96,21.168,321.168,WGS84_ellipsoid_EGM96_conversion,radar_surface_estimate_2000,America/Santiago,Huepil;Tucapel,geonames:3887636,CC-BY-4.0,gazetteer_reference,Approximate gazetteer reference for the settlement; not a municipal-building survey.,nasadem-hgt-v001:s38w072,862,210,,,
cl-municipality-08313,municipal_seat,Chile,CL,Biobío,08,Biobío,083,Yumbel,08313,Yumbel,Chile:Biobío:Biobío:Yumbel:Yumbel,-37.0982,-72.56084,97,EGM96,20.592,117.592,WGS84_ellipsoid_EGM96_conversion,radar_surface_estimate_2000,America/Santiago,,geonames:3867625,CC-BY-4.0,gazetteer_reference,Approximate gazetteer reference for the settlement; not a municipal-building survey.,nasadem-hgt-v001:s38w073,354,1581,,,
cl-municipality-08314,municipal_seat,Chile,CL,Biobío,08,Biobío,083,Alto Biobío,08314,Ralco,Chile:Biobío:Biobío:Alto Biobío:Ralco,-37.87989,-71.63805,510,EGM96,22.835,532.835,WGS84_ellipsoid_EGM96_conversion,radar_surface_estimate_2000,America/Santiago,Alto Biobío;Biobío,geonames:12524998,CC-BY-4.0,gazetteer_reference,"Municipal-seat name correction or gazetteer-name crosswalk; approximate settlement reference, not municipal building.",nasadem-hgt-v001:s38w072,3168,1303,,,
cl-municipality-09101,municipal_seat,Chile,CL,La Araucanía,09,Cautín,091,Temuco,09101,Temuco,Chile:La Araucanía:Cautín:Temuco:Temuco,-38.73628,-72.59738,117,EGM96,18.232,135.232,WGS84_ellipsoid_EGM96_conversion,radar_surface_estimate_2000,America/Santiago,,geonames:3870011,CC-BY-4.0,gazetteer_reference,Approximate gazetteer reference for the settlement; not a municipal-building survey.,nasadem-hgt-v001:s39w073,2651,1449,,,
cl-municipality-09102,municipal_seat,Chile,CL,La Araucanía,09,Cautín,091,Carahue,09102,Carahue,Chile:La Araucanía:Cautín:Carahue:Carahue,-38.71122,-73.16101,36,EGM96,17.284,53.284,WGS84_ellipsoid_EGM96_conversion,radar_surface_estimate_2000,America/Santiago,,geonames:3896774,CC-BY-4.0,gazetteer_reference,Approximate gazetteer reference for the settlement; not a municipal-building survey.,nasadem-hgt-v001:s39w074,2560,3020,,,
cl-municipality-09103,municipal_seat,Chile,CL,La Araucanía,09,Cautín,091,Cunco,09103,Cunco,Chile:La Araucanía:Cautín:Cunco:Cunco,-38.93181,-72.03151,364,EGM96,20.369,384.369,WGS84_ellipsoid_EGM96_conversion,radar_surface_estimate_2000,America/Santiago,,geonames:3892981,CC-BY-4.0,gazetteer_reference,Approximate gazetteer reference for the settlement; not a municipal-building survey.,nasadem-hgt-v001:s39w073,3355,3487,,,
cl-municipality-09104,municipal_seat,Chile,CL,La Araucanía,09,Cautín,091,Curarrehue,09104,Curarrehue,Chile:La Araucanía:Cautín:Curarrehue:Curarrehue,-39.36019,-71.58748,396,EGM96,22.673,418.673,WGS84_ellipsoid_EGM96_conversion,radar_surface_estimate_2000,America/Santiago,,geonames:3892884,CC-BY-4.0,gazetteer_reference,Approximate gazetteer reference for the settlement; not a municipal-building survey.,nasadem-hgt-v001:s40w072,1297,1485,,,
cl-municipality-09105,municipal_seat,Chile,CL,La Araucanía,09,Cautín,091,Freire,09105,Freire,Chile:La Araucanía:Cautín:Freire:Freire,-38.95252,-72.62653,104,EGM96,18.041,122.041,WGS84_ellipsoid_EGM96_conversion,radar_surface_estimate_2000,America/Santiago,,geonames:3889322,CC-BY-4.0,gazetteer_reference,Approximate gazetteer reference for the settlement; not a municipal-building survey.,nasadem-hgt-v001:s39w073,3429,1344,,,
cl-municipality-09106,municipal_seat,Chile,CL,La Araucanía,09,Cautín,091,Galvarino,09106,Galvarino,Chile:La Araucanía:Cautín:Galvarino:Galvarino,-38.41359,-72.78151,46,EGM96,18.55,64.55,WGS84_ellipsoid_EGM96_conversion,radar_surface_estimate_2000,America/Santiago,,geonames:3889153,CC-BY-4.0,gazetteer_reference,Approximate gazetteer reference for the settlement; not a municipal-building survey.,nasadem-hgt-v001:s39w073,1489,787,,,
cl-municipality-09107,municipal_seat,Chile,CL,La Araucanía,09,Cautín,091,Gorbea,09107,Gorbea,Chile:La Araucanía:Cautín:Gorbea:Gorbea,-39.10164,-72.67602,94,EGM96,17.913,111.913,WGS84_ellipsoid_EGM96_conversion,radar_surface_estimate_2000,America/Santiago,,geonames:3888892,CC-BY-4.0,gazetteer_reference,Approximate gazetteer reference for the settlement; not a municipal-building survey.,nasadem-hgt-v001:s40w073,366,1166,,,
cl-municipality-09108,municipal_seat,Chile,CL,La Araucanía,09,Cautín,091,Lautaro,09108,Lautaro,Chile:La Araucanía:Cautín:Lautaro:Lautaro,-38.53066,-72.43652,209,EGM96,18.91,227.91,WGS84_ellipsoid_EGM96_conversion,radar_surface_estimate_2000,America/Santiago,,geonames:3883615,CC-BY-4.0,gazetteer_reference,Approximate gazetteer reference for the settlement; not a municipal-building survey.,nasadem-hgt-v001:s39w073,1910,2029,,,
cl-municipality-09109,municipal_seat,Chile,CL,La Araucanía,09,Cautín,091,Loncoche,09109,Loncoche,Chile:La Araucanía:Cautín:Loncoche:Loncoche,-39.36708,-72.63087,111,EGM96,18.22,129.22,WGS84_ellipsoid_EGM96_conversion,radar_surface_estimate_2000,America/Santiago,,geonames:3882582,CC-BY-4.0,gazetteer_reference,Approximate gazetteer reference for the settlement; not a municipal-building survey.,nasadem-hgt-v001:s40w073,1321,1329,,,
cl-municipality-09110,municipal_seat,Chile,CL,La Araucanía,09,Cautín,091,Melipeuco,09110,Melipeuco,Chile:La Araucanía:Cautín:Melipeuco:Melipeuco,-38.85243,-71.69334,476,EGM96,22.223,498.223,WGS84_ellipsoid_EGM96_conversion,radar_surface_estimate_2000,America/Santiago,,geonames:3880108,CC-BY-4.0,gazetteer_reference,"Municipal-seat name correction or gazetteer-name crosswalk; approximate settlement reference, not municipal building.",nasadem-hgt-v001:s39w072,3069,1104,,,
cl-municipality-09111,municipal_seat,Chile,CL,La Araucanía,09,Cautín,091,Nueva Imperial,09111,Nueva Imperial,Chile:La Araucanía:Cautín:Nueva Imperial:Nueva Imperial,-38.74451,-72.95025,27,EGM96,17.566,44.566,WGS84_ellipsoid_EGM96_conversion,radar_surface_estimate_2000,America/Santiago,,geonames:3878456,CC-BY-4.0,gazetteer_reference,Approximate gazetteer reference for the settlement; not a municipal-building survey.,nasadem-hgt-v001:s39w073,2680,179,,,
cl-municipality-09112,municipal_seat,Chile,CL,La Araucanía,09,Cautín,091,Padre Las Casas,09112,Padre Las Casas,Chile:La Araucanía:Cautín:Padre Las Casas:Padre Las Casas,-38.76081,-72.5982,118,EGM96,18.205,136.205,WGS84_ellipsoid_EGM96_conversion,radar_surface_estimate_2000,America/Santiago,,geonames:3877793,CC-BY-4.0,gazetteer_reference,Approximate gazetteer reference for the settlement; not a municipal-building survey.,nasadem-hgt-v001:s39w073,2739,1446,,,
cl-municipality-09113,municipal_seat,Chile,CL,La Araucanía,09,Cautín,091,Perquenco,09113,Perquenco,Chile:La Araucanía:Cautín:Perquenco:Perquenco,-38.42178,-72.3773,298,EGM96,19.228,317.228,WGS84_ellipsoid_EGM96_conversion,radar_surface_estimate_2000,America/Santiago,,geonames:3876480,CC-BY-4.0,gazetteer_reference,Approximate gazetteer reference for the settlement; not a municipal-building survey.,nasadem-hgt-v001:s39w073,1518,2242,,,
cl-municipality-09114,municipal_seat,Chile,CL,La Araucanía,09,Cautín,091,Pitrufquén,09114,Pitrufquén,Chile:La Araucanía:Cautín:Pitrufquén:Pitrufquén,-38.98635,-72.63721,94,EGM96,17.993,111.993,WGS84_ellipsoid_EGM96_conversion,radar_surface_estimate_2000,America/Santiago,,geonames:3875746,CC-BY-4.0,gazetteer_reference,Approximate gazetteer reference for the settlement; not a municipal-building survey.,nasadem-hgt-v001:s39w073,3551,1306,,,
cl-municipality-09115,municipal_seat,Chile,CL,La Araucanía,09,Cautín,091,Pucón,09115,Pucón,Chile:La Araucanía:Cautín:Pucón:Pucón,-39.28223,-71.95427,232,EGM96,20.883,252.883,WGS84_ellipsoid_EGM96_conversion,radar_surface_estimate_2000,America/Santiago,,geonames:3875070,CC-BY-4.0,gazetteer_reference,Approximate gazetteer reference for the settlement; not a municipal-building survey.,nasadem-hgt-v001:s40w072,1016,165,,,
cl-municipality-09116,municipal_seat,Chile,CL,La Araucanía,09,Cautín,091,Saavedra,09116,Puerto Saavedra,Chile:La Araucanía:Cautín:Saavedra:Puerto Saavedra,-38.78702,-73.39713,2,EGM96,16.351,18.351,WGS84_ellipsoid_EGM96_conversion,radar_surface_estimate_2000,America/Santiago,Saavedra,geonames:3874937,CC-BY-4.0,gazetteer_reference,Approximate gazetteer reference for the settlement; not a municipal-building survey.,nasadem-hgt-v001:s39w074,2833,2170,,,
cl-municipality-09117,municipal_seat,Chile,CL,La Araucanía,09,Cautín,091,Teodoro Schmidt,09117,Teodoro Schmidt,Chile:La Araucanía:Cautín:Teodoro Schmidt:Teodoro Schmidt,-38.99442,-73.08927,31,EGM96,16.692,47.692,WGS84_ellipsoid_EGM96_conversion,radar_surface_estimate_2000,America/Santiago,,geonames:3869967,CC-BY-4.0,gazetteer_reference,"Municipal-seat name correction or gazetteer-name crosswalk; approximate settlement reference, not municipal building.",nasadem-hgt-v001:s39w074,3580,3279,,,
cl-municipality-09118,municipal_seat,Chile,CL,La Araucanía,09,Cautín,091,Toltén,09118,Toltén,Chile:La Araucanía:Cautín:Toltén:Toltén,-39.17852,-73.16448,5,EGM96,16.147,21.147,WGS84_ellipsoid_EGM96_conversion,radar_surface_estimate_2000,America/Santiago,Nueva Toltén,geonames:3869674,CC-BY-4.0,gazetteer_reference,Approximate gazetteer reference for the settlement; not a municipal-building survey.,nasadem-hgt-v001:s40w074,643,3008,,,
cl-municipality-09119,municipal_seat,Chile,CL,La Araucanía,09,Cautín,091,Vilcún,09119,Vilcún,Chile:La Araucanía:Cautín:Vilcún:Vilcún,-38.66875,-72.22565,290,EGM96,19.559,309.559,WGS84_ellipsoid_EGM96_conversion,radar_surface_estimate_2000,America/Santiago,,geonames:3868210,CC-BY-4.0,gazetteer_reference,Approximate gazetteer reference for the settlement; not a municipal-building survey.,nasadem-hgt-v001:s39w073,2408,2788,,,
cl-municipality-09120,municipal_seat,Chile,CL,La Araucanía,09,Cautín,091,Villarrica,09120,Villarrica,Chile:La Araucanía:Cautín:Villarrica:Villarrica,-39.28569,-72.2279,230,EGM96,19.65,249.65,WGS84_ellipsoid_EGM96_conversion,radar_surface_estimate_2000,America/Santiago,,geonames:3868158,CC-BY-4.0,gazetteer_reference,Approximate gazetteer reference for the settlement; not a municipal-building survey.,nasadem-hgt-v001:s40w073,1028,2780,,,
cl-municipality-09121,municipal_seat,Chile,CL,La Araucanía,09,Cautín,091,Cholchol,09121,Cholchol,Chile:La Araucanía:Cautín:Cholchol:Cholchol,-38.60183,-72.84572,35,EGM96,18.065,53.065,WGS84_ellipsoid_EGM96_conversion,radar_surface_estimate_2000,America/Santiago,,geonames:3894894,CC-BY-4.0,gazetteer_reference,Approximate gazetteer reference for the settlement; not a municipal-building survey.,nasadem-hgt-v001:s39w073,2167,555,,,
cl-municipality-09201,municipal_seat,Chile,CL,La Araucanía,09,Malleco,092,Angol,09201,Angol,Chile:La Araucanía:Malleco:Angol:Angol,-37.79519,-72.71636,93,EGM96,19.949,112.949,WGS84_ellipsoid_EGM96_conversion,radar_surface_estimate_2000,America/Santiago,,geonames:3899629,CC-BY-4.0,gazetteer_reference,Approximate gazetteer reference for the settlement; not a municipal-building survey.,nasadem-hgt-v001:s38w073,2863,1021,,,
cl-municipality-09202,municipal_seat,Chile,CL,La Araucanía,09,Malleco,092,Collipulli,09202,Collipulli,Chile:La Araucanía:Malleco:Collipulli:Collipulli,-37.95453,-72.43438,250,EGM96,19.494,269.494,WGS84_ellipsoid_EGM96_conversion,radar_surface_estimate_2000,America/Santiago,,geonames:3894177,CC-BY-4.0,gazetteer_reference,Approximate gazetteer reference for the settlement; not a municipal-building survey.,nasadem-hgt-v001:s38w073,3436,2036,,,
cl-municipality-09203,municipal_seat,Chile,CL,La Araucanía,09,Malleco,092,Curacautín,09203,Curacautín,Chile:La Araucanía:Malleco:Curacautín:Curacautín,-38.44064,-71.88923,527,EGM96,21.554,548.554,WGS84_ellipsoid_EGM96_conversion,radar_surface_estimate_2000,America/Santiago,Curacautin;Curacautín,geonames:3892935,CC-BY-4.0,gazetteer_reference,Approximate gazetteer reference for the settlement; not a municipal-building survey.,nasadem-hgt-v001:s39w072,1586,399,,,
cl-municipality-09204,municipal_seat,Chile,CL,La Araucanía,09,Malleco,092,Ercilla,09204,Ercilla,Chile:La Araucanía:Malleco:Ercilla:Ercilla,-38.06323,-72.37425,306,EGM96,19.514,325.514,WGS84_ellipsoid_EGM96_conversion,radar_surface_estimate_2000,America/Santiago,,geonames:3890015,CC-BY-4.0,gazetteer_reference,Approximate gazetteer reference for the settlement; not a municipal-building survey.,nasadem-hgt-v001:s39w073,228,2253,,,
cl-municipality-09205,municipal_seat,Chile,CL,La Araucanía,09,Malleco,092,Lonquimay,09205,Lonquimay,Chile:La Araucanía:Malleco:Lonquimay:Lonquimay,-38.45389,-71.37049,918,EGM96,23.805,941.805,WGS84_ellipsoid_EGM96_conversion,radar_surface_estimate_2000,America/Santiago,,geonames:3882534,CC-BY-4.0,gazetteer_reference,Approximate gazetteer reference for the settlement; not a municipal-building survey.,nasadem-hgt-v001:s39w072,1634,2266,,,
cl-municipality-09206,municipal_seat,Chile,CL,La Araucanía,09,Malleco,092,Los Sauces,09206,Los Sauces,Chile:La Araucanía:Malleco:Los Sauces:Los Sauces,-37.98119,-72.83393,116,EGM96,19.693,135.693,WGS84_ellipsoid_EGM96_conversion,radar_surface_estimate_2000,America/Santiago,,geonames:3881357,CC-BY-4.0,gazetteer_reference,Approximate gazetteer reference for the settlement; not a municipal-building survey.,nasadem-hgt-v001:s38w073,3532,598,,,
cl-municipality-09207,municipal_seat,Chile,CL,La Araucanía,09,Malleco,092,Lumaco,09207,Lumaco,Chile:La Araucanía:Malleco:Lumaco:Lumaco,-38.16485,-72.90551,56,EGM96,19.279,75.279,WGS84_ellipsoid_EGM96_conversion,radar_surface_estimate_2000,America/Santiago,,geonames:3881179,CC-BY-4.0,gazetteer_reference,Approximate gazetteer reference for the settlement; not a municipal-building survey.,nasadem-hgt-v001:s39w073,593,340,,,
cl-municipality-09208,municipal_seat,Chile,CL,La Araucanía,09,Malleco,092,Purén,09208,Purén,Chile:La Araucanía:Malleco:Purén:Purén,-38.0334,-73.07145,99,EGM96,19.764,118.764,WGS84_ellipsoid_EGM96_conversion,radar_surface_estimate_2000,America/Santiago,,geonames:3874612,CC-BY-4.0,gazetteer_reference,Approximate gazetteer reference for the settlement; not a municipal-building survey.,nasadem-hgt-v001:s39w074,120,3343,,,
cl-municipality-09209,municipal_seat,Chile,CL,La Araucanía,09,Malleco,092,Renaico,09209,Renaico,Chile:La Araucanía:Malleco:Renaico:Renaico,-37.67141,-72.58412,71,EGM96,19.966,90.966,WGS84_ellipsoid_EGM96_conversion,radar_surface_estimate_2000,America/Santiago,,geonames:3873459,CC-BY-4.0,gazetteer_reference,Approximate gazetteer reference for the settlement; not a municipal-building survey.,nasadem-hgt-v001:s38w073,2417,1497,,,
cl-municipality-09210,municipal_seat,Chile,CL,La Araucanía,09,Malleco,092,Traiguén,09210,Traiguén,Chile:La Araucanía:Malleco:Traiguén:Traiguén,-38.2496,-72.67027,173,EGM96,18.976,191.976,WGS84_ellipsoid_EGM96_conversion,radar_surface_estimate_2000,America/Santiago,,geonames:3869381,CC-BY-4.0,gazetteer_reference,Approximate gazetteer reference for the settlement; not a municipal-building survey.,nasadem-hgt-v001:s39w073,899,1187,,,
cl-municipality-09211,municipal_seat,Chile,CL,La Araucanía,09,Malleco,092,Victoria,09211,Victoria,Chile:La Araucanía:Malleco:Victoria:Victoria,-38.23291,-72.33292,350,EGM96,19.529,369.529,WGS84_ellipsoid_EGM96_conversion,radar_surface_estimate_2000,America/Santiago,,geonames:3868326,CC-BY-4.0,gazetteer_reference,Approximate gazetteer reference for the settlement; not a municipal-building survey.,nasadem-hgt-v001:s39w073,838,2401,,,
cl-municipality-10101,municipal_seat,Chile,CL,Los Lagos,10,Llanquihue,101,Puerto Montt,10101,Puerto Montt,Chile:Los Lagos:Llanquihue:Puerto Montt:Puerto Montt,-41.4693,-72.94237,10,EGM96,17.944,27.944,WGS84_ellipsoid_EGM96_conversion,radar_surface_estimate_2000,America/Santiago,,geonames:3874960,CC-BY-4.0,gazetteer_reference,Approximate gazetteer reference for the settlement; not a municipal-building survey.,nasadem-hgt-v001:s42w073,1689,207,,,
cl-municipality-10102,municipal_seat,Chile,CL,Los Lagos,10,Llanquihue,101,Calbuco,10102,Calbuco,Chile:Los Lagos:Llanquihue:Calbuco:Calbuco,-41.77338,-73.13049,39,EGM96,17.25,56.25,WGS84_ellipsoid_EGM96_conversion,radar_surface_estimate_2000,America/Santiago,,geonames:3897334,CC-BY-4.0,gazetteer_reference,Approximate gazetteer reference for the settlement; not a municipal-building survey.,nasadem-hgt-v001:s42w074,2784,3130,,,
cl-municipality-10103,municipal_seat,Chile,CL,Los Lagos,10,Llanquihue,101,Cochamó,10103,Río Puelo,Chile:Los Lagos:Llanquihue:Cochamó:Río Puelo,-41.66318,-72.29672,23,EGM96,19.48,42.48,WGS84_ellipsoid_EGM96_conversion,radar_surface_estimate_2000,America/Santiago,Cochamó;Puelo,geonames:11885132,CC-BY-4.0,gazetteer_reference,"Municipal-seat name correction or gazetteer-name crosswalk; approximate settlement reference, not municipal building.",nasadem-hgt-v001:s42w073,2387,2532,,,
cl-municipality-10104,municipal_seat,Chile,CL,Los Lagos,10,Llanquihue,101,Fresia,10104,Fresia,Chile:Los Lagos:Llanquihue:Fresia:Fresia,-41.15364,-73.42102,150,EGM96,17.918,167.918,WGS84_ellipsoid_EGM96_conversion,radar_surface_estimate_2000,America/Santiago,,geonames:3889310,CC-BY-4.0,gazetteer_reference,Approximate gazetteer reference for the settlement; not a municipal-building survey.,nasadem-hgt-v001:s42w074,553,2084,,,
cl-municipality-10105,municipal_seat,Chile,CL,Los Lagos,10,Llanquihue,101,Frutillar,10105,Frutillar,Chile:Los Lagos:Llanquihue:Frutillar:Frutillar,-41.12162,-73.0581,151,EGM96,18.338,169.338,WGS84_ellipsoid_EGM96_conversion,radar_surface_estimate_2000,America/Santiago,,geonames:3889262,CC-BY-4.0,gazetteer_reference,Approximate gazetteer reference for the settlement; not a municipal-building survey.,nasadem-hgt-v001:s42w074,438,3391,,,
cl-municipality-10106,municipal_seat,Chile,CL,Los Lagos,10,Llanquihue,101,Los Muermos,10106,Los Muermos,Chile:Los Lagos:Llanquihue:Los Muermos:Los Muermos,-41.39556,-73.46237,151,EGM96,17.501,168.501,WGS84_ellipsoid_EGM96_conversion,radar_surface_estimate_2000,America/Santiago,,geonames:3881703,CC-BY-4.0,gazetteer_reference,Approximate gazetteer reference for the settlement; not a municipal-building survey.,nasadem-hgt-v001:s42w074,1424,1935,,,
cl-municipality-10107,municipal_seat,Chile,CL,Los Lagos,10,Llanquihue,101,Llanquihue,10107,Llanquihue,Chile:Los Lagos:Llanquihue:Llanquihue:Llanquihue,-41.25603,-73.00649,54,EGM96,18.225,72.225,WGS84_ellipsoid_EGM96_conversion,radar_surface_estimate_2000,America/Santiago,,geonames:3882957,CC-BY-4.0,gazetteer_reference,Approximate gazetteer reference for the settlement; not a municipal-building survey.,nasadem-hgt-v001:s42w074,922,3577,,,
cl-municipality-10108,municipal_seat,Chile,CL,Los Lagos,10,Llanquihue,101,Maullín,10108,Maullín,Chile:Los Lagos:Llanquihue:Maullín:Maullín,-41.61778,-73.59833,17,EGM96,16.899,33.899,WGS84_ellipsoid_EGM96_conversion,radar_surface_estimate_2000,America/Santiago,Maullin;Maullín,geonames:3880302,CC-BY-4.0,gazetteer_reference,Approximate gazetteer reference for the settlement; not a municipal-building survey.,nasadem-hgt-v001:s42w074,2224,1446,,,
cl-municipality-10109,municipal_seat,Chile,CL,Los Lagos,10,Llanquihue,101,Puerto Varas,10109,Puerto Varas,Chile:Los Lagos:Llanquihue:Puerto Varas:Puerto Varas,-41.31946,-72.98538,58,EGM96,18.138,76.138,WGS84_ellipsoid_EGM96_conversion,radar_surface_estimate_2000,America/Santiago,,geonames:3874930,CC-BY-4.0,gazetteer_reference,Approximate gazetteer reference for the settlement; not a municipal-building survey.,nasadem-hgt-v001:s42w073,1150,53,,,
cl-municipality-10201,municipal_seat,Chile,CL,Los Lagos,10,Chiloé,102,Castro,10201,Castro,Chile:Los Lagos:Chiloé:Castro:Castro,-42.4721,-73.77319,80,EGM96,16.137,96.137,WGS84_ellipsoid_EGM96_conversion,radar_surface_estimate_2000,America/Santiago,,geonames:3896218,CC-BY-4.0,gazetteer_reference,Approximate gazetteer reference for the settlement; not a municipal-building survey.,nasadem-hgt-v001:s43w074,1700,817,,,
cl-municipality-10202,municipal_seat,Chile,CL,Los Lagos,10,Chiloé,102,Ancud,10202,Ancud,Chile:Los Lagos:Chiloé:Ancud:Ancud,-41.8707,-73.81622,55,EGM96,16.271,71.271,WGS84_ellipsoid_EGM96_conversion,radar_surface_estimate_2000,America/Santiago,,geonames:3899695,CC-BY-4.0,gazetteer_reference,Approximate gazetteer reference for the settlement; not a municipal-building survey.,nasadem-hgt-v001:s42w074,3135,662,,,
cl-municipality-10203,municipal_seat,Chile,CL,Los Lagos,10,Chiloé,102,Chonchi,10203,Chonchi,Chile:Los Lagos:Chiloé:Chonchi:Chonchi,-42.62387,-73.775,44,EGM96,15.931,59.931,WGS84_ellipsoid_EGM96_conversion,radar_surface_estimate_2000,America/Santiago,,geonames:3894871,CC-BY-4.0,gazetteer_reference,"Municipal-seat name correction or gazetteer-name crosswalk; approximate settlement reference, not municipal building.",nasadem-hgt-v001:s43w074,2246,810,,,
cl-municipality-10204,municipal_seat,Chile,CL,Los Lagos,10,Chiloé,102,Curaco de Vélez,10204,Curaco de Vélez,Chile:Los Lagos:Chiloé:Curaco de Vélez:Curaco de Vélez,-42.43888,-73.60119,19,EGM96,16.418,35.418,WGS84_ellipsoid_EGM96_conversion,radar_surface_estimate_2000,America/Santiago,,geonames:3892929,CC-BY-4.0,gazetteer_reference,Approximate gazetteer reference for the settlement; not a municipal-building survey.,nasadem-hgt-v001:s43w074,1580,1436,,,
cl-municipality-10205,municipal_seat,Chile,CL,Los Lagos,10,Chiloé,102,Dalcahue,10205,Dalcahue,Chile:Los Lagos:Chiloé:Dalcahue:Dalcahue,-42.37845,-73.65011,23,EGM96,16.426,39.426,WGS84_ellipsoid_EGM96_conversion,radar_surface_estimate_2000,America/Santiago,,geonames:3892760,CC-BY-4.0,gazetteer_reference,Approximate gazetteer reference for the settlement; not a municipal-building survey.,nasadem-hgt-v001:s43w074,1362,1260,,,
cl-municipality-10206,municipal_seat,Chile,CL,Los Lagos,10,Chiloé,102,Puqueldón,10206,Puqueldón,Chile:Los Lagos:Chiloé:Puqueldón:Puqueldón,-42.60001,-73.67458,61,EGM96,16.153,77.153,WGS84_ellipsoid_EGM96_conversion,radar_surface_estimate_2000,America/Santiago,,geonames:3874663,CC-BY-4.0,gazetteer_reference,Approximate gazetteer reference for the settlement; not a municipal-building survey.,nasadem-hgt-v001:s43w074,2160,1172,,,
cl-municipality-10207,municipal_seat,Chile,CL,Los Lagos,10,Chiloé,102,Queilén,10207,Queilén,Chile:Los Lagos:Chiloé:Queilén:Queilén,-42.88905,-73.47416,10,EGM96,16.253,26.253,WGS84_ellipsoid_EGM96_conversion,radar_surface_estimate_2000,America/Santiago,,geonames:3874453,CC-BY-4.0,gazetteer_reference,Approximate gazetteer reference for the settlement; not a municipal-building survey.,nasadem-hgt-v001:s43w074,3201,1893,,,
cl-municipality-10208,municipal_seat,Chile,CL,Los Lagos,10,Chiloé,102,Quellón,10208,Quellón,Chile:Los Lagos:Chiloé:Quellón:Quellón,-43.11819,-73.61661,23,EGM96,15.678,38.678,WGS84_ellipsoid_EGM96_conversion,radar_surface_estimate_2000,America/Santiago,,geonames:3874943,CC-BY-4.0,gazetteer_reference,Approximate gazetteer reference for the settlement; not a municipal-building survey.,nasadem-hgt-v001:s44w074,425,1380,,,
cl-municipality-10209,municipal_seat,Chile,CL,Los Lagos,10,Chiloé,102,Quemchi,10209,Quemchi,Chile:Los Lagos:Chiloé:Quemchi:Quemchi,-42.14386,-73.47514,14,EGM96,16.785,30.785,WGS84_ellipsoid_EGM96_conversion,radar_surface_estimate_2000,America/Santiago,,geonames:3874390,CC-BY-4.0,gazetteer_reference,Approximate gazetteer reference for the settlement; not a municipal-building survey.,nasadem-hgt-v001:s43w074,518,1889,,,
cl-municipality-10210,municipal_seat,Chile,CL,Los Lagos,10,Chiloé,102,Quinchao,10210,Achao,Chile:Los Lagos:Chiloé:Quinchao:Achao,-42.47086,-73.49138,12,EGM96,16.506,28.506,WGS84_ellipsoid_EGM96_conversion,radar_surface_estimate_2000,America/Santiago,Quinchao,geonames:3900700,CC-BY-4.0,gazetteer_reference,Approximate gazetteer reference for the settlement; not a municipal-building survey.,nasadem-hgt-v001:s43w074,1695,1831,,,
cl-municipality-10301,municipal_seat,Chile,CL,Los Lagos,10,Osorno,103,Osorno,10301,Osorno,Chile:Los Lagos:Osorno:Osorno:Osorno,-40.57395,-73.13348,35,EGM96,18.106,53.106,WGS84_ellipsoid_EGM96_conversion,radar_surface_estimate_2000,America/Santiago,,geonames:3877949,CC-BY-4.0,gazetteer_reference,Approximate gazetteer reference for the settlement; not a municipal-building survey.,nasadem-hgt-v001:s41w074,2066,3119,,,
cl-municipality-10302,municipal_seat,Chile,CL,Los Lagos,10,Osorno,103,Puerto Octay,10302,Puerto Octay,Chile:Los Lagos:Osorno:Puerto Octay:Puerto Octay,-40.97444,-72.8834,62,EGM96,18.645,80.645,WGS84_ellipsoid_EGM96_conversion,radar_surface_estimate_2000,America/Santiago,,geonames:3874951,CC-BY-4.0,gazetteer_reference,Approximate gazetteer reference for the settlement; not a municipal-building survey.,nasadem-hgt-v001:s41w073,3508,420,,,
cl-municipality-10303,municipal_seat,Chile,CL,Los Lagos,10,Osorno,103,Purranque,10303,Purranque,Chile:Los Lagos:Osorno:Purranque:Purranque,-40.91305,-73.15913,117,EGM96,18.384,135.384,WGS84_ellipsoid_EGM96_conversion,radar_surface_estimate_2000,America/Santiago,,geonames:3874579,CC-BY-4.0,gazetteer_reference,Approximate gazetteer reference for the settlement; not a municipal-building survey.,nasadem-hgt-v001:s41w074,3287,3027,,,
cl-municipality-10304,municipal_seat,Chile,CL,Los Lagos,10,Osorno,103,Puyehue,10304,Entre Lagos,Chile:Los Lagos:Osorno:Puyehue:Entre Lagos,-40.6845,-72.59981,194,EGM96,19.192,213.192,WGS84_ellipsoid_EGM96_conversion,radar_surface_estimate_2000,America/Santiago,Puyehue,geonames:11894622,CC-BY-4.0,gazetteer_reference,Approximate gazetteer reference for the settlement; not a municipal-building survey.,nasadem-hgt-v001:s41w073,2464,1441,,,
cl-municipality-10305,municipal_seat,Chile,CL,Los Lagos,10,Osorno,103,Río Negro,10305,Río Negro,Chile:Los Lagos:Osorno:Río Negro:Río Negro,-40.79644,-73.21546,63,EGM96,18.309,81.309,WGS84_ellipsoid_EGM96_conversion,radar_surface_estimate_2000,America/Santiago,,geonames:3873116,CC-BY-4.0,gazetteer_reference,Approximate gazetteer reference for the settlement; not a municipal-building survey.,nasadem-hgt-v001:s41w074,2867,2824,,,
cl-municipality-10306,municipal_seat,Chile,CL,Los Lagos,10,Osorno,103,San Juan de la Costa,10306,Puaucho,Chile:Los Lagos:Osorno:San Juan de la Costa:Puaucho,-40.60251,-73.46892,118,EGM96,17.563,135.563,WGS84_ellipsoid_EGM96_conversion,radar_surface_estimate_2000,America/Santiago,San Juan de la Costa,geonames:11791797,CC-BY-4.0,gazetteer_reference,Approximate gazetteer reference for the settlement; not a municipal-building survey.,nasadem-hgt-v001:s41w074,2169,1912,,,
cl-municipality-10307,municipal_seat,Chile,CL,Los Lagos,10,Osorno,103,San Pablo,10307,San Pablo,Chile:Los Lagos:Osorno:San Pablo:San Pablo,-40.41348,-73.01085,79,EGM96,18.018,97.018,WGS84_ellipsoid_EGM96_conversion,radar_surface_estimate_2000,America/Santiago,,geonames:3871865,CC-BY-4.0,gazetteer_reference,Approximate gazetteer reference for the settlement; not a municipal-building survey.,nasadem-hgt-v001:s41w074,1489,3561,,,
cl-municipality-10401,municipal_seat,Chile,CL,Los Lagos,10,Palena,104,Chaitén,10401,Chaitén,Chile:Los Lagos:Palena:Chaitén:Chaitén,-42.91596,-72.70632,18,EGM96,17.526,35.526,WGS84_ellipsoid_EGM96_conversion,radar_surface_estimate_2000,America/Santiago,,geonames:3895642,CC-BY-4.0,gazetteer_reference,Approximate gazetteer reference for the settlement; not a municipal-building survey.,nasadem-hgt-v001:s43w073,3297,1057,,,
cl-municipality-10402,municipal_seat,Chile,CL,Los Lagos,10,Palena,104,Futaleufú,10402,Futaleufú,Chile:Los Lagos:Palena:Futaleufú:Futaleufú,-43.18492,-71.86722,351,EGM96,19.713,370.713,WGS84_ellipsoid_EGM96_conversion,radar_surface_estimate_2000,America/Santiago,Futaleufu;Futaleufú,geonames:3889223,CC-BY-4.0,gazetteer_reference,Approximate gazetteer reference for the settlement; not a municipal-building survey.,nasadem-hgt-v001:s44w072,666,478,,,
cl-municipality-10403,municipal_seat,Chile,CL,Los Lagos,10,Palena,104,Hualaihué,10403,Rio Negro,Chile:Los Lagos:Palena:Hualaihué:Rio Negro,-41.96913,-72.47554,17,EGM96,18.527,35.527,WGS84_ellipsoid_EGM96_conversion,radar_surface_estimate_2000,America/Santiago,Hualaihué;Río Negro,geonames:3873115,CC-BY-4.0,gazetteer_reference,Approximate gazetteer reference for the settlement; not a municipal-building survey.,nasadem-hgt-v001:s42w073,3489,1888,,,
cl-municipality-10404,municipal_seat,Chile,CL,Los Lagos,10,Palena,104,Palena,10404,Palena,Chile:Los Lagos:Palena:Palena:Palena,-43.61876,-71.80434,258,EGM96,18.887,276.887,WGS84_ellipsoid_EGM96_conversion,radar_surface_estimate_2000,America/Santiago,,geonames:3877644,CC-BY-4.0,gazetteer_reference,Approximate gazetteer reference for the settlement; not a municipal-building survey.,nasadem-hgt-v001:s44w072,2228,704,,,
cl-municipality-11101,municipal_seat,Chile,CL,Aysén del General Carlos Ibáñez del Campo,11,Coihaique,111,Coihaique,11101,Coyhaique,Chile:Aysén del General Carlos Ibáñez del Campo:Coihaique:Coihaique:Coyhaique,-45.57524,-72.06619,300,EGM96,22.096,322.096,WGS84_ellipsoid_EGM96_conversion,radar_surface_estimate_2000,America/Coyhaique,Coihaique,geonames:3894426,CC-BY-4.0,gazetteer_reference,Approximate gazetteer reference for the settlement; not a municipal-building survey.,nasadem-hgt-v001:s46w073,2071,3362,,,
cl-municipality-11102,municipal_seat,Chile,CL,Aysén del General Carlos Ibáñez del Campo,11,Coihaique,111,Lago Verde,11102,Lago Verde,Chile:Aysén del General Carlos Ibáñez del Campo:Coihaique:Lago Verde:Lago Verde,-44.24031,-71.8495,340,EGM96,16.922,356.922,WGS84_ellipsoid_EGM96_conversion,radar_surface_estimate_2000,America/Coyhaique,,geonames:3885847,CC-BY-4.0,gazetteer_reference,Approximate gazetteer reference for the settlement; not a municipal-building survey.,nasadem-hgt-v001:s45w072,865,542,,,
cl-municipality-11201,municipal_seat,Chile,CL,Aysén del General Carlos Ibáñez del Campo,11,Aisén,112,Aisén,11201,Puerto Aysén,Chile:Aysén del General Carlos Ibáñez del Campo:Aisén:Aisén:Puerto Aysén,-45.40303,-72.69184,9,EGM96,21.943,30.943,WGS84_ellipsoid_EGM96_conversion,radar_surface_estimate_2000,America/Coyhaique,Aisén,geonames:3874997,CC-BY-4.0,gazetteer_reference,Approximate gazetteer reference for the settlement; not a municipal-building survey.,nasadem-hgt-v001:s46w073,1451,1109,,,
cl-municipality-11202,municipal_seat,Chile,CL,Aysén del General Carlos Ibáñez del Campo,11,Aisén,112,Cisnes,11202,Puerto Cisnes,Chile:Aysén del General Carlos Ibáñez del Campo:Aisén:Cisnes:Puerto Cisnes,-44.74736,-72.69695,12,EGM96,18.546,30.546,WGS84_ellipsoid_EGM96_conversion,radar_surface_estimate_2000,America/Coyhaique,Cisnes,geonames:3874982,CC-BY-4.0,gazetteer_reference,Approximate gazetteer reference for the settlement; not a municipal-building survey.,nasadem-hgt-v001:s45w073,2690,1091,,,
cl-municipality-11203,municipal_seat,Chile,CL,Aysén del General Carlos Ibáñez del Campo,11,Aisén,112,Guaitecas,11203,Melinka,Chile:Aysén del General Carlos Ibáñez del Campo:Aisén:Guaitecas:Melinka,-43.89696,-73.74559,29,EGM96,14.457,43.457,WGS84_ellipsoid_EGM96_conversion,radar_surface_estimate_2000,America/Coyhaique,Guaitecas,geonames:3880113,CC-BY-4.0,gazetteer_reference,Approximate gazetteer reference for the settlement; not a municipal-building survey.,nasadem-hgt-v001:s44w074,3229,916,,,
cl-municipality-11301,municipal_seat,Chile,CL,Aysén del General Carlos Ibáñez del Campo,11,Capitán Prat,113,Cochrane,11301,Cochrane,Chile:Aysén del General Carlos Ibáñez del Campo:Capitán Prat:Cochrane:Cochrane,-47.2557,-72.5695,143,EGM96,19.508,162.508,WGS84_ellipsoid_EGM96_conversion,radar_surface_estimate_2000,America/Coyhaique,,geonames:3894483,CC-BY-4.0,gazetteer_reference,Approximate gazetteer reference for the settlement; not a municipal-building survey.,nasadem-hgt-v001:s48w073,921,1550,,,
cl-municipality-11302,municipal_seat,Chile,CL,Aysén del General Carlos Ibáñez del Campo,11,Capitán Prat,113,O'Higgins,11302,Villa O'Higgins,Chile:Aysén del General Carlos Ibáñez del Campo:Capitán Prat:O'Higgins:Villa O'Higgins,-48.46737,-72.56071,268,EGM96,16.191,284.191,WGS84_ellipsoid_EGM96_conversion,radar_surface_estimate_2000,America/Coyhaique,O'Higgins;Villa O'higgins,geonames:11776548,CC-BY-4.0,gazetteer_reference,"Municipal-seat name correction or gazetteer-name crosswalk; approximate settlement reference, not municipal building.",nasadem-hgt-v001:s49w073,1683,1581,,,
cl-municipality-11303,municipal_seat,Chile,CL,Aysén del General Carlos Ibáñez del Campo,11,Capitán Prat,113,Tortel,11303,Caleta Tortel,Chile:Aysén del General Carlos Ibáñez del Campo:Capitán Prat:Tortel:Caleta Tortel,-47.79874,-73.5363,39,EGM96,17.967,56.967,WGS84_ellipsoid_EGM96_conversion,radar_surface_estimate_2000,America/Coyhaique,Tortel,geonames:3869485,CC-BY-4.0,gazetteer_reference,Approximate gazetteer reference for the settlement; not a municipal-building survey.,nasadem-hgt-v001:s48w074,2875,1669,,,
cl-municipality-11401,municipal_seat,Chile,CL,Aysén del General Carlos Ibáñez del Campo,11,General Carrera,114,Chile Chico,11401,Chile Chico,Chile:Aysén del General Carlos Ibáñez del Campo:General Carrera:Chile Chico:Chile Chico,-46.541,-71.72375,214,EGM96,21.758,235.758,WGS84_ellipsoid_EGM96_conversion,radar_surface_estimate_2000,America/Coyhaique,,geonames:3895113,CC-BY-4.0,gazetteer_reference,Approximate gazetteer reference for the settlement; not a municipal-building survey.,nasadem-hgt-v001:s47w072,1948,995,,,
cl-municipality-11402,municipal_seat,Chile,CL,Aysén del General Carlos Ibáñez del Campo,11,General Carrera,114,Río Ibáñez,11402,Puerto Ibáñez,Chile:Aysén del General Carlos Ibáñez del Campo:General Carrera:Río Ibáñez:Puerto Ibáñez,-46.29239,-71.94002,211,EGM96,23.336,234.336,WGS84_ellipsoid_EGM96_conversion,radar_surface_estimate_2000,America/Coyhaique,Puerto Ingeniero Ibáñez;Río Ibáñez,geonames:3874965,CC-BY-4.0,gazetteer_reference,"Municipal-seat name correction or gazetteer-name crosswalk; approximate settlement reference, not municipal building.",nasadem-hgt-v001:s47w072,1053,216,,,
cl-municipality-12101,municipal_seat,Chile,CL,Magallanes y de la Antártica Chilena,12,Magallanes,121,Punta Arenas,12101,Punta Arenas,Chile:Magallanes y de la Antártica Chilena:Magallanes:Punta Arenas:Punta Arenas,-53.16282,-70.90922,16,EGM96,8.792,24.792,WGS84_ellipsoid_EGM96_conversion,radar_surface_estimate_2000,America/Punta_Arenas,,geonames:3874787,CC-BY-4.0,gazetteer_reference,Approximate gazetteer reference for the settlement; not a municipal-building survey.,nasadem-hgt-v001:s54w071,586,327,,,
cl-municipality-12102,municipal_seat,Chile,CL,Magallanes y de la Antártica Chilena,12,Magallanes,121,Laguna Blanca,12102,Villa Tehuelches,Chile:Magallanes y de la Antártica Chilena:Magallanes:Laguna Blanca:Villa Tehuelches,-52.42725,-71.41443,173,EGM96,9.541,182.541,WGS84_ellipsoid_EGM96_conversion,radar_surface_estimate_2000,America/Punta_Arenas,Laguna Blanca;Villa Tehuelche,geonames:11329841,CC-BY-4.0,gazetteer_reference,"Municipal-seat name correction or gazetteer-name crosswalk; approximate settlement reference, not municipal building.",nasadem-hgt-v001:s53w072,1538,2108,,,
cl-municipality-12103,municipal_seat,Chile,CL,Magallanes y de la Antártica Chilena,12,Magallanes,121,Río Verde,12103,Villa Ponsomby,Chile:Magallanes y de la Antártica Chilena:Magallanes:Río Verde:Villa Ponsomby,-52.65088,-71.46292,8,EGM96,9.586,17.586,WGS84_ellipsoid_EGM96_conversion,radar_surface_estimate_2000,America/Punta_Arenas,Balsadero Río Verde;Río Verde,geonames:11330303,CC-BY-4.0,gazetteer_reference,"Municipal-seat name correction or gazetteer-name crosswalk; approximate settlement reference, not municipal building.",nasadem-hgt-v001:s53w072,2343,1933,,,
cl-municipality-12104,municipal_seat,Chile,CL,Magallanes y de la Antártica Chilena,12,Magallanes,121,San Gregorio,12104,Punta Delgada,Chile:Magallanes y de la Antártica Chilena:Magallanes:San Gregorio:Punta Delgada,-52.31631,-69.68852,73,EGM96,9.48,82.48,WGS84_ellipsoid_EGM96_conversion,radar_surface_estimate_2000,America/Punta_Arenas,San Gregorio,geonames:3874765,CC-BY-4.0,gazetteer_reference,Approximate gazetteer reference for the settlement; not a municipal-building survey.,nasadem-hgt-v001:s53w070,1139,1121,,,
cl-municipality-12201,municipal_seat,Chile,CL,Magallanes y de la Antártica Chilena,12,Antártica Chilena,122,Cabo de Hornos,12201,Puerto Williams,Chile:Magallanes y de la Antártica Chilena:Antártica Chilena:Cabo de Hornos:Puerto Williams,-54.93355,-67.60963,10,EGM96,13.757,23.757,WGS84_ellipsoid_EGM96_conversion,radar_surface_estimate_2000,America/Punta_Arenas,Cabo de Hornos,geonames:3874926,CC-BY-4.0,gazetteer_reference,Approximate gazetteer reference for the settlement; not a municipal-building survey.,nasadem-hgt-v001:s55w068,3361,1405,,,
cl-municipality-12301,municipal_seat,Chile,CL,Magallanes y de la Antártica Chilena,12,Tierra del Fuego,123,Porvenir,12301,Porvenir,Chile:Magallanes y de la Antártica Chilena:Tierra del Fuego:Porvenir:Porvenir,-53.296,-70.36629,23,EGM96,8.786,31.786,WGS84_ellipsoid_EGM96_conversion,radar_surface_estimate_2000,America/Punta_Arenas,,geonames:3875367,CC-BY-4.0,gazetteer_reference,Approximate gazetteer reference for the settlement; not a municipal-building survey.,nasadem-hgt-v001:s54w071,1066,2281,,,
cl-municipality-12302,municipal_seat,Chile,CL,Magallanes y de la Antártica Chilena,12,Tierra del Fuego,123,Primavera,12302,Cerro Sombrero,Chile:Magallanes y de la Antártica Chilena:Tierra del Fuego:Primavera:Cerro Sombrero,-52.77516,-69.29012,71,EGM96,10.016,81.016,WGS84_ellipsoid_EGM96_conversion,radar_surface_estimate_2000,America/Punta_Arenas,Primavera;Sombrero,geonames:3870675,CC-BY-4.0,gazetteer_reference,Approximate gazetteer reference for the settlement; not a municipal-building survey.,nasadem-hgt-v001:s53w070,2791,2556,,,
cl-municipality-12303,municipal_seat,Chile,CL,Magallanes y de la Antártica Chilena,12,Tierra del Fuego,123,Timaukel,12303,Camerón,Chile:Magallanes y de la Antártica Chilena:Tierra del Fuego:Timaukel:Camerón,-53.63988,-69.64693,11,EGM96,10.051,21.051,WGS84_ellipsoid_EGM96_conversion,radar_surface_estimate_2000,America/Punta_Arenas,Cámeron;Timaukel,geonames:3897148,CC-BY-4.0,gazetteer_reference,Approximate gazetteer reference for the settlement; not a municipal-building survey.,nasadem-hgt-v001:s54w070,2304,1271,,,
cl-municipality-12401,municipal_seat,Chile,CL,Magallanes y de la Antártica Chilena,12,Última Esperanza,124,Natales,12401,Puerto Natales,Chile:Magallanes y de la Antártica Chilena:Última Esperanza:Natales:Puerto Natales,-51.72987,-72.50603,14,EGM96,11.836,25.836,WGS84_ellipsoid_EGM96_conversion,radar_surface_estimate_2000,America/Punta_Arenas,Natales,geonames:3874958,CC-BY-4.0,gazetteer_reference,Approximate gazetteer reference for the settlement; not a municipal-building survey.,nasadem-hgt-v001:s52w073,2628,1778,,,
cl-municipality-12402,municipal_seat,Chile,CL,Magallanes y de la Antártica Chilena,12,Última Esperanza,124,Torres del Paine,12402,Cerro Castillo,Chile:Magallanes y de la Antártica Chilena:Última Esperanza:Torres del Paine:Cerro Castillo,-51.25592,-72.34427,113,EGM96,12.48,125.48,WGS84_ellipsoid_EGM96_conversion,radar_surface_estimate_2000,America/Punta_Arenas,Torres del Paine,geonames:11372089,CC-BY-4.0,gazetteer_reference,Approximate gazetteer reference for the settlement; not a municipal-building survey.,nasadem-hgt-v001:s52w073,921,2361,,,
cl-municipality-13101,municipal_seat,Chile,CL,Metropolitana de Santiago,13,Santiago,131,Santiago,13101,Santiago,Chile:Metropolitana de Santiago:Santiago:Santiago:Santiago,-33.45694,-70.64827,549,EGM96,26.942,575.942,WGS84_ellipsoid_EGM96_conversion,radar_surface_estimate_2000,America/Santiago,,geonames:3871336,CC-BY-4.0,gazetteer_reference,Approximate gazetteer reference for the settlement; not a municipal-building survey.,nasadem-hgt-v001:s34w071,1645,1266,,,
cl-municipality-13102,municipal_seat,Chile,CL,Metropolitana de Santiago,13,Santiago,131,Cerrillos,13102,Cerrillos,Chile:Metropolitana de Santiago:Santiago:Cerrillos:Cerrillos,-33.4926,-70.71185,505,EGM96,26.425,531.425,WGS84_ellipsoid_EGM96_conversion,radar_surface_estimate_2000,America/Santiago,Los Cerrillos,geonames:3882233,CC-BY-4.0,gazetteer_reference,"Municipal-seat name correction or gazetteer-name crosswalk; approximate settlement reference, not municipal building.",nasadem-hgt-v001:s34w071,1773,1037,,,
cl-municipality-13103,municipal_seat,Chile,CL,Metropolitana de Santiago,13,Santiago,131,Cerro Navia,13103,Cerro Navia,Chile:Metropolitana de Santiago:Santiago:Cerro Navia:Cerro Navia,-33.42278,-70.74504,486,EGM96,26.342,512.342,WGS84_ellipsoid_EGM96_conversion,radar_surface_estimate_2000,America/Santiago,,geonames:8261397,CC-BY-4.0,gazetteer_reference,"Municipal-seat name correction or gazetteer-name crosswalk; approximate settlement reference, not municipal building.",nasadem-hgt-v001:s34w071,1522,918,,,
cl-municipality-13104,municipal_seat,Chile,CL,Metropolitana de Santiago,13,Santiago,131,Conchalí,13104,Conchalí,Chile:Metropolitana de Santiago:Santiago:Conchalí:Conchalí,-33.37813,-70.67471,503,EGM96,26.917,529.917,WGS84_ellipsoid_EGM96_conversion,radar_surface_estimate_2000,America/Santiago,,geonames:7114228,CC-BY-4.0,gazetteer_reference,Approximate gazetteer reference for the settlement; not a municipal-building survey.,nasadem-hgt-v001:s34w071,1361,1171,,,
cl-municipality-13105,municipal_seat,Chile,CL,Metropolitana de Santiago,13,Santiago,131,El Bosque,13105,El Bosque,Chile:Metropolitana de Santiago:Santiago:El Bosque:El Bosque,-33.56264,-70.67565,578,EGM96,26.701,604.701,WGS84_ellipsoid_EGM96_conversion,radar_surface_estimate_2000,America/Santiago,,geonames:7114108,CC-BY-4.0,gazetteer_reference,Approximate gazetteer reference for the settlement; not a municipal-building survey.,nasadem-hgt-v001:s34w071,2026,1168,,,
cl-municipality-13106,municipal_seat,Chile,CL,Metropolitana de Santiago,13,Santiago,131,Estación Central,13106,Estación Central,Chile:Metropolitana de Santiago:Santiago:Estación Central:Estación Central,-33.46453,-70.69858,505,EGM96,26.576,531.576,WGS84_ellipsoid_EGM96_conversion,radar_surface_estimate_2000,America/Santiago,Estacion Central,geonames:8261400,CC-BY-4.0,gazetteer_reference,"Municipal-seat name correction or gazetteer-name crosswalk; approximate settlement reference, not municipal building.",nasadem-hgt-v001:s34w071,1672,1085,,,
cl-municipality-13107,municipal_seat,Chile,CL,Metropolitana de Santiago,13,Santiago,131,Huechuraba,13107,Huechuraba,Chile:Metropolitana de Santiago:Santiago:Huechuraba:Huechuraba,-33.36031,-70.63745,588,EGM96,27.205,615.205,WGS84_ellipsoid_EGM96_conversion,radar_surface_estimate_2000,America/Santiago,,geonames:8261432,CC-BY-4.0,gazetteer_reference,"Municipal-seat name correction or gazetteer-name crosswalk; approximate settlement reference, not municipal building.",nasadem-hgt-v001:s34w071,1297,1305,,,
cl-municipality-13108,municipal_seat,Chile,CL,Metropolitana de Santiago,13,Santiago,131,Independencia,13108,Independencia,Chile:Metropolitana de Santiago:Santiago:Independencia:Independencia,-33.41167,-70.66647,531,EGM96,26.906,557.906,WGS84_ellipsoid_EGM96_conversion,radar_surface_estimate_2000,America/Santiago,,geonames:7114107,CC-BY-4.0,gazetteer_reference,Approximate gazetteer reference for the settlement; not a municipal-building survey.,nasadem-hgt-v001:s34w071,1482,1201,,,
cl-municipality-13109,municipal_seat,Chile,CL,Metropolitana de Santiago,13,Santiago,131,La Cisterna,13109,La Cisterna,Chile:Metropolitana de Santiago:Santiago:La Cisterna:La Cisterna,-33.55,-70.68333,561,EGM96,26.637,587.637,WGS84_ellipsoid_EGM96_conversion,radar_surface_estimate_2000,America/Santiago,,geonames:3886243,CC-BY-4.0,gazetteer_reference,Approximate gazetteer reference for the settlement; not a municipal-building survey.,nasadem-hgt-v001:s34w071,1980,1140,,,
cl-municipality-13110,municipal_seat,Chile,CL,Metropolitana de Santiago,13,Santiago,131,La Florida,13110,La Florida,Chile:Metropolitana de Santiago:Santiago:La Florida:La Florida,-33.53833,-70.55446,652,EGM96,27.568,679.568,WGS84_ellipsoid_EGM96_conversion,radar_surface_estimate_2000,America/Santiago,,geonames:3885937,CC-BY-4.0,gazetteer_reference,Approximate gazetteer reference for the settlement; not a municipal-building survey.,nasadem-hgt-v001:s34w071,1938,1604,,,
cl-municipality-13111,municipal_seat,Chile,CL,Metropolitana de Santiago,13,Santiago,131,La Granja,13111,La Granja,Chile:Metropolitana de Santiago:Santiago:La Granja:La Granja,-33.58452,-70.57849,673,EGM96,27.448,700.448,WGS84_ellipsoid_EGM96_conversion,radar_surface_estimate_2000,America/Santiago,,geonames:3885832,CC-BY-4.0,gazetteer_reference,Approximate gazetteer reference for the settlement; not a municipal-building survey.,nasadem-hgt-v001:s34w071,2104,1517,,,
cl-municipality-13112,municipal_seat,Chile,CL,Metropolitana de Santiago,13,Santiago,131,La Pintana,13112,La Pintana,Chile:Metropolitana de Santiago:Santiago:La Pintana:La Pintana,-33.58331,-70.63419,626,EGM96,27.026,653.026,WGS84_ellipsoid_EGM96_conversion,radar_surface_estimate_2000,America/Santiago,,geonames:7281017,CC-BY-4.0,gazetteer_reference,Approximate gazetteer reference for the settlement; not a municipal-building survey.,nasadem-hgt-v001:s34w071,2100,1317,,,
cl-municipality-13113,municipal_seat,Chile,CL,Metropolitana de Santiago,13,Santiago,131,La Reina,13113,La Reina,Chile:Metropolitana de Santiago:Santiago:La Reina:La Reina,-33.44156,-70.54417,675,EGM96,27.693,702.693,WGS84_ellipsoid_EGM96_conversion,radar_surface_estimate_2000,America/Santiago,,geonames:3884806,CC-BY-4.0,gazetteer_reference,Approximate gazetteer reference for the settlement; not a municipal-building survey.,nasadem-hgt-v001:s34w071,1590,1641,,,
cl-municipality-13114,municipal_seat,Chile,CL,Metropolitana de Santiago,13,Santiago,131,Las Condes,13114,Las Condes,Chile:Metropolitana de Santiago:Santiago:Las Condes:Las Condes,-33.41636,-70.56413,678,EGM96,27.601,705.601,WGS84_ellipsoid_EGM96_conversion,radar_surface_estimate_2000,America/Santiago,,geonames:3884447,CC-BY-4.0,gazetteer_reference,Approximate gazetteer reference for the settlement; not a municipal-building survey.,nasadem-hgt-v001:s34w071,1499,1569,,,
cl-municipality-13115,municipal_seat,Chile,CL,Metropolitana de Santiago,13,Santiago,131,Lo Barnechea,13115,Lo Barnechea,Chile:Metropolitana de Santiago:Santiago:Lo Barnechea:Lo Barnechea,-33.36071,-70.51244,820,EGM96,28.051,848.051,WGS84_ellipsoid_EGM96_conversion,radar_surface_estimate_2000,America/Santiago,,geonames:3882797,CC-BY-4.0,gazetteer_reference,Approximate gazetteer reference for the settlement; not a municipal-building survey.,nasadem-hgt-v001:s34w071,1299,1755,,,
cl-municipality-13116,municipal_seat,Chile,CL,Metropolitana de Santiago,13,Santiago,131,Lo Espejo,13116,Lo Espejo,Chile:Metropolitana de Santiago:Santiago:Lo Espejo:Lo Espejo,-33.53072,-70.69588,540,EGM96,26.536,566.536,WGS84_ellipsoid_EGM96_conversion,radar_surface_estimate_2000,America/Santiago,,geonames:3889867,CC-BY-4.0,gazetteer_reference,Approximate gazetteer reference for the settlement; not a municipal-building survey.,nasadem-hgt-v001:s34w071,1911,1095,,,
cl-municipality-13117,municipal_seat,Chile,CL,Metropolitana de Santiago,13,Santiago,131,Lo Prado,13117,Lo Prado,Chile:Metropolitana de Santiago:Santiago:Lo Prado:Lo Prado,-33.4443,-70.72552,502,EGM96,26.431,528.431,WGS84_ellipsoid_EGM96_conversion,radar_surface_estimate_2000,America/Santiago,,geonames:7281020,CC-BY-4.0,gazetteer_reference,Approximate gazetteer reference for the settlement; not a municipal-building survey.,nasadem-hgt-v001:s34w071,1599,988,,,
cl-municipality-13118,municipal_seat,Chile,CL,Metropolitana de Santiago,13,Santiago,131,Macul,13118,Macul,Chile:Metropolitana de Santiago:Santiago:Macul:Macul,-33.48333,-70.6,567,EGM96,27.228,594.228,WGS84_ellipsoid_EGM96_conversion,radar_surface_estimate_2000,America/Santiago,,geonames:3885435,CC-BY-4.0,gazetteer_reference,Approximate gazetteer reference for the settlement; not a municipal-building survey.,nasadem-hgt-v001:s34w071,1740,1440,,,
cl-municipality-13119,municipal_seat,Chile,CL,Metropolitana de Santiago,13,Santiago,131,Maipú,13119,Maipú,Chile:Metropolitana de Santiago:Santiago:Maipú:Maipú,-33.51421,-70.7651,471,EGM96,26.086,497.086,WGS84_ellipsoid_EGM96_conversion,radar_surface_estimate_2000,America/Santiago,,geonames:3880980,CC-BY-4.0,gazetteer_reference,Approximate gazetteer reference for the settlement; not a municipal-building survey.,nasadem-hgt-v001:s34w071,1851,846,,,
cl-municipality-13120,municipal_seat,Chile,CL,Metropolitana de Santiago,13,Santiago,131,Ñuñoa,13120,Ñuñoa,Chile:Metropolitana de Santiago:Santiago:Ñuñoa:Ñuñoa,-33.44735,-70.58279,608,EGM96,27.415,635.415,WGS84_ellipsoid_EGM96_conversion,radar_surface_estimate_2000,America/Santiago,,geonames:3878431,CC-BY-4.0,gazetteer_reference,Approximate gazetteer reference for the settlement; not a municipal-building survey.,nasadem-hgt-v001:s34w071,1610,1502,,,
cl-municipality-13121,municipal_seat,Chile,CL,Metropolitana de Santiago,13,Santiago,131,Pedro Aguirre Cerda,13121,Pedro Aguirre Cerda,Chile:Metropolitana de Santiago:Santiago:Pedro Aguirre Cerda:Pedro Aguirre Cerda,-33.49188,-70.67616,524,EGM96,26.678,550.678,WGS84_ellipsoid_EGM96_conversion,radar_surface_estimate_2000,America/Santiago,,geonames:8261157,CC-BY-4.0,gazetteer_reference,"Municipal-seat name correction or gazetteer-name crosswalk; approximate settlement reference, not municipal building.",nasadem-hgt-v001:s34w071,1771,1166,,,
cl-municipality-13122,municipal_seat,Chile,CL,Metropolitana de Santiago,13,Santiago,131,Peñalolén,13122,Peñalolén,Chile:Metropolitana de Santiago:Santiago:Peñalolén:Peñalolén,-33.46836,-70.53411,704,EGM96,27.716,731.716,WGS84_ellipsoid_EGM96_conversion,radar_surface_estimate_2000,America/Santiago,,geonames:3876682,CC-BY-4.0,gazetteer_reference,Approximate gazetteer reference for the settlement; not a municipal-building survey.,nasadem-hgt-v001:s34w071,1686,1677,,,
cl-municipality-13123,municipal_seat,Chile,CL,Metropolitana de Santiago,13,Santiago,131,Providencia,13123,Providencia,Chile:Metropolitana de Santiago:Santiago:Providencia:Providencia,-33.43107,-70.60454,610,EGM96,27.295,637.295,WGS84_ellipsoid_EGM96_conversion,radar_surface_estimate_2000,America/Santiago,,geonames:3875139,CC-BY-4.0,gazetteer_reference,Approximate gazetteer reference for the settlement; not a municipal-building survey.,nasadem-hgt-v001:s34w071,1552,1424,,,
cl-municipality-13124,municipal_seat,Chile,CL,Metropolitana de Santiago,13,Santiago,131,Pudahuel,13124,Pudahuel,Chile:Metropolitana de Santiago:Santiago:Pudahuel:Pudahuel,-33.44558,-70.74604,490,EGM96,26.286,516.286,WGS84_ellipsoid_EGM96_conversion,radar_surface_estimate_2000,America/Santiago,Barrancas,geonames:3898734,CC-BY-4.0,gazetteer_reference,"Municipal-seat name correction or gazetteer-name crosswalk; approximate settlement reference, not municipal building.",nasadem-hgt-v001:s34w071,1604,914,,,
cl-municipality-13125,municipal_seat,Chile,CL,Metropolitana de Santiago,13,Santiago,131,Quilicura,13125,Quilicura,Chile:Metropolitana de Santiago:Santiago:Quilicura:Quilicura,-33.36799,-70.71388,491,EGM96,26.671,517.671,WGS84_ellipsoid_EGM96_conversion,radar_surface_estimate_2000,America/Santiago,,geonames:3874212,CC-BY-4.0,gazetteer_reference,Approximate gazetteer reference for the settlement; not a municipal-building survey.,nasadem-hgt-v001:s34w071,1325,1030,,,
cl-municipality-13126,municipal_seat,Chile,CL,Metropolitana de Santiago,13,Santiago,131,Quinta Normal,13126,Quinta Normal,Chile:Metropolitana de Santiago:Santiago:Quinta Normal:Quinta Normal,-33.44186,-70.67899,535,EGM96,26.759,561.759,WGS84_ellipsoid_EGM96_conversion,radar_surface_estimate_2000,America/Santiago,,geonames:3873992,CC-BY-4.0,gazetteer_reference,Approximate gazetteer reference for the settlement; not a municipal-building survey.,nasadem-hgt-v001:s34w071,1591,1156,,,
cl-municipality-13127,municipal_seat,Chile,CL,Metropolitana de Santiago,13,Santiago,131,Recoleta,13127,Recoleta,Chile:Metropolitana de Santiago:Santiago:Recoleta:Recoleta,-33.40644,-70.63951,533,EGM96,27.101,560.101,WGS84_ellipsoid_EGM96_conversion,radar_surface_estimate_2000,America/Santiago,,geonames:7114244,CC-BY-4.0,gazetteer_reference,Approximate gazetteer reference for the settlement; not a municipal-building survey.,nasadem-hgt-v001:s34w071,1463,1298,,,
cl-municipality-13128,municipal_seat,Chile,CL,Metropolitana de Santiago,13,Santiago,131,Renca,13128,Renca,Chile:Metropolitana de Santiago:Santiago:Renca:Renca,-33.4019,-70.70619,503,EGM96,26.653,529.653,WGS84_ellipsoid_EGM96_conversion,radar_surface_estimate_2000,America/Santiago,,geonames:3873454,CC-BY-4.0,gazetteer_reference,Approximate gazetteer reference for the settlement; not a municipal-building survey.,nasadem-hgt-v001:s34w071,1447,1058,,,
cl-municipality-13129,municipal_seat,Chile,CL,Metropolitana de Santiago,13,Santiago,131,San Joaquín,13129,San Joaquín,Chile:Metropolitana de Santiago:Santiago:San Joaquín:San Joaquín,-33.5,-70.61667,570,EGM96,27.08,597.08,WGS84_ellipsoid_EGM96_conversion,radar_surface_estimate_2000,America/Santiago,,geonames:3872139,CC-BY-4.0,gazetteer_reference,Approximate gazetteer reference for the settlement; not a municipal-building survey.,nasadem-hgt-v001:s34w071,1800,1380,,,
cl-municipality-13130,municipal_seat,Chile,CL,Metropolitana de Santiago,13,Santiago,131,San Miguel,13130,San Miguel,Chile:Metropolitana de Santiago:Santiago:San Miguel:San Miguel,-33.49168,-70.65709,539,EGM96,26.812,565.812,WGS84_ellipsoid_EGM96_conversion,radar_surface_estimate_2000,America/Santiago,,geonames:3871903,CC-BY-4.0,gazetteer_reference,Approximate gazetteer reference for the settlement; not a municipal-building survey.,nasadem-hgt-v001:s34w071,1770,1234,,,
cl-municipality-13131,municipal_seat,Chile,CL,Metropolitana de Santiago,13,Santiago,131,San Ramón,13131,San Ramón,Chile:Metropolitana de Santiago:Santiago:San Ramón:San Ramón,-33.53142,-70.6422,583,EGM96,26.925,609.925,WGS84_ellipsoid_EGM96_conversion,radar_surface_estimate_2000,America/Santiago,San Ramon,geonames:8261158,CC-BY-4.0,gazetteer_reference,"Municipal-seat name correction or gazetteer-name crosswalk; approximate settlement reference, not municipal building.",nasadem-hgt-v001:s34w071,1913,1288,,,
cl-municipality-13132,municipal_seat,Chile,CL,Metropolitana de Santiago,13,Santiago,131,Vitacura,13132,Vitacura,Chile:Metropolitana de Santiago:Santiago:Vitacura:Vitacura,-33.39227,-70.58275,680,EGM96,27.517,707.517,WGS84_ellipsoid_EGM96_conversion,radar_surface_estimate_2000,America/Santiago,,geonames:3868044,CC-BY-4.0,gazetteer_reference,Approximate gazetteer reference for the settlement; not a municipal-building survey.,nasadem-hgt-v001:s34w071,1412,1502,,,
cl-municipality-13201,municipal_seat,Chile,CL,Metropolitana de Santiago,13,Cordillera,132,Puente Alto,13201,Puente Alto,Chile:Metropolitana de Santiago:Cordillera:Puente Alto:Puente Alto,-33.61169,-70.57577,692,EGM96,27.501,719.501,WGS84_ellipsoid_EGM96_conversion,radar_surface_estimate_2000,America/Santiago,,geonames:3875024,CC-BY-4.0,gazetteer_reference,Approximate gazetteer reference for the settlement; not a municipal-building survey.,nasadem-hgt-v001:s34w071,2202,1527,,,
cl-municipality-13202,municipal_seat,Chile,CL,Metropolitana de Santiago,13,Cordillera,132,Pirque,13202,Pirque,Chile:Metropolitana de Santiago:Cordillera:Pirque:Pirque,-33.63638,-70.57361,686,EGM96,27.547,713.547,WGS84_ellipsoid_EGM96_conversion,radar_surface_estimate_2000,America/Santiago,,geonames:3875811,CC-BY-4.0,gazetteer_reference,Approximate gazetteer reference for the settlement; not a municipal-building survey.,nasadem-hgt-v001:s34w071,2291,1535,,,
cl-municipality-13203,municipal_seat,Chile,CL,Metropolitana de Santiago,13,Cordillera,132,San José de Maipo,13203,San José de Maipo,Chile:Metropolitana de Santiago:Cordillera:San José de Maipo:San José de Maipo,-33.63912,-70.35318,960,EGM96,29.247,989.247,WGS84_ellipsoid_EGM96_conversion,radar_surface_estimate_2000,America/Santiago,San Jose de Maipo;San José de Maipo,geonames:3872073,CC-BY-4.0,gazetteer_reference,Approximate gazetteer reference for the settlement; not a municipal-building survey.,nasadem-hgt-v001:s34w071,2301,2329,,,
cl-municipality-13301,municipal_seat,Chile,CL,Metropolitana de Santiago,13,Chacabuco,133,Colina,13301,Colina,Chile:Metropolitana de Santiago:Chacabuco:Colina:Colina,-33.20443,-70.67474,591,EGM96,27.317,618.317,WGS84_ellipsoid_EGM96_conversion,radar_surface_estimate_2000,America/Santiago,,geonames:3894242,CC-BY-4.0,gazetteer_reference,Approximate gazetteer reference for the settlement; not a municipal-building survey.,nasadem-hgt-v001:s34w071,736,1171,,,
cl-municipality-13302,municipal_seat,Chile,CL,Metropolitana de Santiago,13,Chacabuco,133,Lampa,13302,Lampa,Chile:Metropolitana de Santiago:Chacabuco:Lampa:Lampa,-33.2863,-70.87561,492,EGM96,26.099,518.099,WGS84_ellipsoid_EGM96_conversion,radar_surface_estimate_2000,America/Santiago,,geonames:3885273,CC-BY-4.0,gazetteer_reference,Approximate gazetteer reference for the settlement; not a municipal-building survey.,nasadem-hgt-v001:s34w071,1031,448,,,
cl-municipality-13303,municipal_seat,Chile,CL,Metropolitana de Santiago,13,Chacabuco,133,Tiltil,13303,Tiltil,Chile:Metropolitana de Santiago:Chacabuco:Tiltil:Tiltil,-33.0831,-70.92924,583,EGM96,26.36,609.36,WGS84_ellipsoid_EGM96_conversion,radar_surface_estimate_2000,America/Santiago,,geonames:3869821,CC-BY-4.0,gazetteer_reference,Approximate gazetteer reference for the settlement; not a municipal-building survey.,nasadem-hgt-v001:s34w071,299,255,,,
cl-municipality-13401,municipal_seat,Chile,CL,Metropolitana de Santiago,13,Maipo,134,San Bernardo,13401,San Bernardo,Chile:Metropolitana de Santiago:Maipo:San Bernardo:San Bernardo,-33.59217,-70.6996,565,EGM96,26.536,591.536,WGS84_ellipsoid_EGM96_conversion,radar_surface_estimate_2000,America/Santiago,,geonames:3872348,CC-BY-4.0,gazetteer_reference,Approximate gazetteer reference for the settlement; not a municipal-building survey.,nasadem-hgt-v001:s34w071,2132,1081,,,
cl-municipality-13402,municipal_seat,Chile,CL,Metropolitana de Santiago,13,Maipo,134,Buin,13402,Buin,Chile:Metropolitana de Santiago:Maipo:Buin:Buin,-33.73257,-70.74281,474,EGM96,26.232,500.232,WGS84_ellipsoid_EGM96_conversion,radar_surface_estimate_2000,America/Santiago,,geonames:3897774,CC-BY-4.0,gazetteer_reference,Approximate gazetteer reference for the settlement; not a municipal-building survey.,nasadem-hgt-v001:s34w071,2637,926,,,
cl-municipality-13403,municipal_seat,Chile,CL,Metropolitana de Santiago,13,Maipo,134,Calera de Tango,13403,Calera de Tango,Chile:Metropolitana de Santiago:Maipo:Calera de Tango:Calera de Tango,-33.62238,-70.79912,467,EGM96,25.947,492.947,WGS84_ellipsoid_EGM96_conversion,radar_surface_estimate_2000,America/Santiago,,geonames:3897301,CC-BY-4.0,gazetteer_reference,Approximate gazetteer reference for the settlement; not a municipal-building survey.,nasadem-hgt-v001:s34w071,2241,723,,,
cl-municipality-13404,municipal_seat,Chile,CL,Metropolitana de Santiago,13,Maipo,134,Paine,13404,Paine,Chile:Metropolitana de Santiago:Maipo:Paine:Paine,-33.80796,-70.74109,400,EGM96,26.427,426.427,WGS84_ellipsoid_EGM96_conversion,radar_surface_estimate_2000,America/Santiago,,geonames:3877739,CC-BY-4.0,gazetteer_reference,Approximate gazetteer reference for the settlement; not a municipal-building survey.,nasadem-hgt-v001:s34w071,2909,932,,,
cl-municipality-13501,municipal_seat,Chile,CL,Metropolitana de Santiago,13,Melipilla,135,Melipilla,13501,Melipilla,Chile:Metropolitana de Santiago:Melipilla:Melipilla:Melipilla,-33.68909,-71.21528,166,EGM96,24.7,190.7,WGS84_ellipsoid_EGM96_conversion,radar_surface_estimate_2000,America/Santiago,,geonames:3880107,CC-BY-4.0,gazetteer_reference,Approximate gazetteer reference for the settlement; not a municipal-building survey.,nasadem-hgt-v001:s34w072,2481,2825,,,
cl-municipality-13502,municipal_seat,Chile,CL,Metropolitana de Santiago,13,Melipilla,135,Alhué,13502,Villa Alhué,Chile:Metropolitana de Santiago:Melipilla:Alhué:Villa Alhué,-34.03268,-71.10033,185,EGM96,24.729,209.729,WGS84_ellipsoid_EGM96_conversion,radar_surface_estimate_2000,America/Santiago,Alhué,geonames:3868191,CC-BY-4.0,gazetteer_reference,Approximate gazetteer reference for the settlement; not a municipal-building survey.,nasadem-hgt-v001:s35w072,118,3239,,,
cl-municipality-13503,municipal_seat,Chile,CL,Metropolitana de Santiago,13,Melipilla,135,Curacaví,13503,Curacaví,Chile:Metropolitana de Santiago:Melipilla:Curacaví:Curacaví,-33.39762,-71.12708,205,EGM96,25.088,230.088,WGS84_ellipsoid_EGM96_conversion,radar_surface_estimate_2000,America/Santiago,Curacavi;Curacaví,geonames:3892934,CC-BY-4.0,gazetteer_reference,Approximate gazetteer reference for the settlement; not a municipal-building survey.,nasadem-hgt-v001:s34w072,1431,3143,,,
cl-municipality-13504,municipal_seat,Chile,CL,Metropolitana de Santiago,13,Melipilla,135,María Pinto,13504,María Pinto,Chile:Metropolitana de Santiago:Melipilla:María Pinto:María Pinto,-33.5172,-71.12199,160,EGM96,24.989,184.989,WGS84_ellipsoid_EGM96_conversion,radar_surface_estimate_2000,America/Santiago,Maria Pinto;María Pinto,geonames:3880486,CC-BY-4.0,gazetteer_reference,Approximate gazetteer reference for the settlement; not a municipal-building survey.,nasadem-hgt-v001:s34w072,1862,3161,,,
cl-municipality-13505,municipal_seat,Chile,CL,Metropolitana de Santiago,13,Melipilla,135,San Pedro,13505,San Pedro,Chile:Metropolitana de Santiago:Melipilla:San Pedro:San Pedro,-33.89346,-71.45784,144,EGM96,24.021,168.021,WGS84_ellipsoid_EGM96_conversion,radar_surface_estimate_2000,America/Santiago,,geonames:3871829,CC-BY-4.0,gazetteer_reference,Approximate gazetteer reference for the settlement; not a municipal-building survey.,nasadem-hgt-v001:s34w072,3216,1952,,,
cl-municipality-13601,municipal_seat,Chile,CL,Metropolitana de Santiago,13,Talagante,136,Talagante,13601,Talagante,Chile:Metropolitana de Santiago:Talagante:Talagante:Talagante,-33.66386,-70.92734,339,EGM96,25.368,364.368,WGS84_ellipsoid_EGM96_conversion,radar_surface_estimate_2000,America/Santiago,,geonames:3870306,CC-BY-4.0,gazetteer_reference,Approximate gazetteer reference for the settlement; not a municipal-building survey.,nasadem-hgt-v001:s34w071,2390,262,,,
cl-municipality-13602,municipal_seat,Chile,CL,Metropolitana de Santiago,13,Talagante,136,El Monte,13602,El Monte,Chile:Metropolitana de Santiago:Talagante:El Monte:El Monte,-33.67969,-70.98482,293,EGM96,25.095,318.095,WGS84_ellipsoid_EGM96_conversion,radar_surface_estimate_2000,America/Santiago,,geonames:3890949,CC-BY-4.0,gazetteer_reference,Approximate gazetteer reference for the settlement; not a municipal-building survey.,nasadem-hgt-v001:s34w071,2447,55,,,
cl-municipality-13603,municipal_seat,Chile,CL,Metropolitana de Santiago,13,Talagante,136,Isla de Maipo,13603,Isla de Maipo,Chile:Metropolitana de Santiago:Talagante:Isla de Maipo:Isla de Maipo,-33.74681,-70.8977,333,EGM96,25.453,358.453,WGS84_ellipsoid_EGM96_conversion,radar_surface_estimate_2000,America/Santiago,,geonames:3887072,CC-BY-4.0,gazetteer_reference,Approximate gazetteer reference for the settlement; not a municipal-building survey.,nasadem-hgt-v001:s34w071,2689,368,,,
cl-municipality-13604,municipal_seat,Chile,CL,Metropolitana de Santiago,13,Talagante,136,Padre Hurtado,13604,Padre Hurtado,Chile:Metropolitana de Santiago:Talagante:Padre Hurtado:Padre Hurtado,-33.56839,-70.80584,447,EGM96,25.926,472.926,WGS84_ellipsoid_EGM96_conversion,radar_surface_estimate_2000,America/Santiago,,geonames:3877794,CC-BY-4.0,gazetteer_reference,Approximate gazetteer reference for the settlement; not a municipal-building survey.,nasadem-hgt-v001:s34w071,2046,699,,,
cl-municipality-13605,municipal_seat,Chile,CL,Metropolitana de Santiago,13,Talagante,136,Peñaflor,13605,Peñaflor,Chile:Metropolitana de Santiago:Talagante:Peñaflor:Peñaflor,-33.60627,-70.87649,388,EGM96,25.623,413.623,WGS84_ellipsoid_EGM96_conversion,radar_surface_estimate_2000,America/Santiago,,geonames:3876685,CC-BY-4.0,gazetteer_reference,Approximate gazetteer reference for the settlement; not a municipal-building survey.,nasadem-hgt-v001:s34w071,2183,445,,,
cl-municipality-14101,municipal_seat,Chile,CL,Los Ríos,14,Valdivia,141,Valdivia,14101,Valdivia,Chile:Los Ríos:Valdivia:Valdivia:Valdivia,-39.81422,-73.24589,16,EGM96,16.032,32.032,WGS84_ellipsoid_EGM96_conversion,radar_surface_estimate_2000,America/Santiago,,geonames:3868707,CC-BY-4.0,gazetteer_reference,Approximate gazetteer reference for the settlement; not a municipal-building survey.,nasadem-hgt-v001:s40w074,2931,2715,,,
cl-municipality-14102,municipal_seat,Chile,CL,Los Ríos,14,Valdivia,141,Corral,14102,Corral,Chile:Los Ríos:Valdivia:Corral:Corral,-39.8873,-73.43101,3,EGM96,15.483,18.483,WGS84_ellipsoid_EGM96_conversion,radar_surface_estimate_2000,America/Santiago,,geonames:3893516,CC-BY-4.0,gazetteer_reference,Approximate gazetteer reference for the settlement; not a municipal-building survey.,nasadem-hgt-v001:s40w074,3194,2048,,,
cl-municipality-14103,municipal_seat,Chile,CL,Los Ríos,14,Valdivia,141,Lanco,14103,Lanco,Chile:Los Ríos:Valdivia:Lanco:Lanco,-39.45246,-72.77117,73,EGM96,17.738,90.738,WGS84_ellipsoid_EGM96_conversion,radar_surface_estimate_2000,America/Santiago,,geonames:3885251,CC-BY-4.0,gazetteer_reference,Approximate gazetteer reference for the settlement; not a municipal-building survey.,nasadem-hgt-v001:s40w073,1629,824,,,
cl-municipality-14104,municipal_seat,Chile,CL,Los Ríos,14,Valdivia,141,Los Lagos,14104,Los Lagos,Chile:Los Ríos:Valdivia:Los Lagos:Los Lagos,-39.8635,-72.80914,32,EGM96,17.857,49.857,WGS84_ellipsoid_EGM96_conversion,radar_surface_estimate_2000,America/Santiago,,geonames:3881976,CC-BY-4.0,gazetteer_reference,Approximate gazetteer reference for the settlement; not a municipal-building survey.,nasadem-hgt-v001:s40w073,3109,687,,,
cl-municipality-14105,municipal_seat,Chile,CL,Los Ríos,14,Valdivia,141,Máfil,14105,Máfil,Chile:Los Ríos:Valdivia:Máfil:Máfil,-39.665,-72.95159,23,EGM96,17.092,40.092,WGS84_ellipsoid_EGM96_conversion,radar_surface_estimate_2000,America/Santiago,,geonames:3881046,CC-BY-4.0,gazetteer_reference,Approximate gazetteer reference for the settlement; not a municipal-building survey.,nasadem-hgt-v001:s40w073,2394,174,,,
cl-municipality-14106,municipal_seat,Chile,CL,Los Ríos,14,Valdivia,141,Mariquina,14106,San José de La Mariquina,Chile:Los Ríos:Valdivia:Mariquina:San José de La Mariquina,-39.53635,-72.9657,22,EGM96,16.933,38.933,WGS84_ellipsoid_EGM96_conversion,radar_surface_estimate_2000,America/Santiago,Mariquina;San José de la Mariquina,geonames:3872079,CC-BY-4.0,gazetteer_reference,Approximate gazetteer reference for the settlement; not a municipal-building survey.,nasadem-hgt-v001:s40w073,1931,123,,,
cl-municipality-14107,municipal_seat,Chile,CL,Los Ríos,14,Valdivia,141,Paillaco,14107,Paillaco,Chile:Los Ríos:Valdivia:Paillaco:Paillaco,-40.06822,-72.87935,84,EGM96,17.826,101.826,WGS84_ellipsoid_EGM96_conversion,radar_surface_estimate_2000,America/Santiago,,geonames:3877744,CC-BY-4.0,gazetteer_reference,Approximate gazetteer reference for the settlement; not a municipal-building survey.,nasadem-hgt-v001:s41w073,246,434,,,
cl-municipality-14108,municipal_seat,Chile,CL,Los Ríos,14,Valdivia,141,Panguipulli,14108,Panguipulli,Chile:Los Ríos:Valdivia:Panguipulli:Panguipulli,-39.64355,-72.33269,138,EGM96,19.657,157.657,WGS84_ellipsoid_EGM96_conversion,radar_surface_estimate_2000,America/Santiago,,geonames:3877348,CC-BY-4.0,gazetteer_reference,Approximate gazetteer reference for the settlement; not a municipal-building survey.,nasadem-hgt-v001:s40w073,2317,2402,,,
cl-municipality-14201,municipal_seat,Chile,CL,Los Ríos,14,Ranco,142,La Unión,14201,La Unión,Chile:Los Ríos:Ranco:La Unión:La Unión,-40.29313,-73.08167,33,EGM96,17.664,50.664,WGS84_ellipsoid_EGM96_conversion,radar_surface_estimate_2000,America/Santiago,La Union;La Unión,geonames:3883629,CC-BY-4.0,gazetteer_reference,Approximate gazetteer reference for the settlement; not a municipal-building survey.,nasadem-hgt-v001:s41w074,1055,3306,,,
cl-municipality-14202,municipal_seat,Chile,CL,Los Ríos,14,Ranco,142,Futrono,14202,Futrono,Chile:Los Ríos:Ranco:Futrono:Futrono,-40.1295,-72.38536,132,EGM96,19.754,151.754,WGS84_ellipsoid_EGM96_conversion,radar_surface_estimate_2000,America/Santiago,,geonames:3889221,CC-BY-4.0,gazetteer_reference,Approximate gazetteer reference for the settlement; not a municipal-building survey.,nasadem-hgt-v001:s41w073,466,2213,,,
cl-municipality-14203,municipal_seat,Chile,CL,Los Ríos,14,Ranco,142,Lago Ranco,14203,Lago Ranco,Chile:Los Ríos:Ranco:Lago Ranco:Lago Ranco,-40.32272,-72.48049,102,EGM96,19.414,121.414,WGS84_ellipsoid_EGM96_conversion,radar_surface_estimate_2000,America/Santiago,,geonames:3875595,CC-BY-4.0,gazetteer_reference,Approximate gazetteer reference for the settlement; not a municipal-building survey.,nasadem-hgt-v001:s41w073,1162,1870,,,
cl-municipality-14204,municipal_seat,Chile,CL,Los Ríos,14,Ranco,142,Río Bueno,14204,Río Bueno,Chile:Los Ríos:Ranco:Río Bueno:Río Bueno,-40.33494,-72.95564,59,EGM96,18.006,77.006,WGS84_ellipsoid_EGM96_conversion,radar_surface_estimate_2000,America/Santiago,,geonames:3873145,CC-BY-4.0,gazetteer_reference,Approximate gazetteer reference for the settlement; not a municipal-building survey.,nasadem-hgt-v001:s41w073,1206,160,,,
cl-municipality-15101,municipal_seat,Chile,CL,Arica y Parinacota,15,Arica,151,Arica,15101,Arica,Chile:Arica y Parinacota:Arica:Arica:Arica,-18.47552,-70.30058,34,EGM96,31.531,65.531,WGS84_ellipsoid_EGM96_conversion,radar_surface_estimate_2000,America/Santiago,,geonames:3899361,CC-BY-4.0,gazetteer_reference,Approximate gazetteer reference for the settlement; not a municipal-building survey.,nasadem-hgt-v001:s19w071,1712,2518,,,
cl-municipality-15102,municipal_seat,Chile,CL,Arica y Parinacota,15,Arica,151,Camarones,15102,Cuya,Chile:Arica y Parinacota:Arica:Camarones:Cuya,-19.16062,-70.17953,97,EGM96,32.472,129.472,WGS84_ellipsoid_EGM96_conversion,radar_surface_estimate_2000,America/Santiago,Camarones,geonames:3892797,CC-BY-4.0,gazetteer_reference,"Municipal-seat name correction or gazetteer-name crosswalk; approximate settlement reference, not municipal building.",nasadem-hgt-v001:s20w071,578,2954,,,
cl-municipality-15201,municipal_seat,Chile,CL,Arica y Parinacota,15,Parinacota,152,Putre,15201,Putre,Chile:Arica y Parinacota:Parinacota:Putre:Putre,-18.19821,-69.56071,3534,EGM96,42.629,3576.629,WGS84_ellipsoid_EGM96_conversion,radar_surface_estimate_2000,America/Santiago,,geonames:3874552,CC-BY-4.0,gazetteer_reference,Approximate gazetteer reference for the settlement; not a municipal-building survey.,nasadem-hgt-v001:s19w070,714,1581,,,
cl-municipality-15202,municipal_seat,Chile,CL,Arica y Parinacota,15,Parinacota,152,General Lagos,15202,Visviri,Chile:Arica y Parinacota:Parinacota:General Lagos:Visviri,-17.59495,-69.4809,4071,EGM96,44.648,4115.648,WGS84_ellipsoid_EGM96_conversion,radar_surface_estimate_2000,America/Santiago,General Lagos,geonames:3868048,CC-BY-4.0,gazetteer_reference,Approximate gazetteer reference for the settlement; not a municipal-building survey.,nasadem-hgt-v001:s18w070,2142,1869,,,
cl-municipality-16101,municipal_seat,Chile,CL,Ñuble,16,Diguillín,161,Chillán,16101,Chillán,Chile:Ñuble:Diguillín:Chillán:Chillán,-36.60664,-72.10344,129,EGM96,20.728,149.728,WGS84_ellipsoid_EGM96_conversion,radar_surface_estimate_2000,America/Santiago,Chillan;Chillán,geonames:3895088,CC-BY-4.0,gazetteer_reference,Approximate gazetteer reference for the settlement; not a municipal-building survey.,nasadem-hgt-v001:s37w073,2184,3228,,,
cl-municipality-16102,municipal_seat,Chile,CL,Ñuble,16,Diguillín,161,Bulnes,16102,Bulnes,Chile:Ñuble:Diguillín:Bulnes:Bulnes,-36.74232,-72.29854,91,EGM96,20.528,111.528,WGS84_ellipsoid_EGM96_conversion,radar_surface_estimate_2000,America/Santiago,,geonames:3897724,CC-BY-4.0,gazetteer_reference,Approximate gazetteer reference for the settlement; not a municipal-building survey.,nasadem-hgt-v001:s37w073,2672,2525,,,
cl-municipality-16103,municipal_seat,Chile,CL,Ñuble,16,Diguillín,161,Chillán Viejo,16103,Chillán Viejo,Chile:Ñuble:Diguillín:Chillán Viejo:Chillán Viejo,-36.62297,-72.13194,112,EGM96,20.699,132.699,WGS84_ellipsoid_EGM96_conversion,radar_surface_estimate_2000,America/Santiago,Chillan Viejo;Chillán Viejo,geonames:3895079,CC-BY-4.0,gazetteer_reference,Approximate gazetteer reference for the settlement; not a municipal-building survey.,nasadem-hgt-v001:s37w073,2243,3125,,,
cl-municipality-16104,municipal_seat,Chile,CL,Ñuble,16,Diguillín,161,El Carmen,16104,El Carmen,Chile:Ñuble:Diguillín:El Carmen:El Carmen,-36.89834,-72.0261,237,EGM96,20.781,257.781,WGS84_ellipsoid_EGM96_conversion,radar_surface_estimate_2000,America/Santiago,,geonames:3891707,CC-BY-4.0,gazetteer_reference,Approximate gazetteer reference for the settlement; not a municipal-building survey.,nasadem-hgt-v001:s37w073,3234,3506,,,
cl-municipality-16105,municipal_seat,Chile,CL,Ñuble,16,Diguillín,161,Pemuco,16105,Pemuco,Chile:Ñuble:Diguillín:Pemuco:Pemuco,-36.97792,-72.09611,191,EGM96,20.679,211.679,WGS84_ellipsoid_EGM96_conversion,radar_surface_estimate_2000,America/Santiago,,geonames:3876729,CC-BY-4.0,gazetteer_reference,Approximate gazetteer reference for the settlement; not a municipal-building survey.,nasadem-hgt-v001:s37w073,3521,3254,,,
cl-municipality-16106,municipal_seat,Chile,CL,Ñuble,16,Diguillín,161,Pinto,16106,Pinto,Chile:Ñuble:Diguillín:Pinto:Pinto,-36.70356,-71.89226,306,EGM96,21.131,327.131,WGS84_ellipsoid_EGM96_conversion,radar_surface_estimate_2000,America/Santiago,,geonames:3875882,CC-BY-4.0,gazetteer_reference,Approximate gazetteer reference for the settlement; not a municipal-building survey.,nasadem-hgt-v001:s37w072,2533,388,,,
cl-municipality-16107,municipal_seat,Chile,CL,Ñuble,16,Diguillín,161,Quillón,16107,Quillón,Chile:Ñuble:Diguillín:Quillón:Quillón,-36.74553,-72.47481,63,EGM96,20.594,83.594,WGS84_ellipsoid_EGM96_conversion,radar_surface_estimate_2000,America/Santiago,,geonames:3874122,CC-BY-4.0,gazetteer_reference,Approximate gazetteer reference for the settlement; not a municipal-building survey.,nasadem-hgt-v001:s37w073,2684,1891,,,
cl-municipality-16108,municipal_seat,Chile,CL,Ñuble,16,Diguillín,161,San Ignacio,16108,San Ignacio,Chile:Ñuble:Diguillín:San Ignacio:San Ignacio,-36.79971,-72.03153,227,EGM96,20.759,247.759,WGS84_ellipsoid_EGM96_conversion,radar_surface_estimate_2000,America/Santiago,,geonames:3872175,CC-BY-4.0,gazetteer_reference,Approximate gazetteer reference for the settlement; not a municipal-building survey.,nasadem-hgt-v001:s37w073,2879,3486,,,
cl-municipality-16109,municipal_seat,Chile,CL,Ñuble,16,Diguillín,161,Yungay,16109,Yungay,Chile:Ñuble:Diguillín:Yungay:Yungay,-37.11977,-72.01984,272,EGM96,20.825,292.825,WGS84_ellipsoid_EGM96_conversion,radar_surface_estimate_2000,America/Santiago,,geonames:3867616,CC-BY-4.0,gazetteer_reference,Approximate gazetteer reference for the settlement; not a municipal-building survey.,nasadem-hgt-v001:s38w073,431,3529,,,
cl-municipality-16201,municipal_seat,Chile,CL,Ñuble,16,Itata,162,Quirihue,16201,Quirihue,Chile:Ñuble:Itata:Quirihue:Quirihue,-36.27998,-72.54118,257,EGM96,20.97,277.97,WGS84_ellipsoid_EGM96_conversion,radar_surface_estimate_2000,America/Santiago,,geonames:3873958,CC-BY-4.0,gazetteer_reference,Approximate gazetteer reference for the settlement; not a municipal-building survey.,nasadem-hgt-v001:s37w073,1008,1652,,,
cl-municipality-16202,municipal_seat,Chile,CL,Ñuble,16,Itata,162,Cobquecura,16202,Cobquecura,Chile:Ñuble:Itata:Cobquecura:Cobquecura,-36.13251,-72.79401,9,EGM96,20.207,29.207,WGS84_ellipsoid_EGM96_conversion,radar_surface_estimate_2000,America/Santiago,,geonames:3894526,CC-BY-4.0,gazetteer_reference,Approximate gazetteer reference for the settlement; not a municipal-building survey.,nasadem-hgt-v001:s37w073,477,742,,,
cl-municipality-16203,municipal_seat,Chile,CL,Ñuble,16,Itata,162,Coelemu,16203,Coelemu,Chile:Ñuble:Itata:Coelemu:Coelemu,-36.48741,-72.7032,30,EGM96,20.682,50.682,WGS84_ellipsoid_EGM96_conversion,radar_surface_estimate_2000,America/Santiago,,geonames:3894446,CC-BY-4.0,gazetteer_reference,Approximate gazetteer reference for the settlement; not a municipal-building survey.,nasadem-hgt-v001:s37w073,1755,1068,,,
cl-municipality-16204,municipal_seat,Chile,CL,Ñuble,16,Itata,162,Ninhue,16204,Ninhue,Chile:Ñuble:Itata:Ninhue:Ninhue,-36.39418,-72.3987,96,EGM96,20.874,116.874,WGS84_ellipsoid_EGM96_conversion,radar_surface_estimate_2000,America/Santiago,,geonames:3878630,CC-BY-4.0,gazetteer_reference,Approximate gazetteer reference for the settlement; not a municipal-building survey.,nasadem-hgt-v001:s37w073,1419,2165,,,
cl-municipality-16205,municipal_seat,Chile,CL,Ñuble,16,Itata,162,Portezuelo,16205,Portezuelo,Chile:Ñuble:Itata:Portezuelo:Portezuelo,-36.52858,-72.42831,126,EGM96,20.761,146.761,WGS84_ellipsoid_EGM96_conversion,radar_surface_estimate_2000,America/Santiago,,geonames:3875407,CC-BY-4.0,gazetteer_reference,Approximate gazetteer reference for the settlement; not a municipal-building survey.,nasadem-hgt-v001:s37w073,1903,2058,,,
cl-municipality-16206,municipal_seat,Chile,CL,Ñuble,16,Itata,162,Ranquil,16206,Ñipas,Chile:Ñuble:Itata:Ranquil:Ñipas,-36.60506,-72.53483,46,EGM96,20.713,66.713,WGS84_ellipsoid_EGM96_conversion,radar_surface_estimate_2000,America/Santiago,Ranquil,geonames:3878615,CC-BY-4.0,gazetteer_reference,Approximate gazetteer reference for the settlement; not a municipal-building survey.,nasadem-hgt-v001:s37w073,2178,1675,,,
cl-municipality-16207,municipal_seat,Chile,CL,Ñuble,16,Itata,162,Treguaco,16207,Treguaco,Chile:Ñuble:Itata:Treguaco:Treguaco,-36.4324,-72.6697,22,EGM96,20.726,42.726,WGS84_ellipsoid_EGM96_conversion,radar_surface_estimate_2000,America/Santiago,,geonames:3869253,CC-BY-4.0,gazetteer_reference,Approximate gazetteer reference for the settlement; not a municipal-building survey.,nasadem-hgt-v001:s37w073,1557,1189,,,
cl-municipality-16301,municipal_seat,Chile,CL,Ñuble,16,Punilla,163,San Carlos,16301,San Carlos,Chile:Ñuble:Punilla:San Carlos:San Carlos,-36.42477,-71.958,177,EGM96,20.899,197.899,WGS84_ellipsoid_EGM96_conversion,radar_surface_estimate_2000,America/Santiago,,geonames:3872326,CC-BY-4.0,gazetteer_reference,Approximate gazetteer reference for the settlement; not a municipal-building survey.,nasadem-hgt-v001:s37w072,1529,151,,,
cl-municipality-16302,municipal_seat,Chile,CL,Ñuble,16,Punilla,163,Coihueco,16302,Coihueco,Chile:Ñuble:Punilla:Coihueco:Coihueco,-36.62785,-71.83068,251,EGM96,21.284,272.284,WGS84_ellipsoid_EGM96_conversion,radar_surface_estimate_2000,America/Santiago,,geonames:3894406,CC-BY-4.0,gazetteer_reference,Approximate gazetteer reference for the settlement; not a municipal-building survey.,nasadem-hgt-v001:s37w072,2260,610,,,
cl-municipality-16303,municipal_seat,Chile,CL,Ñuble,16,Punilla,163,Ñiquén,16303,San Gregorio,Chile:Ñuble:Punilla:Ñiquén:San Gregorio,-36.28207,-71.81542,172,EGM96,21.083,193.083,WGS84_ellipsoid_EGM96_conversion,radar_surface_estimate_2000,America/Santiago,Ñiquén,geonames:3872196,CC-BY-4.0,gazetteer_reference,Approximate gazetteer reference for the settlement; not a municipal-building survey.,nasadem-hgt-v001:s37w072,1015,664,,,
cl-municipality-16304,municipal_seat,Chile,CL,Ñuble,16,Punilla,163,San Fabián,16304,San Fabián de Alico,Chile:Ñuble:Punilla:San Fabián:San Fabián de Alico,-36.51952,-71.58608,395,EGM96,22.143,417.143,WGS84_ellipsoid_EGM96_conversion,radar_surface_estimate_2000,America/Santiago,San Fabián,geonames:3872257,CC-BY-4.0,gazetteer_reference,Approximate gazetteer reference for the settlement; not a municipal-building survey.,nasadem-hgt-v001:s37w072,1870,1490,,,
cl-municipality-16305,municipal_seat,Chile,CL,Ñuble,16,Punilla,163,San Nicolás,16305,San Nicolás,Chile:Ñuble:Punilla:San Nicolás:San Nicolás,-36.50122,-72.21555,90,EGM96,20.726,110.726,WGS84_ellipsoid_EGM96_conversion,radar_surface_estimate_2000,America/Santiago,San Nicolas;San Nicolás,geonames:3871875,CC-BY-4.0,gazetteer_reference,Approximate gazetteer reference for the settlement; not a municipal-building survey.,nasadem-hgt-v001:s37w073,1804,2824,,,
cl-observatory-q10914152,observatory,Chile,CL,Antofagasta,02,Antofagasta,021,Taltal,02104,Observatorio Paranal,Chile:Antofagasta:Antofagasta:Taltal:Observatorio Paranal,-24.627222222222,-70.404166666667,2637,EGM96,33.316,2670.316,WGS84_ellipsoid_EGM96_conversion,radar_surface_estimate_2000,America/Santiago,Paranal;VLT,wikidata:Q10914152,CC0-1.0,site_reference,"Site reference point, not the surveyed phase centre of an individual instrument.",nasadem-hgt-v001:s25w071,2258,2145,2635.0,source_elevation_above_sea_level_unspecified_geoid,wikidata:Q10914152:P2044
cl-observatory-q635105,observatory,Chile,CL,Antofagasta,02,Antofagasta,021,Taltal,02104,Telescopio Extremadamente Grande,Chile:Antofagasta:Antofagasta:Taltal:Telescopio Extremadamente Grande,-24.5893,-70.1916,3057,EGM96,35.671,3092.671,WGS84_ellipsoid_EGM96_conversion,radar_surface_estimate_2000,America/Santiago,ELT;Cerro Armazones;Armazones,wikidata:Q635105,CC0-1.0,site_reference,"Site reference point, not the surveyed phase centre of an individual instrument.",nasadem-hgt-v001:s25w071,2121,2910,3046.0,source_elevation_above_sea_level_unspecified_geoid,wikidata:Q635105:P2044
cl-observatory-q725364,observatory,Chile,CL,Antofagasta,02,El Loa,022,San Pedro de Atacama,02203,ALMA,Chile:Antofagasta:El Loa:San Pedro de Atacama:ALMA,-23.01928,-67.75318,5020,EGM96,42.258,5062.258,WGS84_ellipsoid_EGM96_conversion,radar_surface_estimate_2000,America/Santiago,Atacama Large Millimeter Array;ALMA AOS,wikidata:Q725364,CC0-1.0,site_reference,"Site reference point, not the surveyed phase centre of an individual instrument.",nasadem-hgt-v001:s24w068,69,889,5058.7,source_elevation_above_sea_level_unspecified_geoid,wikidata:Q725364:P2044
cl-observatory-q753076,observatory,Chile,CL,Antofagasta,02,El Loa,022,San Pedro de Atacama,02203,APEX,Chile:Antofagasta:El Loa:San Pedro de Atacama:APEX,-23.00583333,-67.75916667,5052,EGM96,42.24,5094.24,WGS84_ellipsoid_EGM96_conversion,radar_surface_estimate_2000,America/Santiago,Atacama Pathfinder Experiment,wikidata:Q753076,CC0-1.0,site_reference,"Site reference point, not the surveyed phase centre of an individual instrument.",nasadem-hgt-v001:s24w068,21,867,5064.0;5104.0,source_elevation_above_sea_level_unspecified_geoid,wikidata:Q753076:P2044
cl-observatory-q1068067,observatory,Chile,CL,Atacama,03,Huasco,033,Vallenar,03301,Observatorio Las Campanas,Chile:Atacama:Huasco:Vallenar:Observatorio Las Campanas,-29.015972222222,-70.692083333333,2364,EGM96,33.277,2397.277,WGS84_ellipsoid_EGM96_conversion,radar_surface_estimate_2000,America/Santiago,Las Campanas,wikidata:Q1068067,CC0-1.0,site_reference,"Site reference point, not the surveyed phase centre of an individual instrument.",nasadem-hgt-v001:s30w071,57,1109,2380.0,source_elevation_above_sea_level_unspecified_geoid,wikidata:Q1068067:P2044
cl-observatory-q652252,observatory,Chile,CL,Atacama,03,Huasco,033,Vallenar,03301,Telescopio Gigante de Magallanes,Chile:Atacama:Huasco:Vallenar:Telescopio Gigante de Magallanes,-29.048333,-70.683611,2513,EGM96,33.507,2546.507,WGS84_ellipsoid_EGM96_conversion,radar_surface_estimate_2000,America/Santiago,GMT;Giant Magellan Telescope,wikidata:Q652252,CC0-1.0,site_reference,"Site reference point, not the surveyed phase centre of an individual instrument.",nasadem-hgt-v001:s30w071,174,1139,2516.0,source_elevation_above_sea_level_unspecified_geoid,wikidata:Q652252:P2044
cl-observatory-q459352,observatory,Chile,CL,Coquimbo,04,Elqui,041,La Higuera,04104,Observatorio de La Silla,Chile:Coquimbo:Elqui:La Higuera:Observatorio de La Silla,-29.2575,-70.7375,2338,EGM96,34.134,2372.134,WGS84_ellipsoid_EGM96_conversion,radar_surface_estimate_2000,America/Santiago,La Silla,wikidata:Q459352,CC0-1.0,site_reference,"Site reference point, not the surveyed phase centre of an individual instrument.",nasadem-hgt-v001:s30w071,927,945,2400.0,source_elevation_above_sea_level_unspecified_geoid,wikidata:Q459352:P2044
cl-observatory-gn3895846,observatory,Chile,CL,Coquimbo,04,Elqui,041,Vicuña,04106,Observatorio Cerro Morado,Chile:Coquimbo:Elqui:Vicuña:Observatorio Cerro Morado,-30.21049,-70.80437,2134,EGM96,34.467,2168.467,WGS84_ellipsoid_EGM96_conversion,radar_surface_estimate_2000,America/Santiago,Cerro Morado,geonames:3895846,CC-BY-4.0,gazetteer_reference,Approximate gazetteer point; operational status is not asserted.,nasadem-hgt-v001:s31w071,758,704,,,
cl-observatory-q1056113,observatory,Chile,CL,Coquimbo,04,Elqui,041,Vicuña,04106,Observatorio de Cerro Tololo,Chile:Coquimbo:Elqui:Vicuña:Observatorio de Cerro Tololo,-30.169661111111,-70.806525,2201,EGM96,34.485,2235.485,WGS84_ellipsoid_EGM96_conversion,radar_surface_estimate_2000,America/Santiago,Cerro Tololo;Tololo,wikidata:Q1056113,CC0-1.0,site_reference,"Site reference point, not the surveyed phase centre of an individual instrument.",nasadem-hgt-v001:s31w071,611,697,2207.0,source_elevation_above_sea_level_unspecified_geoid,wikidata:Q1056113:P2044
cl-observatory-q672021,observatory,Chile,CL,Coquimbo,04,Elqui,041,Vicuña,04106,Observatorio Vera C. Rubin,Chile:Coquimbo:Elqui:Vicuña:Observatorio Vera C. Rubin,-30.24463888888889,-70.74941666666666,2640,EGM96,34.976,2674.976,WGS84_ellipsoid_EGM96_conversion,radar_surface_estimate_2000,America/Santiago,Rubin;Vera Rubin;LSST,wikidata:Q672021,CC0-1.0,site_reference,"Site reference point, not the surveyed phase centre of an individual instrument.",nasadem-hgt-v001:s31w071,881,902,2672.75,source_elevation_above_sea_level_unspecified_geoid,wikidata:Q672021:P2044
cl-observatory-q744667,observatory,Chile,CL,Coquimbo,04,Elqui,041,Vicuña,04106,Gemini Sur,Chile:Coquimbo:Elqui:Vicuña:Gemini Sur,-30.24075,-70.73669333333333,2717,EGM96,35.055,2752.055,WGS84_ellipsoid_EGM96_conversion,radar_surface_estimate_2000,America/Santiago,Gemini South,wikidata:Q744667,CC0-1.0,site_reference,"Site reference point, not the surveyed phase centre of an individual instrument.",nasadem-hgt-v001:s31w071,867,948,2722.0,source_elevation_above_sea_level_unspecified_geoid,wikidata:Q744667:P2044
cl-observatory-q787525,observatory,Chile,CL,Coquimbo,04,Elqui,041,Vicuña,04106,Observatorio SOAR,Chile:Coquimbo:Elqui:Vicuña:Observatorio SOAR,-30.238,-70.73372222,2690,EGM96,35.076,2725.076,WGS84_ellipsoid_EGM96_conversion,radar_surface_estimate_2000,America/Santiago,SOAR,wikidata:Q787525,CC0-1.0,site_reference,"Site reference point, not the surveyed phase centre of an individual instrument.",nasadem-hgt-v001:s31w071,857,959,2738.0,source_elevation_above_sea_level_unspecified_geoid,wikidata:Q787525:P2044
cl-observatory-gn11358319,observatory,Chile,CL,Magallanes y de la Antártica Chilena,12,Magallanes,121,Punta Arenas,12101,Astronómico Lynch,Chile:Magallanes y de la Antártica Chilena:Magallanes:Punta Arenas:Astronómico Lynch,-53.16432,-70.92112,32,EGM96,8.801,40.801,WGS84_ellipsoid_EGM96_conversion,radar_surface_estimate_2000,America/Punta_Arenas,Observatorio Lynch,geonames:11358319,CC-BY-4.0,gazetteer_reference,Approximate gazetteer point; operational status is not asserted.,nasadem-hgt-v001:s54w071,592,284,,,
cl-observatory-q5811531,observatory,Chile,CL,Metropolitana de Santiago,13,Santiago,131,Las Condes,13114,Observatorio Astronómico Nacional de Chile,Chile:Metropolitana de Santiago:Santiago:Las Condes:Observatorio Astronómico Nacional de Chile,-33.3961,-70.5367,862,EGM96,27.825,889.825,WGS84_ellipsoid_EGM96_conversion,radar_surface_estimate_2000,America/Santiago,Cerro Calán;Observatorio Cerro Calán,wikidata:Q5811531,CC0-1.0,site_reference,"Site reference point, not the surveyed phase centre of an individual instrument.",nasadem-hgt-v001:s34w071,1426,1668,,source_elevation_above_sea_level_unspecified_geoid,wikidata:Q5811531:P2044
