{"type":"FeatureCollection","features":[{"type":"Feature","id":"ol2","properties":{},"geometry":{"type":"MultiPolygon","coordinates":[[[[86.713,31.959],[86.875,31.926],[86.938,31.84],[86.996,31.754],[86.958,31.617],[86.858,31.566],[86.696,31.599],[86.633,31.685],[86.575,31.771],[86.613,31.908],[86.713,31.959]],[[84.213,33.834],[84.279,33.749],[84.342,33.665],[84.304,33.527],[84.204,33.473],[84.038,33.504],[83.871,33.534],[83.808,33.619],[83.742,33.703],[83.779,33.841],[83.879,33.895],[83.983,33.949],[84.15,33.918],[84.213,33.834]],[[81.442,34.244],[81.508,34.161],[81.475,34.022],[81.542,33.939],[81.608,33.856],[81.575,33.717],[81.475,33.662],[81.442,33.523],[81.413,33.384],[81.379,33.245],[81.346,33.106],[81.313,32.968],[81.283,32.829],[81.183,32.773],[81.017,32.8],[80.921,32.744],[80.754,32.77],[80.688,32.853],[80.521,32.879],[80.454,32.961],[80.387,33.044],[80.221,33.069],[80.154,33.151],[80.183,33.291],[80.117,33.373],[80.146,33.512],[80.175,33.651],[80.275,33.708],[80.308,33.847],[80.337,33.986],[80.438,34.043],[80.604,34.017],[80.637,34.156],[80.738,34.212],[80.838,34.268],[80.938,34.324],[81.038,34.381],[81.204,34.354],[81.371,34.327],[81.442,34.244]],[[82.421,35.38],[82.488,35.297],[82.454,35.158],[82.35,35.103],[82.183,35.132],[82.013,35.16],[81.946,35.243],[81.979,35.382],[82.083,35.437],[82.183,35.492],[82.354,35.464],[82.421,35.38]],[[79.213,33.579],[79.283,33.497],[79.254,33.358],[79.225,33.218],[79.125,33.161],[79.029,33.103],[78.929,33.045],[78.833,32.988],[78.738,32.929],[78.571,32.953],[78.5,33.034],[78.433,33.115],[78.363,33.197],[78.392,33.336],[78.321,33.417],[78.35,33.557],[78.446,33.615],[78.542,33.673],[78.642,33.731],[78.738,33.789],[78.908,33.766],[78.975,33.684],[79.142,33.66],[79.213,33.579]],[[77.392,41.908],[77.475,41.827],[77.554,41.746],[77.525,41.606],[77.604,41.526],[77.575,41.386],[77.467,41.327],[77.438,41.187],[77.517,41.107],[77.596,41.026],[77.671,40.945],[77.75,40.864],[77.829,40.784],[77.904,40.703],[77.983,40.622],[78.058,40.541],[78.029,40.401],[78,40.262],[77.896,40.203],[77.792,40.144],[77.608,40.166],[77.425,40.187],[77.317,40.128],[77.138,40.149],[77.058,40.229],[76.875,40.25],[76.692,40.271],[76.508,40.291],[76.429,40.371],[76.325,40.31],[76.142,40.33],[76.038,40.269],[75.933,40.209],[75.829,40.148],[75.725,40.088],[75.621,40.027],[75.438,40.045],[75.333,39.984],[75.15,40.002],[75.046,39.941],[74.863,39.958],[74.679,39.976],[74.496,39.993],[74.417,40.071],[74.233,40.088],[74.15,40.166],[74.071,40.244],[73.988,40.322],[73.908,40.401],[73.929,40.541],[73.95,40.681],[73.971,40.822],[73.888,40.9],[73.908,41.041],[74.013,41.103],[74.033,41.244],[73.95,41.322],[73.867,41.4],[73.783,41.478],[73.7,41.556],[73.617,41.634],[73.533,41.712],[73.346,41.727],[73.258,41.804],[73.175,41.882],[73.092,41.96],[73.004,42.037],[72.921,42.115],[72.938,42.255],[72.958,42.396],[72.979,42.537],[72.892,42.614],[72.804,42.691],[72.721,42.769],[72.633,42.846],[72.546,42.923],[72.458,43],[72.267,43.013],[72.179,43.09],[72.092,43.167],[71.896,43.179],[71.808,43.256],[71.721,43.333],[71.525,43.344],[71.438,43.421],[71.35,43.497],[71.258,43.573],[71.171,43.649],[71.183,43.79],[71.292,43.855],[71.308,43.996],[71.413,44.061],[71.608,44.049],[71.804,44.037],[72,44.025],[72.196,44.012],[72.392,43.999],[72.5,44.063],[72.696,44.049],[72.783,43.972],[72.871,43.895],[72.958,43.817],[73.154,43.803],[73.242,43.725],[73.329,43.648],[73.525,43.633],[73.608,43.555],[73.804,43.539],[73.996,43.524],[74.104,43.586],[74.3,43.57],[74.492,43.553],[74.579,43.474],[74.663,43.396],[74.75,43.317],[74.725,43.177],[74.808,43.098],[74.892,43.019],[74.979,42.94],[75.063,42.861],[75.146,42.783],[75.229,42.703],[75.313,42.624],[75.396,42.545],[75.475,42.466],[75.558,42.386],[75.642,42.307],[75.725,42.228],[75.804,42.148],[75.887,42.069],[75.967,41.989],[76.158,41.97],[76.346,41.95],[76.454,42.011],[76.642,41.991],[76.75,42.05],[76.938,42.03],[77.125,42.009],[77.313,41.988],[77.392,41.908]],[[76.533,41.431],[76.613,41.351],[76.692,41.271],[76.771,41.19],[76.667,41.131],[76.558,41.071],[76.533,40.931],[76.429,40.871],[76.321,40.81],[76.217,40.75],[76.113,40.69],[76.033,40.769],[75.95,40.849],[75.871,40.929],[75.792,41.008],[75.713,41.088],[75.629,41.167],[75.55,41.246],[75.467,41.326],[75.575,41.387],[75.6,41.527],[75.517,41.606],[75.625,41.667],[75.704,41.588],[75.892,41.569],[76,41.629],[76.188,41.61],[76.158,41.47],[76.346,41.451],[76.454,41.511],[76.533,41.431]],[[35.313,57.404],[35.483,57.369],[35.658,57.334],[35.829,57.299],[35.938,57.169],[36.042,57.04],[36.146,56.911],[36.25,56.782],[36.188,56.689],[36.121,56.595],[36.054,56.502],[35.821,56.444],[35.758,56.351],[35.525,56.293],[35.358,56.328],[35.125,56.268],[34.958,56.303],[34.725,56.243],[34.558,56.277],[34.329,56.216],[34.158,56.249],[33.992,56.283],[33.821,56.315],[33.592,56.253],[33.421,56.285],[33.25,56.317],[33.138,56.444],[33.025,56.57],[32.908,56.696],[32.967,56.791],[32.85,56.918],[32.908,57.013],[32.967,57.108],[33.2,57.171],[33.258,57.266],[33.492,57.328],[33.729,57.391],[33.963,57.453],[34.2,57.514],[34.375,57.481],[34.613,57.541],[34.787,57.507],[34.963,57.473],[35.138,57.439],[35.313,57.404]],[[23.783,60.798],[24.021,60.879],[24.225,60.861],[24.388,60.744],[24.55,60.627],[24.508,60.529],[24.471,60.43],[24.433,60.332],[24.2,60.253],[23.963,60.172],[23.767,60.19],[23.567,60.208],[23.371,60.225],[23.204,60.341],[23.242,60.439],[23.275,60.538],[23.308,60.636],[23.546,60.718],[23.783,60.798]],[[13.875,60.59],[14.079,60.587],[14.283,60.584],[14.488,60.581],[14.683,60.477],[14.675,60.377],[14.667,60.277],[14.458,60.181],[14.258,60.184],[14.05,60.087],[13.846,59.99],[13.646,59.992],[13.45,60.094],[13.454,60.194],[13.458,60.294],[13.462,60.394],[13.667,60.492],[13.875,60.59]],[[6.921,63.201],[7.121,63.309],[7.346,63.316],[7.567,63.324],[7.788,63.331],[8.025,63.238],[8.263,63.144],[8.275,63.044],[8.288,62.945],[8.3,62.845],[8.317,62.745],[8.329,62.645],[8.342,62.545],[8.354,62.446],[8.154,62.339],[8.167,62.24],[8.179,62.14],[7.979,62.034],[7.783,61.927],[7.588,61.82],[7.392,61.713],[7.196,61.606],[7.004,61.498],[6.813,61.39],[6.625,61.282],[6.417,61.273],[6.208,61.264],[6,61.255],[5.775,61.344],[5.546,61.434],[5.525,61.533],[5.5,61.633],[5.271,61.721],[5.246,61.821],[5.433,61.931],[5.413,62.03],[5.179,62.119],[5.154,62.218],[5.129,62.318],[5.108,62.417],[5.296,62.527],[5.275,62.627],[5.467,62.737],[5.663,62.847],[5.858,62.956],[6.079,62.966],[6.275,63.075],[6.496,63.084],[6.7,63.192],[6.921,63.201]],[[1.629,64.221],[1.854,64.237],[2.083,64.253],[2.308,64.268],[2.571,64.184],[2.833,64.1],[3.092,64.016],[3.346,63.931],[3.379,63.832],[3.633,63.746],[3.887,63.66],[3.917,63.561],[4.167,63.474],[4.196,63.375],[4.442,63.288],[4.471,63.189],[4.496,63.089],[4.521,62.99],[4.55,62.891],[4.575,62.792],[4.383,62.68],[4.413,62.581],[4.221,62.469],[4.008,62.457],[3.792,62.444],[3.579,62.431],[3.367,62.418],[3.183,62.304],[2.967,62.29],[2.754,62.276],[2.575,62.162],[2.363,62.147],[2.154,62.132],[1.942,62.116],[1.763,62.001],[1.554,61.985],[1.379,61.87],[1.171,61.853],[1,61.737],[0.829,61.621],[0.867,61.523],[0.9,61.424],[0.938,61.326],[0.975,61.227],[0.808,61.111],[0.842,61.013],[0.675,60.897],[0.513,60.781],[0.346,60.664],[0.146,60.646],[-0.012,60.529],[-0.254,60.608],[-0.454,60.588],[-0.692,60.667],[-0.933,60.745],[-1.175,60.822],[-1.217,60.92],[-1.462,60.997],[-1.508,61.095],[-1.55,61.192],[-1.596,61.29],[-1.842,61.366],[-2.092,61.442],[-2.296,61.42],[-2.5,61.398],[-2.75,61.472],[-2.954,61.449],[-3.208,61.523],[-3.413,61.499],[-3.667,61.572],[-3.921,61.644],[-4.179,61.716],[-4.383,61.691],[-4.642,61.762],[-4.696,61.859],[-4.75,61.955],[-4.804,62.052],[-4.863,62.148],[-4.708,62.271],[-4.5,62.297],[-4.35,62.419],[-4.138,62.444],[-3.983,62.566],[-3.771,62.59],[-3.562,62.615],[-3.404,62.736],[-3.192,62.76],[-3.029,62.88],[-2.817,62.904],[-2.654,63.024],[-2.704,63.121],[-2.537,63.241],[-2.321,63.264],[-2.154,63.384],[-2.204,63.481],[-2.033,63.601],[-1.812,63.623],[-1.642,63.741],[-1.471,63.86],[-1.246,63.881],[-1.025,63.902],[-0.804,63.922],[-0.579,63.942],[-0.358,63.961],[-0.133,63.981],[0.092,63.999],[0.317,64.018],[0.538,64.036],[0.763,64.054],[0.95,64.17],[1.175,64.187],[1.4,64.204],[1.629,64.221]],[[-9.446,61.374],[-9.246,61.407],[-9.05,61.439],[-8.783,61.376],[-8.587,61.408],[-8.321,61.344],[-8.125,61.376],[-7.863,61.311],[-7.796,61.216],[-7.537,61.151],[-7.475,61.056],[-7.413,60.96],[-7.55,60.835],[-7.683,60.709],[-7.813,60.584],[-8.008,60.553],[-8.2,60.522],[-8.396,60.491],[-8.587,60.459],[-8.717,60.333],[-8.904,60.301],[-9.096,60.269],[-9.287,60.236],[-9.479,60.204],[-9.6,60.076],[-9.725,59.949],[-9.846,59.821],[-10.033,59.788],[-10.154,59.66],[-10.337,59.626],[-10.525,59.592],[-10.708,59.557],[-10.896,59.522],[-11.15,59.581],[-11.404,59.639],[-11.658,59.697],[-11.917,59.754],[-11.988,59.847],[-12.062,59.94],[-12.133,60.033],[-12.208,60.126],[-12.283,60.219],[-12.167,60.349],[-12.054,60.478],[-11.937,60.608],[-11.75,60.644],[-11.558,60.68],[-11.367,60.716],[-11.175,60.751],[-10.983,60.786],[-10.863,60.915],[-10.671,60.95],[-10.479,60.984],[-10.283,61.018],[-10.158,61.146],[-9.962,61.18],[-9.767,61.214],[-9.642,61.341],[-9.446,61.374]],[[-30.342,57.729],[-30.192,57.789],[-30.042,57.849],[-29.892,57.908],[-29.742,57.968],[-29.587,58.027],[-29.325,58.006],[-29.171,58.064],[-29.021,58.123],[-28.754,58.1],[-28.6,58.159],[-28.337,58.135],[-28.075,58.111],[-27.808,58.086],[-27.546,58.061],[-27.437,57.979],[-27.333,57.896],[-27.071,57.87],[-26.967,57.788],[-26.863,57.705],[-26.6,57.677],[-26.496,57.594],[-26.392,57.511],[-26.292,57.428],[-26.187,57.345],[-26.087,57.261],[-25.829,57.233],[-25.575,57.203],[-25.421,57.258],[-25.262,57.312],[-25.208,57.45],[-25.15,57.588],[-25.096,57.726],[-25.037,57.864],[-24.879,57.918],[-24.821,58.056],[-24.663,58.109],[-24.6,58.248],[-24.442,58.301],[-24.179,58.269],[-24.017,58.321],[-23.854,58.374],[-23.692,58.426],[-23.429,58.392],[-23.267,58.444],[-23.104,58.496],[-22.842,58.461],[-22.675,58.512],[-22.413,58.476],[-22.25,58.527],[-21.988,58.49],[-21.821,58.54],[-21.654,58.59],[-21.392,58.552],[-21.225,58.601],[-20.962,58.563],[-20.704,58.524],[-20.537,58.572],[-20.275,58.532],[-20.108,58.579],[-19.846,58.539],[-19.679,58.586],[-19.421,58.544],[-19.163,58.502],[-18.992,58.548],[-18.733,58.505],[-18.562,58.551],[-18.392,58.596],[-18.221,58.641],[-17.962,58.597],[-17.792,58.641],[-17.617,58.686],[-17.529,58.819],[-17.358,58.864],[-17.1,58.817],[-16.925,58.861],[-16.75,58.904],[-16.575,58.947],[-16.4,58.989],[-16.304,59.123],[-16.129,59.165],[-16.033,59.298],[-15.937,59.43],[-15.842,59.563],[-15.663,59.605],[-15.567,59.737],[-15.467,59.869],[-15.283,59.911],[-15.104,59.952],[-14.921,59.992],[-14.738,60.033],[-14.554,60.073],[-14.292,60.021],[-14.025,59.969],[-13.767,59.916],[-13.687,59.824],[-13.613,59.731],[-13.533,59.639],[-13.458,59.547],[-13.2,59.493],[-13.125,59.401],[-13.05,59.308],[-12.975,59.215],[-12.904,59.123],[-12.829,59.03],[-12.758,58.938],[-12.683,58.845],[-12.792,58.715],[-12.717,58.622],[-12.825,58.492],[-13,58.454],[-13.104,58.324],[-13.279,58.285],[-13.454,58.247],[-13.558,58.116],[-13.733,58.077],[-13.904,58.038],[-14.004,57.907],[-14.179,57.868],[-14.275,57.736],[-14.45,57.697],[-14.621,57.657],[-14.717,57.525],[-14.808,57.393],[-14.733,57.301],[-14.829,57.17],[-14.925,57.038],[-14.85,56.946],[-14.942,56.814],[-14.867,56.723],[-14.958,56.591],[-15.05,56.459],[-14.979,56.368],[-14.904,56.276],[-14.833,56.185],[-14.596,56.134],[-14.358,56.082],[-14.196,56.122],[-14.1,56.253],[-13.937,56.292],[-13.771,56.331],[-13.675,56.462],[-13.508,56.501],[-13.413,56.632],[-13.312,56.763],[-13.146,56.801],[-12.975,56.839],[-12.808,56.876],[-12.638,56.914],[-12.4,56.858],[-12.163,56.802],[-11.925,56.746],[-11.858,56.652],[-11.792,56.559],[-11.729,56.466],[-11.663,56.373],[-11.429,56.315],[-11.2,56.257],[-10.967,56.199],[-10.904,56.105],[-10.675,56.046],[-10.613,55.953],[-10.383,55.893],[-10.321,55.799],[-10.262,55.705],[-10.367,55.577],[-10.308,55.483],[-10.413,55.355],[-10.517,55.227],[-10.617,55.098],[-10.779,55.064],[-10.946,55.029],[-10.883,54.935],[-10.983,54.807],[-10.925,54.713],[-10.863,54.619],[-10.642,54.56],[-10.421,54.501],[-10.258,54.535],[-10.158,54.663],[-10.054,54.791],[-9.95,54.919],[-10.008,55.013],[-9.904,55.14],[-9.738,55.174],[-9.633,55.301],[-9.467,55.334],[-9.304,55.367],[-9.137,55.399],[-8.971,55.432],[-8.804,55.464],[-8.583,55.401],[-8.417,55.432],[-8.196,55.368],[-8.137,55.273],[-7.921,55.209],[-7.867,55.114],[-7.646,55.049],[-7.592,54.954],[-7.375,54.888],[-7.325,54.793],[-7.271,54.697],[-7.221,54.602],[-7.171,54.506],[-7.117,54.411],[-7.229,54.286],[-7.342,54.161],[-7.504,54.131],[-7.663,54.101],[-7.879,54.166],[-8.037,54.135],[-8.254,54.199],[-8.471,54.263],[-8.629,54.231],[-8.846,54.294],[-9.062,54.357],[-9.225,54.324],[-9.383,54.292],[-9.546,54.259],[-9.708,54.226],[-9.867,54.192],[-9.971,54.065],[-10.129,54.031],[-10.287,53.997],[-10.387,53.869],[-10.604,53.929],[-10.763,53.894],[-10.863,53.766],[-11.017,53.731],[-11.175,53.696],[-11.333,53.66],[-11.488,53.624],[-11.646,53.589],[-11.8,53.552],[-11.958,53.516],[-12.05,53.387],[-12.204,53.35],[-12.358,53.313],[-12.513,53.276],[-12.667,53.239],[-12.821,53.201],[-12.975,53.164],[-13.129,53.126],[-13.279,53.088],[-13.496,53.141],[-13.65,53.103],[-13.804,53.064],[-13.954,53.025],[-14.171,53.077],[-14.325,53.038],[-14.475,52.998],[-14.625,52.958],[-14.846,53.009],[-14.996,52.968],[-15.146,52.927],[-15.296,52.887],[-15.379,52.754],[-15.458,52.622],[-15.608,52.581],[-15.687,52.449],[-15.833,52.407],[-15.983,52.365],[-16.129,52.323],[-16.208,52.19],[-16.283,52.057],[-16.429,52.015],[-16.575,51.972],[-16.721,51.929],[-16.867,51.886],[-16.942,51.753],[-17.012,51.619],[-17.158,51.576],[-17.087,51.486],[-17.158,51.353],[-17.3,51.309],[-17.446,51.265],[-17.587,51.221],[-17.729,51.177],[-17.871,51.132],[-18.083,51.177],[-18.15,51.043],[-18.292,50.998],[-18.504,51.042],[-18.646,50.996],[-18.712,50.862],[-18.85,50.816],[-18.917,50.681],[-18.983,50.547],[-19.121,50.501],[-19.183,50.366],[-19.25,50.231],[-19.312,50.096],[-19.45,50.05],[-19.583,50.003],[-19.646,49.868],[-19.783,49.821],[-19.992,49.862],[-20.067,49.95],[-20.275,49.99],[-20.35,50.078],[-20.425,50.165],[-20.5,50.253],[-20.792,50.379],[-20.712,50.292],[-20.925,50.331],[-21.137,50.369],[-21.196,50.233],[-21.121,50.146],[-21.179,50.01],[-21.233,49.874],[-21.158,49.787],[-21.083,49.7],[-21.137,49.564],[-21.271,49.515],[-21.329,49.379],[-21.462,49.33],[-21.592,49.281],[-21.725,49.231],[-21.854,49.182],[-21.988,49.132],[-22.042,48.996],[-22.092,48.859],[-22.225,48.809],[-22.275,48.673],[-22.329,48.536],[-22.454,48.486],[-22.583,48.435],[-22.712,48.384],[-22.917,48.419],[-23.125,48.453],[-23.25,48.402],[-23.458,48.435],[-23.583,48.383],[-23.712,48.331],[-23.838,48.279],[-23.758,48.194],[-23.679,48.109],[-23.6,48.024],[-23.525,47.939],[-23.446,47.854],[-23.492,47.717],[-23.542,47.58],[-23.587,47.443],[-23.712,47.391],[-23.833,47.338],[-23.958,47.286],[-24.083,47.234],[-24.204,47.181],[-24.329,47.128],[-24.529,47.159],[-24.608,47.244],[-24.812,47.274],[-24.892,47.359],[-24.846,47.496],[-24.804,47.634],[-24.763,47.772],[-24.717,47.909],[-24.671,48.047],[-24.629,48.184],[-24.583,48.322],[-24.663,48.406],[-24.871,48.437],[-24.954,48.521],[-25.033,48.606],[-25.117,48.689],[-25.325,48.719],[-25.408,48.803],[-25.617,48.833],[-25.742,48.778],[-25.867,48.723],[-25.996,48.668],[-26.037,48.53],[-26.075,48.392],[-26.117,48.254],[-26.033,48.17],[-26.075,48.032],[-26.117,47.894],[-26.154,47.756],[-26.071,47.673],[-26.113,47.534],[-26.233,47.479],[-26.358,47.424],[-26.479,47.368],[-26.6,47.313],[-26.887,47.422],[-26.804,47.339],[-26.925,47.283],[-27.046,47.227],[-27.333,47.336],[-27.246,47.253],[-27.45,47.279],[-27.367,47.197],[-27.283,47.114],[-27.321,46.976],[-27.238,46.894],[-27.271,46.755],[-27.475,46.781],[-27.592,46.724],[-27.629,46.585],[-27.663,46.446],[-27.779,46.389],[-27.896,46.332],[-28.012,46.275],[-28.212,46.299],[-28.329,46.241],[-28.446,46.183],[-28.562,46.125],[-28.679,46.067],[-28.879,46.09],[-28.996,46.031],[-29.108,45.973],[-29.308,45.994],[-29.508,46.016],[-29.596,46.096],[-29.796,46.117],[-30,46.137],[-30.2,46.157],[-30.313,46.097],[-30.429,46.037],[-30.542,45.977],[-30.654,45.916],[-30.767,45.856],[-30.879,45.795],[-31.079,45.814],[-31.192,45.753],[-31.304,45.691],[-31.504,45.709],[-31.617,45.648],[-31.817,45.664],[-31.729,45.586],[-31.642,45.507],[-31.55,45.429],[-31.462,45.35],[-31.488,45.21],[-31.596,45.149],[-31.708,45.087],[-31.817,45.026],[-31.925,44.964],[-32.125,44.98],[-32.233,44.918],[-32.342,44.856],[-32.542,44.871],[-32.65,44.808],[-32.758,44.746],[-32.867,44.683],[-33.062,44.697],[-33.171,44.634],[-33.279,44.571],[-33.475,44.584],[-33.583,44.52],[-33.687,44.457],[-33.796,44.393],[-33.9,44.329],[-34.008,44.265],[-34.204,44.277],[-34.217,44.136],[-34.413,44.148],[-34.521,44.083],[-34.717,44.094],[-34.913,44.105],[-35.108,44.115],[-35.2,44.19],[-35.396,44.2],[-35.488,44.275],[-35.683,44.284],[-35.879,44.293],[-35.983,44.227],[-36.179,44.235],[-36.283,44.169],[-36.387,44.102],[-36.583,44.11],[-36.683,44.043],[-36.787,43.976],[-36.796,43.835],[-36.896,43.768],[-37,43.701],[-37.1,43.633],[-37.108,43.492],[-37.208,43.425],[-37.308,43.357],[-37.317,43.216],[-37.417,43.149],[-37.517,43.081],[-37.521,42.94],[-37.621,42.872],[-37.721,42.804],[-37.725,42.663],[-37.825,42.595],[-37.921,42.527],[-38.021,42.459],[-38.117,42.391],[-38.217,42.322],[-38.408,42.326],[-38.504,42.257],[-38.696,42.261],[-38.788,42.333],[-38.979,42.336],[-39.075,42.407],[-39.167,42.479],[-39.358,42.481],[-39.454,42.552],[-39.55,42.624],[-39.646,42.695],[-39.742,42.766],[-39.837,42.838],[-39.933,42.909],[-39.933,43.05],[-40.029,43.121],[-40.125,43.192],[-40.221,43.263],[-40.417,43.263],[-40.512,43.192],[-40.704,43.192],[-40.8,43.121],[-40.896,43.05],[-40.992,42.979],[-41.087,42.908],[-41.183,42.836],[-41.279,42.765],[-41.375,42.694],[-41.467,42.622],[-41.658,42.62],[-41.754,42.548],[-41.946,42.546],[-42.037,42.474],[-42.229,42.471],[-42.421,42.467],[-42.517,42.394],[-42.704,42.391],[-42.804,42.459],[-42.904,42.527],[-43.096,42.523],[-43.196,42.591],[-43.296,42.659],[-43.396,42.727],[-43.496,42.795],[-43.596,42.863],[-43.696,42.93],[-43.704,43.071],[-43.804,43.139],[-43.904,43.206],[-43.913,43.348],[-43.921,43.489],[-43.933,43.63],[-43.837,43.704],[-43.846,43.845],[-43.754,43.919],[-43.658,43.992],[-43.567,44.066],[-43.471,44.139],[-43.375,44.213],[-43.383,44.354],[-43.496,44.563],[-43.392,44.495],[-43.587,44.489],[-43.683,44.416],[-43.779,44.343],[-43.875,44.269],[-43.967,44.195],[-44.062,44.121],[-44.154,44.047],[-44.25,43.973],[-44.342,43.899],[-44.433,43.825],[-44.529,43.751],[-44.721,43.743],[-44.817,43.669],[-44.908,43.594],[-45.1,43.586],[-45.296,43.578],[-45.492,43.569],[-45.596,43.635],[-45.792,43.625],[-45.896,43.691],[-46,43.757],[-46.196,43.746],[-46.3,43.812],[-46.404,43.877],[-46.508,43.942],[-46.617,44.007],[-46.721,44.072],[-46.825,44.137],[-46.842,44.278],[-46.95,44.343],[-47.054,44.407],[-47.163,44.472],[-47.179,44.613],[-47.288,44.677],[-47.396,44.742],[-47.504,44.806],[-47.613,44.87],[-47.721,44.934],[-47.917,44.921],[-48.025,44.984],[-48.225,44.971],[-48.333,45.034],[-48.533,45.02],[-48.646,45.083],[-48.954,45.132],[-48.842,45.069],[-49.042,45.054],[-49.242,45.039],[-49.329,44.961],[-49.417,44.882],[-49.504,44.804],[-49.592,44.726],[-49.792,44.71],[-49.879,44.631],[-50.075,44.614],[-50.271,44.598],[-50.471,44.58],[-50.579,44.641],[-50.779,44.624],[-50.975,44.605],[-51.087,44.666],[-51.283,44.648],[-51.396,44.708],[-51.592,44.689],[-51.704,44.749],[-51.817,44.809],[-52.013,44.789],[-52.212,44.769],[-52.408,44.749],[-52.492,44.668],[-52.687,44.647],[-52.771,44.567],[-53.079,44.604],[-52.967,44.545],[-53.163,44.524],[-53.358,44.501],[-53.471,44.56],[-53.667,44.538],[-53.783,44.596],[-53.896,44.654],[-54.012,44.712],[-54.125,44.77],[-54.158,44.909],[-54.192,45.048],[-54.229,45.188],[-54.342,45.245],[-54.458,45.303],[-54.575,45.36],[-54.775,45.336],[-54.892,45.393],[-55.008,45.45],[-55.204,45.425],[-55.321,45.482],[-55.442,45.538],[-55.558,45.595],[-55.758,45.569],[-55.875,45.625],[-55.992,45.681],[-56.192,45.654],[-56.271,45.572],[-56.35,45.489],[-56.429,45.406],[-56.508,45.324],[-56.588,45.241],[-56.783,45.213],[-56.858,45.131],[-57.054,45.103],[-57.25,45.074],[-57.446,45.046],[-57.567,45.101],[-57.608,45.238],[-57.729,45.293],[-57.771,45.431],[-57.812,45.568],[-57.858,45.706],[-57.779,45.789],[-57.821,45.927],[-57.746,46.01],[-57.787,46.148],[-57.712,46.231],[-57.633,46.315],[-57.679,46.453],[-57.721,46.59],[-57.642,46.673],[-57.442,46.702],[-57.242,46.731],[-57.037,46.759],[-56.917,46.704],[-56.796,46.65],[-56.675,46.594],[-56.475,46.622],[-56.392,46.705],[-56.192,46.732],[-55.988,46.759],[-55.908,46.841],[-55.704,46.867],[-55.504,46.893],[-55.3,46.919],[-55.096,46.944],[-54.892,46.969],[-54.687,46.994],[-54.571,46.937],[-54.45,46.88],[-54.329,46.822],[-54.208,46.765],[-54.008,46.788],[-53.804,46.812],[-53.721,46.893],[-53.754,47.032],[-53.875,47.09],[-53.908,47.229],[-54.029,47.287],[-54.15,47.344],[-54.271,47.402],[-54.308,47.541],[-54.342,47.68],[-54.379,47.819],[-54.296,47.9],[-54.208,47.981],[-54.125,48.063],[-54.037,48.144],[-53.954,48.225],[-53.867,48.307],[-53.904,48.446],[-53.817,48.527],[-53.854,48.666],[-53.767,48.747],[-53.679,48.828],[-53.592,48.909],[-53.504,48.99],[-53.417,49.071],[-53.325,49.152],[-53.113,49.174],[-52.9,49.196],[-52.687,49.218],[-52.475,49.239],[-52.35,49.18],[-52.229,49.121],[-52.104,49.062],[-51.892,49.082],[-51.771,49.022],[-51.738,48.883],[-51.617,48.823],[-51.496,48.763],[-51.375,48.703],[-51.342,48.563],[-51.225,48.503],[-51.104,48.442],[-50.892,48.461],[-50.8,48.54],[-50.587,48.558],[-50.471,48.497],[-50.35,48.436],[-50.229,48.374],[-50.113,48.313],[-50.088,48.173],[-49.967,48.111],[-49.85,48.049],[-49.733,47.988],[-49.525,48.004],[-49.312,48.02],[-49.221,48.098],[-49.125,48.176],[-48.917,48.191],[-48.821,48.269],[-48.729,48.346],[-48.633,48.424],[-48.537,48.501],[-48.325,48.516],[-48.229,48.593],[-48.017,48.607],[-47.804,48.62],[-47.592,48.633],[-47.475,48.569],[-47.263,48.581],[-47.146,48.517],[-47.033,48.453],[-46.821,48.464],[-46.704,48.399],[-46.592,48.334],[-46.379,48.345],[-46.267,48.28],[-46.15,48.215],[-45.937,48.225],[-45.825,48.159],[-45.712,48.093],[-45.6,48.027],[-45.488,47.962],[-45.375,47.896],[-45.267,47.829],[-45.054,47.838],[-44.954,47.913],[-44.854,47.987],[-44.754,48.061],[-44.654,48.136],[-44.667,48.277],[-44.679,48.418],[-44.692,48.559],[-44.804,48.626],[-44.817,48.768],[-44.712,48.842],[-44.725,48.983],[-44.625,49.058],[-44.637,49.199],[-44.533,49.273],[-44.317,49.28],[-44.212,49.354],[-44.108,49.428],[-43.892,49.434],[-43.675,49.441],[-43.458,49.446],[-43.242,49.451],[-43.129,49.383],[-43.017,49.315],[-42.904,49.246],[-42.687,49.251],[-42.579,49.182],[-42.467,49.113],[-42.354,49.044],[-42.246,48.975],[-42.029,48.978],[-41.921,48.909],[-41.704,48.911],[-41.492,48.913],[-41.383,48.843],[-41.167,48.844],[-40.95,48.845],[-40.738,48.846],[-40.521,48.846],[-40.413,48.917],[-40.308,48.987],[-40.2,49.058],[-40.087,49.128],[-39.875,49.127],[-39.763,49.197],[-39.654,49.267],[-39.654,49.408],[-39.542,49.478],[-39.537,49.619],[-39.646,49.691],[-39.754,49.763],[-39.975,49.764],[-40.083,49.835],[-40.304,49.836],[-40.413,49.907],[-40.521,49.978],[-40.742,49.977],[-40.85,50.048],[-40.854,50.189],[-40.962,50.259],[-40.967,50.401],[-41.075,50.471],[-41.187,50.541],[-41.192,50.683],[-41.192,50.824],[-41.196,50.966],[-41.196,51.107],[-41.083,51.178],[-41.087,51.319],[-41.087,51.461],[-40.975,51.532],[-40.863,51.603],[-40.75,51.674],[-40.633,51.745],[-40.521,51.816],[-40.408,51.886],[-40.179,51.886],[-40.062,51.815],[-39.833,51.814],[-39.608,51.812],[-39.492,51.741],[-39.379,51.669],[-39.271,51.597],[-39.271,51.456],[-39.163,51.384],[-39.167,51.242],[-39.171,51.101],[-39.175,50.959],[-39.179,50.818],[-39.183,50.677],[-39.187,50.535],[-39.192,50.394],[-39.196,50.253],[-39.2,50.111],[-39.2,49.97],[-38.983,49.967],[-38.871,50.036],[-38.65,50.033],[-38.537,50.102],[-38.425,50.17],[-38.308,50.239],[-38.196,50.308],[-38.187,50.449],[-38.183,50.59],[-38.175,50.731],[-38.283,50.804],[-38.392,50.877],[-38.383,51.018],[-38.271,51.087],[-38.262,51.228],[-38.254,51.37],[-38.137,51.438],[-38.133,51.579],[-38.012,51.648],[-37.896,51.716],[-37.779,51.784],[-37.771,51.926],[-37.65,51.993],[-37.642,52.135],[-37.75,52.208],[-37.742,52.349],[-37.854,52.423],[-37.967,52.496],[-37.958,52.637],[-37.95,52.779],[-38.062,52.852],[-38.054,52.993],[-37.933,53.061],[-37.925,53.203],[-37.804,53.271],[-37.796,53.412],[-37.671,53.48],[-37.55,53.548],[-37.425,53.616],[-37.3,53.683],[-37.175,53.751],[-37.05,53.818],[-36.925,53.885],[-36.8,53.952],[-36.675,54.019],[-36.546,54.086],[-36.308,54.078],[-36.067,54.07],[-35.937,54.136],[-35.925,54.277],[-35.796,54.344],[-35.667,54.409],[-35.65,54.551],[-35.762,54.626],[-36.008,54.634],[-36.25,54.643],[-36.367,54.718],[-36.483,54.792],[-36.6,54.866],[-36.717,54.941],[-36.704,55.082],[-36.692,55.223],[-36.679,55.364],[-36.546,55.431],[-36.417,55.498],[-36.283,55.564],[-36.154,55.631],[-36.021,55.697],[-35.887,55.763],[-35.754,55.829],[-35.621,55.895],[-35.367,55.886],[-35.117,55.876],[-34.983,55.941],[-34.729,55.93],[-34.617,55.854],[-34.363,55.842],[-34.25,55.766],[-34.133,55.689],[-34.021,55.613],[-33.908,55.536],[-33.796,55.459],[-33.683,55.382],[-33.571,55.305],[-33.321,55.292],[-33.212,55.214],[-33.1,55.137],[-32.992,55.059],[-33.017,54.918],[-32.904,54.841],[-32.796,54.763],[-32.687,54.685],[-32.446,54.67],[-32.308,54.732],[-32.283,54.873],[-32.146,54.935],[-32.117,55.075],[-31.979,55.137],[-31.95,55.278],[-31.921,55.418],[-31.892,55.559],[-31.863,55.699],[-31.725,55.761],[-31.692,55.901],[-31.554,55.963],[-31.413,56.024],[-31.379,56.164],[-31.238,56.226],[-31.096,56.286],[-30.95,56.348],[-30.808,56.408],[-30.775,56.548],[-30.883,56.628],[-30.85,56.768],[-30.962,56.847],[-30.929,56.988],[-30.892,57.128],[-30.858,57.268],[-30.825,57.408],[-30.675,57.468],[-30.642,57.608],[-30.492,57.669],[-30.342,57.729]],[[-11.721,52.068],[-11.663,51.975],[-11.754,51.846],[-11.904,51.809],[-12.05,51.773],[-12.258,51.829],[-12.321,51.922],[-12.233,52.052],[-12.083,52.088],[-11.933,52.125],[-11.721,52.068]],[[-13.571,55.294],[-13.408,55.332],[-13.312,55.463],[-13.15,55.501],[-12.921,55.446],[-12.758,55.484],[-12.692,55.391],[-12.625,55.299],[-12.721,55.169],[-12.817,55.039],[-12.913,54.908],[-13.071,54.87],[-13.233,54.832],[-13.392,54.794],[-13.617,54.848],[-13.687,54.94],[-13.754,55.032],[-13.821,55.124],[-13.729,55.255],[-13.571,55.294]],[[-35.183,47.515],[-35.071,47.58],[-34.958,47.645],[-34.846,47.71],[-34.637,47.699],[-34.525,47.764],[-34.312,47.753],[-34.104,47.74],[-33.896,47.728],[-33.687,47.715],[-33.479,47.702],[-33.267,47.688],[-33.175,47.611],[-33.079,47.534],[-32.988,47.456],[-32.892,47.379],[-32.8,47.301],[-32.708,47.223],[-32.613,47.146],[-32.637,47.005],[-32.75,46.942],[-32.842,47.02],[-33.046,47.035],[-33.163,46.972],[-33.254,47.049],[-33.458,47.063],[-33.571,46.999],[-33.779,47.012],[-33.983,47.024],[-34.096,46.96],[-34.304,46.973],[-34.413,46.908],[-34.621,46.919],[-34.729,46.854],[-34.937,46.865],[-35.046,46.8],[-35.254,46.81],[-35.35,46.886],[-35.446,46.961],[-35.433,47.102],[-35.321,47.168],[-35.308,47.308],[-35.196,47.374],[-35.183,47.515]],[[-30.096,63.203],[-29.921,63.262],[-29.742,63.322],[-29.562,63.381],[-29.387,63.44],[-29.075,63.418],[-28.762,63.396],[-28.454,63.373],[-28.325,63.291],[-28.196,63.21],[-28.067,63.128],[-27.937,63.047],[-27.812,62.965],[-27.867,62.826],[-27.917,62.687],[-27.971,62.548],[-28.146,62.49],[-28.196,62.351],[-28.371,62.294],[-28.546,62.236],[-28.717,62.177],[-28.892,62.119],[-29.062,62.061],[-29.233,62.002],[-29.108,61.921],[-28.983,61.841],[-28.858,61.759],[-28.567,61.736],[-28.271,61.713],[-27.979,61.689],[-27.683,61.664],[-27.392,61.639],[-27.275,61.556],[-27.154,61.474],[-27.037,61.391],[-27.092,61.253],[-27.146,61.114],[-27.312,61.057],[-27.483,61.001],[-27.654,60.944],[-27.937,60.969],[-28.225,60.993],[-28.513,61.017],[-28.633,61.098],[-28.921,61.121],[-29.087,61.062],[-29.379,61.084],[-29.667,61.106],[-29.954,61.126],[-30.246,61.146],[-30.371,61.226],[-30.496,61.306],[-30.454,61.446],[-30.417,61.586],[-30.375,61.725],[-30.504,61.805],[-30.467,61.945],[-30.425,62.085],[-30.554,62.164],[-30.517,62.304],[-30.475,62.444],[-30.433,62.584],[-30.567,62.663],[-30.525,62.803],[-30.354,62.863],[-30.313,63.003],[-30.137,63.063],[-30.096,63.203]],[[-29.363,59.725],[-29.087,59.703],[-28.971,59.622],[-29.012,59.483],[-29.175,59.424],[-29.446,59.446],[-29.562,59.526],[-29.521,59.666],[-29.363,59.725]],[[-34.833,61.951],[-34.675,62.016],[-34.512,62.081],[-34.212,62.069],[-34.05,62.134],[-33.75,62.121],[-33.45,62.108],[-33.288,62.172],[-32.988,62.158],[-32.687,62.143],[-32.554,62.066],[-32.254,62.05],[-32.121,61.972],[-31.988,61.894],[-31.854,61.816],[-31.725,61.738],[-31.592,61.659],[-31.629,61.519],[-31.663,61.379],[-31.696,61.238],[-31.858,61.177],[-32.021,61.115],[-32.179,61.053],[-32.471,61.068],[-32.629,61.006],[-32.921,61.021],[-33.05,61.098],[-33.342,61.112],[-33.475,61.189],[-33.608,61.266],[-33.742,61.343],[-33.875,61.419],[-34.008,61.496],[-34.304,61.508],[-34.442,61.584],[-34.738,61.594],[-34.717,61.735],[-34.854,61.811],[-34.833,61.951]],[[-33.1,59.398],[-32.821,59.384],[-32.671,59.446],[-32.396,59.431],[-32.271,59.353],[-31.996,59.337],[-31.875,59.258],[-31.754,59.18],[-31.787,59.039],[-31.817,58.899],[-31.971,58.838],[-32.121,58.776],[-32.271,58.713],[-32.421,58.651],[-32.571,58.588],[-32.721,58.526],[-32.988,58.541],[-33.137,58.478],[-33.404,58.491],[-33.675,58.505],[-33.796,58.582],[-33.921,58.658],[-34.042,58.735],[-34.167,58.811],[-34.146,58.952],[-33.996,59.016],[-33.975,59.157],[-33.825,59.221],[-33.675,59.285],[-33.525,59.349],[-33.25,59.335],[-33.1,59.398]],[[-29,56.403],[-28.812,56.601],[-28.667,56.659],[-28.413,56.636],[-28.308,56.554],[-28.454,56.496],[-28.6,56.438],[-28.854,56.461],[-28.958,56.543],[-29.108,56.484],[-29,56.403]],[[-36.471,57.622],[-36.329,57.689],[-36.192,57.755],[-36.05,57.821],[-35.787,57.813],[-35.646,57.879],[-35.383,57.869],[-35.117,57.859],[-34.85,57.849],[-34.729,57.773],[-34.608,57.697],[-34.346,57.685],[-34.367,57.544],[-34.246,57.468],[-34.267,57.327],[-34.408,57.263],[-34.287,57.186],[-34.312,57.046],[-34.45,56.981],[-34.471,56.84],[-34.492,56.699],[-34.629,56.634],[-34.65,56.494],[-34.787,56.429],[-34.808,56.288],[-34.946,56.223],[-35.2,56.233],[-35.317,56.309],[-35.571,56.318],[-35.687,56.394],[-35.946,56.402],[-36.062,56.478],[-36.183,56.552],[-36.442,56.56],[-36.562,56.634],[-36.683,56.709],[-36.808,56.783],[-36.929,56.857],[-36.917,56.998],[-37.042,57.072],[-37.029,57.213],[-36.896,57.28],[-36.883,57.421],[-36.746,57.488],[-36.608,57.555],[-36.471,57.622]],[[-39.621,60.073],[-39.621,60.213],[-39.479,60.283],[-39.333,60.353],[-39.192,60.422],[-39.046,60.492],[-38.763,60.489],[-38.621,60.417],[-38.479,60.345],[-38.342,60.273],[-38.346,60.132],[-38.35,59.991],[-38.496,59.923],[-38.637,59.854],[-38.779,59.785],[-39.058,59.787],[-39.342,59.789],[-39.479,59.861],[-39.621,59.932],[-39.621,60.073]],[[-42.279,57.805],[-42.287,57.946],[-42.158,58.018],[-42.029,58.091],[-41.762,58.093],[-41.496,58.096],[-41.363,58.027],[-41.354,57.886],[-41.35,57.745],[-41.479,57.673],[-41.742,57.671],[-41.871,57.599],[-42.133,57.596],[-42.271,57.664],[-42.279,57.805]],[[-41.154,47.854],[-41.154,47.996],[-41.05,48.067],[-40.946,48.138],[-40.842,48.209],[-40.733,48.28],[-40.629,48.21],[-40.417,48.209],[-40.308,48.139],[-40.1,48.138],[-39.992,48.067],[-39.887,47.996],[-39.783,47.924],[-39.679,47.853],[-39.575,47.781],[-39.579,47.64],[-39.579,47.499],[-39.583,47.357],[-39.583,47.216],[-39.587,47.074],[-39.692,47.004],[-39.696,46.863],[-39.696,46.722],[-39.7,46.581],[-39.7,46.439],[-39.804,46.369],[-39.804,46.228],[-39.808,46.086],[-39.808,45.945],[-39.913,45.875],[-40.012,45.805],[-40.117,45.735],[-40.317,45.735],[-40.421,45.806],[-40.521,45.877],[-40.621,45.947],[-40.725,46.018],[-40.725,46.159],[-40.829,46.23],[-40.829,46.371],[-40.725,46.442],[-40.729,46.583],[-40.729,46.725],[-40.729,46.866],[-40.729,47.008],[-40.729,47.149],[-40.833,47.219],[-40.937,47.29],[-40.942,47.431],[-41.046,47.501],[-41.15,47.572],[-41.154,47.713],[-41.258,47.783],[-41.154,47.854]],[[-39.329,44.458],[-39.229,44.527],[-39.225,44.668],[-39.029,44.666],[-38.929,44.594],[-38.833,44.521],[-38.738,44.449],[-38.742,44.308],[-38.842,44.239],[-38.942,44.17],[-39.137,44.173],[-39.233,44.244],[-39.333,44.316],[-39.329,44.458]],[[-55.096,53.888],[-55,53.969],[-54.908,54.051],[-54.812,54.133],[-54.721,54.215],[-54.625,54.297],[-54.387,54.322],[-54.154,54.347],[-53.917,54.372],[-53.775,54.315],[-53.633,54.258],[-53.492,54.201],[-53.354,54.143],[-53.212,54.086],[-53.171,53.948],[-53.033,53.89],[-52.992,53.751],[-53.087,53.671],[-52.95,53.613],[-52.908,53.474],[-52.771,53.416],[-52.733,53.277],[-52.596,53.219],[-52.462,53.161],[-52.325,53.102],[-52.192,53.044],[-52.058,52.985],[-51.825,53.005],[-51.596,53.026],[-51.496,53.106],[-51.262,53.125],[-51.129,53.066],[-50.996,53.006],[-50.867,52.945],[-50.733,52.885],[-50.6,52.824],[-50.471,52.764],[-50.337,52.703],[-50.208,52.642],[-50.175,52.503],[-50.046,52.441],[-49.917,52.38],[-49.787,52.319],[-49.658,52.257],[-49.529,52.196],[-49.404,52.134],[-49.275,52.072],[-49.146,52.01],[-49.121,51.87],[-49.092,51.729],[-49.192,51.652],[-49.421,51.636],[-49.517,51.558],[-49.617,51.479],[-49.842,51.463],[-50.067,51.445],[-50.292,51.428],[-50.517,51.41],[-50.742,51.391],[-50.837,51.312],[-50.933,51.233],[-51.029,51.154],[-50.9,51.093],[-50.871,50.954],[-50.742,50.893],[-50.617,50.833],[-50.492,50.772],[-50.367,50.711],[-50.337,50.571],[-50.433,50.492],[-50.529,50.413],[-50.875,50.456],[-50.75,50.395],[-50.967,50.376],[-51.187,50.357],[-51.404,50.338],[-51.529,50.398],[-51.658,50.458],[-51.875,50.438],[-51.971,50.358],[-52.187,50.337],[-52.279,50.257],[-52.496,50.236],[-52.587,50.155],[-52.804,50.134],[-52.933,50.192],[-53.15,50.17],[-53.279,50.228],[-53.496,50.205],[-53.712,50.182],[-53.838,50.239],[-53.967,50.297],[-54.183,50.273],[-54.312,50.33],[-54.442,50.387],[-54.571,50.444],[-54.7,50.501],[-54.829,50.557],[-54.958,50.614],[-55.092,50.67],[-55.221,50.726],[-55.267,50.864],[-55.396,50.92],[-55.529,50.976],[-55.658,51.031],[-55.792,51.086],[-55.837,51.224],[-55.971,51.279],[-56.104,51.334],[-56.238,51.389],[-56.458,51.361],[-56.546,51.279],[-56.496,51.141],[-56.45,51.004],[-56.671,50.976],[-56.538,50.921],[-56.488,50.784],[-56.442,50.646],[-56.529,50.564],[-56.479,50.426],[-56.433,50.289],[-56.521,50.206],[-56.475,50.068],[-56.558,49.986],[-56.642,49.903],[-56.725,49.82],[-56.808,49.737],[-57.021,49.709],[-57.154,49.763],[-57.283,49.817],[-57.329,49.954],[-57.246,50.037],[-57.296,50.174],[-57.346,50.312],[-57.392,50.449],[-57.525,50.502],[-57.658,50.556],[-57.792,50.609],[-57.925,50.663],[-58.058,50.716],[-58.108,50.852],[-58.029,50.936],[-57.946,51.019],[-57.863,51.103],[-57.779,51.186],[-57.692,51.27],[-57.608,51.353],[-57.525,51.437],[-57.442,51.52],[-57.354,51.603],[-57.271,51.686],[-57.183,51.769],[-57.238,51.906],[-57.012,51.936],[-56.925,52.019],[-56.704,52.048],[-56.617,52.13],[-56.529,52.213],[-56.442,52.296],[-56.354,52.378],[-56.267,52.461],[-56.175,52.544],[-56.087,52.626],[-56,52.709],[-55.771,52.736],[-55.683,52.818],[-55.729,52.956],[-55.5,52.983],[-55.408,53.065],[-55.321,53.147],[-55.229,53.229],[-55.137,53.311],[-55.183,53.449],[-55.092,53.531],[-55,53.613],[-55.046,53.75],[-55.096,53.888]],[[-51.946,54.773],[-51.846,54.853],[-51.742,54.933],[-51.642,55.013],[-51.4,55.033],[-51.296,55.113],[-51.192,55.192],[-50.95,55.212],[-50.704,55.231],[-50.458,55.25],[-50.217,55.268],[-50.075,55.207],[-49.937,55.146],[-49.8,55.086],[-49.658,55.024],[-49.629,54.885],[-49.596,54.745],[-49.567,54.606],[-49.533,54.466],[-49.504,54.326],[-49.608,54.248],[-49.712,54.17],[-49.95,54.152],[-50.054,54.074],[-50.292,54.056],[-50.396,53.977],[-50.629,53.959],[-50.767,54.019],[-51.004,54],[-51.242,53.98],[-51.479,53.96],[-51.617,54.02],[-51.85,53.999],[-51.988,54.058],[-52.029,54.197],[-52.067,54.336],[-52.204,54.394],[-52.246,54.533],[-52.146,54.613],[-52.046,54.693],[-51.946,54.773]],[[-53.633,46.116],[-53.55,46.197],[-53.467,46.277],[-53.379,46.359],[-53.296,46.439],[-53.096,46.461],[-52.975,46.403],[-52.775,46.424],[-52.571,46.446],[-52.454,46.386],[-52.337,46.327],[-52.221,46.267],[-52.308,46.187],[-52.392,46.107],[-52.479,46.027],[-52.562,45.946],[-52.767,45.925],[-52.85,45.845],[-52.933,45.764],[-53.133,45.742],[-53.217,45.662],[-53.417,45.639],[-53.617,45.617],[-53.533,45.698],[-53.567,45.837],[-53.6,45.976],[-53.633,46.116]],[[-49.629,36.326],[-49.554,36.404],[-49.475,36.483],[-49.4,36.561],[-49.421,36.701],[-49.342,36.779],[-49.262,36.858],[-49.187,36.936],[-49.008,36.951],[-48.933,37.029],[-48.754,37.044],[-48.679,37.121],[-48.6,37.199],[-48.521,37.276],[-48.442,37.354],[-48.363,37.431],[-48.283,37.509],[-48.3,37.649],[-48.221,37.726],[-48.042,37.74],[-47.962,37.817],[-47.883,37.894],[-47.704,37.908],[-47.621,37.984],[-47.446,37.997],[-47.267,38.01],[-47.167,37.945],[-46.992,37.958],[-46.892,37.893],[-46.796,37.829],[-46.7,37.764],[-46.683,37.623],[-46.587,37.559],[-46.492,37.494],[-46.396,37.429],[-46.3,37.364],[-46.125,37.375],[-45.946,37.385],[-45.867,37.461],[-45.687,37.47],[-45.604,37.546],[-45.521,37.621],[-45.442,37.696],[-45.454,37.836],[-45.467,37.977],[-45.383,38.052],[-45.396,38.193],[-45.408,38.334],[-45.421,38.475],[-45.517,38.541],[-45.529,38.681],[-45.625,38.747],[-45.637,38.888],[-45.554,38.963],[-45.371,38.972],[-45.192,38.981],[-45.008,38.99],[-44.913,38.924],[-44.733,38.932],[-44.646,39.006],[-44.467,39.014],[-44.371,38.947],[-44.275,38.88],[-44.092,38.887],[-43.996,38.82],[-43.904,38.753],[-43.892,38.612],[-43.8,38.545],[-43.792,38.404],[-43.875,38.331],[-43.958,38.257],[-44.046,38.183],[-44.129,38.109],[-44.212,38.035],[-44.3,37.961],[-44.383,37.887],[-44.467,37.813],[-44.55,37.739],[-44.633,37.664],[-44.717,37.59],[-44.704,37.449],[-44.787,37.374],[-44.696,37.308],[-44.6,37.242],[-44.508,37.176],[-44.413,37.109],[-44.238,37.116],[-44.058,37.124],[-43.883,37.13],[-43.708,37.137],[-43.529,37.143],[-43.354,37.149],[-43.175,37.155],[-43.092,37.228],[-43.008,37.301],[-43.017,37.442],[-43.025,37.582],[-42.937,37.655],[-42.854,37.728],[-42.863,37.869],[-42.867,38.01],[-42.783,38.083],[-42.696,38.155],[-42.704,38.296],[-42.617,38.369],[-42.529,38.441],[-42.446,38.514],[-42.358,38.586],[-42.175,38.59],[-41.996,38.593],[-41.817,38.596],[-41.638,38.599],[-41.542,38.53],[-41.363,38.532],[-41.271,38.463],[-41.179,38.393],[-41.087,38.324],[-40.996,38.254],[-40.992,38.113],[-40.988,37.973],[-40.9,37.903],[-40.896,37.762],[-40.983,37.691],[-41.071,37.62],[-41.067,37.479],[-41.15,37.408],[-41.329,37.406],[-41.417,37.335],[-41.5,37.263],[-41.679,37.261],[-41.762,37.189],[-41.85,37.117],[-42.117,37.182],[-42.025,37.114],[-42.204,37.11],[-42.287,37.038],[-42.462,37.034],[-42.642,37.029],[-42.725,36.956],[-42.808,36.884],[-42.892,36.811],[-42.883,36.67],[-42.875,36.529],[-42.962,36.457],[-43.046,36.384],[-43.129,36.311],[-43.208,36.238],[-43.292,36.164],[-43.375,36.091],[-43.55,36.085],[-43.633,36.012],[-43.804,36.005],[-43.979,35.998],[-44.154,35.991],[-44.329,35.984],[-44.408,35.909],[-44.583,35.902],[-44.675,35.968],[-44.85,35.959],[-44.942,36.026],[-45.033,36.091],[-45.208,36.083],[-45.383,36.073],[-45.558,36.064],[-45.729,36.054],[-45.904,36.044],[-45.983,35.968],[-46.062,35.893],[-46.146,35.817],[-46.225,35.742],[-46.304,35.666],[-46.383,35.59],[-46.554,35.579],[-46.633,35.503],[-46.712,35.427],[-46.883,35.415],[-46.962,35.339],[-47.042,35.263],[-47.212,35.25],[-47.292,35.174],[-47.371,35.097],[-47.354,34.957],[-47.337,34.816],[-47.242,34.753],[-47.225,34.612],[-47.208,34.472],[-47.117,34.408],[-47.025,34.344],[-46.929,34.28],[-46.837,34.216],[-46.746,34.152],[-46.654,34.087],[-46.637,33.947],[-46.712,33.871],[-46.792,33.795],[-46.958,33.783],[-46.942,33.643],[-47.021,33.566],[-47.096,33.49],[-47.171,33.413],[-47.246,33.337],[-47.229,33.197],[-47.304,33.12],[-47.379,33.044],[-47.458,32.967],[-47.533,32.89],[-47.7,32.877],[-47.775,32.8],[-47.846,32.723],[-47.921,32.646],[-47.996,32.569],[-48.163,32.555],[-48.329,32.54],[-48.496,32.526],[-48.663,32.511],[-48.754,32.573],[-48.846,32.635],[-49.013,32.62],[-49.104,32.682],[-49.125,32.822],[-49.221,32.884],[-49.312,32.946],[-49.408,33.008],[-49.5,33.07],[-49.596,33.132],[-49.687,33.193],[-49.783,33.255],[-49.875,33.316],[-49.896,33.456],[-49.917,33.596],[-49.942,33.737],[-49.867,33.815],[-49.792,33.894],[-49.717,33.972],[-49.642,34.05],[-49.571,34.129],[-49.592,34.269],[-49.608,34.409],[-49.704,34.471],[-49.725,34.611],[-49.746,34.751],[-49.842,34.813],[-49.863,34.953],[-49.958,35.014],[-49.979,35.154],[-50.079,35.216],[-50.1,35.356],[-50.196,35.418],[-50.217,35.558],[-50.238,35.698],[-50.163,35.777],[-50.183,35.917],[-50.013,35.934],[-49.937,36.013],[-49.858,36.091],[-49.783,36.17],[-49.708,36.248],[-49.629,36.326]],[[-59.721,45.704],[-59.646,45.788],[-59.45,45.82],[-59.325,45.767],[-59.279,45.63],[-59.354,45.546],[-59.55,45.514],[-59.671,45.567],[-59.721,45.704]],[[-62.742,42.844],[-62.675,42.929],[-62.608,43.015],[-62.542,43.101],[-62.471,43.186],[-62.404,43.272],[-62.337,43.358],[-62.267,43.443],[-62.2,43.529],[-62.129,43.614],[-62.062,43.7],[-61.992,43.785],[-61.925,43.871],[-61.854,43.956],[-61.783,44.041],[-61.712,44.127],[-61.646,44.212],[-61.575,44.298],[-61.504,44.383],[-61.554,44.519],[-61.483,44.604],[-61.413,44.689],[-61.342,44.774],[-61.271,44.859],[-61.2,44.944],[-61.129,45.03],[-60.937,45.064],[-60.742,45.097],[-60.671,45.182],[-60.475,45.215],[-60.354,45.164],[-60.233,45.112],[-60.037,45.144],[-59.846,45.177],[-59.65,45.209],[-59.454,45.241],[-59.262,45.272],[-59.142,45.219],[-59.021,45.166],[-58.9,45.113],[-58.779,45.06],[-58.738,44.923],[-58.617,44.869],[-58.571,44.732],[-58.529,44.594],[-58.483,44.457],[-58.558,44.373],[-58.442,44.319],[-58.4,44.181],[-58.475,44.098],[-58.429,43.96],[-58.504,43.876],[-58.579,43.793],[-58.654,43.709],[-58.842,43.678],[-59.033,43.648],[-59.15,43.701],[-59.267,43.754],[-59.458,43.723],[-59.692,43.828],[-59.575,43.776],[-59.767,43.744],[-59.837,43.659],[-59.908,43.575],[-59.979,43.49],[-60.054,43.406],[-59.937,43.353],[-59.817,43.301],[-59.775,43.164],[-59.658,43.111],[-59.471,43.143],[-59.354,43.089],[-59.238,43.036],[-59.121,42.983],[-59.004,42.93],[-58.892,42.876],[-58.775,42.823],[-58.658,42.769],[-58.546,42.715],[-58.504,42.577],[-58.387,42.523],[-58.275,42.469],[-58.163,42.415],[-58.046,42.361],[-57.933,42.306],[-57.821,42.252],[-57.708,42.197],[-57.596,42.142],[-57.483,42.087],[-57.371,42.032],[-57.258,41.977],[-57.146,41.922],[-57.108,41.784],[-56.996,41.728],[-56.883,41.673],[-56.846,41.534],[-56.738,41.479],[-56.7,41.34],[-56.592,41.284],[-56.554,41.146],[-56.517,41.007],[-56.483,40.868],[-56.446,40.729],[-56.413,40.591],[-56.483,40.508],[-56.45,40.369],[-56.413,40.231],[-56.304,40.174],[-56.196,40.118],[-56.087,40.062],[-55.983,40.006],[-55.875,39.949],[-55.767,39.892],[-55.583,39.918],[-55.479,39.861],[-55.371,39.804],[-55.192,39.829],[-55.083,39.772],[-54.975,39.714],[-54.871,39.657],[-54.763,39.599],[-54.658,39.542],[-54.55,39.484],[-54.521,39.345],[-54.417,39.287],[-54.383,39.147],[-54.279,39.089],[-54.25,38.95],[-54.325,38.869],[-54.296,38.729],[-54.262,38.589],[-54.337,38.508],[-54.413,38.427],[-54.488,38.345],[-54.558,38.264],[-54.633,38.182],[-54.812,38.158],[-54.883,38.076],[-55.062,38.052],[-55.133,37.97],[-55.208,37.888],[-55.279,37.806],[-55.35,37.724],[-55.425,37.641],[-55.496,37.559],[-55.462,37.42],[-55.533,37.338],[-55.504,37.199],[-55.575,37.117],[-55.646,37.034],[-55.613,36.895],[-55.687,36.813],[-55.758,36.731],[-55.829,36.648],[-55.896,36.566],[-55.967,36.484],[-56.037,36.401],[-56.108,36.319],[-56.179,36.236],[-56.25,36.154],[-56.317,36.071],[-56.387,35.988],[-56.354,35.849],[-56.425,35.767],[-56.496,35.684],[-56.462,35.545],[-56.529,35.462],[-56.496,35.323],[-56.567,35.241],[-56.533,35.102],[-56.604,35.019],[-56.671,34.936],[-56.738,34.853],[-56.808,34.77],[-56.875,34.688],[-56.942,34.604],[-57.012,34.521],[-57.079,34.438],[-57.146,34.355],[-57.046,34.3],[-57.012,34.161],[-56.913,34.105],[-56.879,33.966],[-56.779,33.911],[-56.746,33.772],[-56.812,33.689],[-56.779,33.55],[-56.85,33.467],[-56.917,33.384],[-56.983,33.301],[-57.146,33.274],[-57.212,33.191],[-57.379,33.163],[-57.646,33.19],[-57.546,33.135],[-57.712,33.107],[-57.875,33.079],[-58.042,33.05],[-58.108,32.966],[-58.271,32.938],[-58.337,32.854],[-58.404,32.77],[-58.467,32.686],[-58.533,32.603],[-58.696,32.573],[-58.762,32.489],[-58.825,32.405],[-58.988,32.375],[-59.054,32.291],[-59.117,32.207],[-59.079,32.069],[-59.146,31.985],[-59.108,31.847],[-59.175,31.763],[-59.137,31.624],[-59.2,31.54],[-59.167,31.402],[-59.229,31.318],[-59.292,31.234],[-59.354,31.149],[-59.417,31.065],[-59.479,30.981],[-59.446,30.843],[-59.508,30.758],[-59.571,30.674],[-59.633,30.59],[-59.596,30.452],[-59.658,30.367],[-59.625,30.229],[-59.587,30.091],[-59.65,30.007],[-59.712,29.923],[-59.675,29.784],[-59.738,29.7],[-59.8,29.616],[-59.863,29.531],[-59.925,29.447],[-59.983,29.362],[-60.142,29.331],[-60.204,29.246],[-60.363,29.215],[-60.421,29.13],[-60.579,29.098],[-60.738,29.066],[-60.896,29.034],[-60.992,29.087],[-61.15,29.054],[-61.246,29.107],[-61.404,29.074],[-61.467,28.989],[-61.525,28.904],[-61.488,28.766],[-61.546,28.681],[-61.604,28.596],[-61.567,28.458],[-61.629,28.373],[-61.687,28.288],[-61.842,28.254],[-61.904,28.169],[-61.962,28.083],[-62.021,27.998],[-62.079,27.912],[-62.137,27.827],[-62.196,27.742],[-62.254,27.656],[-62.312,27.571],[-62.467,27.536],[-62.525,27.451],[-62.583,27.365],[-62.738,27.331],[-62.796,27.245],[-62.95,27.211],[-63.046,27.262],[-63.2,27.227],[-63.3,27.278],[-63.454,27.243],[-63.55,27.294],[-63.704,27.259],[-63.8,27.31],[-63.954,27.274],[-64.108,27.239],[-64.262,27.203],[-64.417,27.167],[-64.512,27.217],[-64.667,27.181],[-64.821,27.144],[-64.875,27.058],[-64.933,26.971],[-64.988,26.885],[-64.946,26.748],[-65.004,26.662],[-65.058,26.575],[-65.017,26.438],[-65.075,26.352],[-65.129,26.265],[-65.183,26.179],[-65.337,26.142],[-65.392,26.055],[-65.446,25.968],[-65.6,25.931],[-65.75,25.894],[-65.904,25.856],[-66.054,25.819],[-66.204,25.781],[-66.358,25.743],[-66.508,25.705],[-66.658,25.667],[-66.808,25.629],[-66.904,25.678],[-67.058,25.639],[-67.304,25.649],[-67.208,25.601],[-67.358,25.562],[-67.508,25.523],[-67.562,25.436],[-67.617,25.348],[-67.671,25.261],[-67.625,25.125],[-67.679,25.038],[-67.583,24.989],[-67.542,24.853],[-67.592,24.766],[-67.55,24.63],[-67.604,24.543],[-67.804,24.416],[-67.654,24.456],[-67.613,24.32],[-67.462,24.359],[-67.317,24.397],[-67.167,24.436],[-67.071,24.387],[-66.921,24.426],[-66.825,24.377],[-66.675,24.415],[-66.579,24.366],[-66.483,24.317],[-66.387,24.268],[-66.346,24.132],[-66.25,24.083],[-66.208,23.946],[-66.262,23.859],[-66.317,23.772],[-66.371,23.685],[-66.425,23.598],[-66.479,23.511],[-66.533,23.424],[-66.679,23.386],[-66.829,23.348],[-66.883,23.261],[-67.029,23.222],[-67.125,23.271],[-67.275,23.232],[-67.367,23.281],[-67.517,23.242],[-67.613,23.291],[-67.708,23.339],[-67.75,23.475],[-67.846,23.524],[-67.888,23.659],[-67.929,23.795],[-67.879,23.883],[-67.825,23.97],[-67.771,24.058],[-67.721,24.145],[-67.763,24.281],[-67.858,24.329],[-68.008,24.29],[-68.154,24.25],[-68.304,24.211],[-68.454,24.171],[-68.55,24.219],[-68.7,24.179],[-68.796,24.227],[-68.892,24.275],[-69.042,24.235],[-69.187,24.194],[-69.283,24.242],[-69.433,24.201],[-69.583,24.161],[-69.729,24.12],[-69.825,24.168],[-69.925,24.214],[-69.967,24.35],[-70.067,24.397],[-70.113,24.532],[-70.158,24.666],[-70.254,24.713],[-70.3,24.848],[-70.396,24.895],[-70.496,24.942],[-70.592,24.988],[-70.637,25.123],[-70.738,25.169],[-70.833,25.216],[-70.883,25.35],[-70.979,25.397],[-71.079,25.443],[-71.125,25.578],[-71.171,25.712],[-71.121,25.8],[-71.171,25.934],[-71.117,26.022],[-70.967,26.064],[-70.917,26.153],[-70.767,26.194],[-70.617,26.236],[-70.517,26.19],[-70.421,26.143],[-70.321,26.097],[-70.221,26.05],[-70.125,26.003],[-69.975,26.044],[-69.875,25.998],[-69.779,25.951],[-69.629,25.992],[-69.529,25.944],[-69.379,25.985],[-69.279,25.938],[-69.129,25.979],[-68.979,26.019],[-68.929,26.107],[-68.775,26.147],[-68.625,26.187],[-68.671,26.322],[-68.767,26.37],[-68.867,26.417],[-68.967,26.465],[-69.012,26.6],[-69.058,26.735],[-69.154,26.782],[-69.2,26.917],[-69.3,26.964],[-69.4,27.011],[-69.5,27.059],[-69.65,27.018],[-69.75,27.064],[-69.85,27.111],[-70,27.07],[-70.1,27.117],[-70.2,27.163],[-70.3,27.21],[-70.346,27.344],[-70.446,27.391],[-70.546,27.437],[-70.596,27.571],[-70.642,27.706],[-70.742,27.752],[-70.842,27.798],[-70.892,27.932],[-70.942,28.066],[-71.042,28.112],[-71.142,28.158],[-71.242,28.203],[-71.346,28.249],[-71.446,28.294],[-71.546,28.34],[-71.646,28.386],[-71.75,28.431],[-71.8,28.564],[-71.85,28.698],[-71.9,28.831],[-71.85,28.92],[-71.696,28.963],[-71.646,29.051],[-71.492,29.094],[-71.392,29.049],[-71.238,29.091],[-71.083,29.134],[-71.029,29.222],[-70.875,29.265],[-70.825,29.353],[-70.775,29.441],[-70.721,29.529],[-70.667,29.617],[-70.717,29.751],[-70.667,29.839],[-70.613,29.927],[-70.562,30.015],[-70.508,30.104],[-70.458,30.192],[-70.404,30.28],[-70.35,30.368],[-70.3,30.456],[-70.142,30.498],[-69.988,30.54],[-69.883,30.494],[-69.729,30.535],[-69.625,30.489],[-69.467,30.53],[-69.517,30.664],[-69.462,30.753],[-69.512,30.887],[-69.458,30.974],[-69.404,31.063],[-69.354,31.15],[-69.3,31.238],[-69.142,31.279],[-69.087,31.367],[-69.033,31.455],[-68.875,31.496],[-68.821,31.584],[-68.767,31.671],[-68.712,31.759],[-68.758,31.894],[-68.704,31.981],[-68.65,32.069],[-68.596,32.156],[-68.542,32.244],[-68.488,32.332],[-68.325,32.373],[-68.271,32.46],[-68.217,32.548],[-68.054,32.588],[-67.896,32.628],[-67.838,32.716],[-67.783,32.803],[-67.729,32.891],[-67.671,32.978],[-67.617,33.065],[-67.558,33.153],[-67.504,33.24],[-67.55,33.375],[-67.496,33.462],[-67.437,33.55],[-67.488,33.684],[-67.433,33.772],[-67.479,33.907],[-67.587,33.954],[-67.637,34.089],[-67.742,34.136],[-67.85,34.183],[-67.958,34.23],[-68.062,34.277],[-68.113,34.411],[-68.167,34.546],[-68.217,34.68],[-68.267,34.814],[-68.212,34.902],[-68.262,35.036],[-68.208,35.123],[-68.042,35.164],[-67.988,35.252],[-67.821,35.293],[-67.763,35.38],[-67.6,35.42],[-67.542,35.508],[-67.483,35.595],[-67.533,35.729],[-67.371,35.77],[-67.421,35.904],[-67.363,35.991],[-67.304,36.079],[-67.246,36.166],[-67.3,36.301],[-67.242,36.388],[-67.183,36.475],[-67.125,36.563],[-67.067,36.65],[-67.008,36.737],[-66.95,36.824],[-66.892,36.911],[-66.833,36.999],[-66.775,37.086],[-66.717,37.173],[-66.767,37.307],[-66.708,37.394],[-66.65,37.482],[-66.587,37.569],[-66.642,37.703],[-66.583,37.79],[-66.521,37.878],[-66.462,37.964],[-66.404,38.052],[-66.342,38.139],[-66.283,38.226],[-66.225,38.313],[-66.163,38.4],[-66.104,38.487],[-66.042,38.574],[-65.983,38.661],[-65.921,38.747],[-65.975,38.882],[-66.025,39.017],[-65.967,39.104],[-65.904,39.191],[-65.958,39.325],[-66.013,39.459],[-65.95,39.546],[-65.887,39.633],[-65.829,39.72],[-65.767,39.807],[-65.592,39.846],[-65.529,39.933],[-65.354,39.972],[-65.175,40.01],[-65.063,39.962],[-64.946,39.914],[-64.896,39.779],[-64.783,39.73],[-64.667,39.681],[-64.554,39.633],[-64.379,39.67],[-64.204,39.707],[-64.138,39.794],[-63.962,39.831],[-63.783,39.868],[-63.721,39.954],[-63.546,39.99],[-63.367,40.026],[-63.3,40.112],[-63.238,40.198],[-63.288,40.334],[-63.333,40.47],[-63.383,40.606],[-63.5,40.655],[-63.613,40.705],[-63.663,40.84],[-63.712,40.976],[-63.762,41.111],[-63.7,41.198],[-63.633,41.284],[-63.571,41.37],[-63.504,41.456],[-63.437,41.542],[-63.371,41.628],[-63.308,41.714],[-63.242,41.8],[-63.292,41.935],[-63.225,42.021],[-63.158,42.107],[-63.092,42.193],[-63.025,42.279],[-62.958,42.365],[-62.892,42.451],[-62.946,42.586],[-62.879,42.672],[-62.808,42.758],[-62.742,42.844]],[[-60.875,35.138],[-60.808,35.223],[-60.642,35.255],[-60.537,35.202],[-60.433,35.149],[-60.267,35.181],[-60.163,35.128],[-60.225,35.043],[-60.292,34.959],[-60.354,34.874],[-60.525,34.842],[-60.629,34.895],[-60.729,34.948],[-60.833,35],[-60.937,35.053],[-60.875,35.138]],[[-69.279,29.77],[-69.325,29.905],[-69.375,30.039],[-69.275,29.993],[-69.171,29.946],[-69.121,29.811],[-69.075,29.676],[-69.129,29.589],[-69.183,29.501],[-69.283,29.548],[-69.333,29.682],[-69.279,29.77]],[[-63.167,22.786],[-63.204,22.923],[-63.146,23.009],[-63,23.044],[-62.85,23.078],[-62.754,23.027],[-62.717,22.89],[-62.775,22.804],[-62.829,22.718],[-62.979,22.684],[-63.071,22.735],[-63.167,22.786]],[[-60.142,22.372],[-60.175,22.509],[-60.117,22.594],[-60.062,22.678],[-59.913,22.71],[-59.821,22.657],[-59.729,22.604],[-59.696,22.466],[-59.75,22.382],[-59.808,22.297],[-59.958,22.266],[-60.05,22.319],[-60.142,22.372]],[[-68.533,12.81],[-68.483,12.898],[-68.433,12.986],[-68.387,13.073],[-68.337,13.161],[-68.287,13.248],[-68.238,13.336],[-68.187,13.424],[-68.05,13.463],[-68,13.55],[-67.95,13.638],[-67.808,13.677],[-67.671,13.716],[-67.621,13.803],[-67.479,13.842],[-67.342,13.881],[-67.292,13.968],[-67.242,14.056],[-67.1,14.094],[-67.137,14.23],[-67.087,14.317],[-66.95,14.356],[-66.9,14.443],[-66.85,14.53],[-66.708,14.569],[-66.658,14.656],[-66.517,14.694],[-66.375,14.732],[-66.325,14.819],[-66.183,14.857],[-66.225,14.993],[-66.175,15.08],[-66.212,15.216],[-66.304,15.265],[-66.392,15.314],[-66.433,15.451],[-66.525,15.499],[-66.562,15.636],[-66.654,15.684],[-66.692,15.821],[-66.783,15.869],[-66.825,16.006],[-66.863,16.142],[-66.954,16.191],[-67.046,16.239],[-67.083,16.376],[-67.125,16.512],[-67.075,16.599],[-67.117,16.735],[-67.154,16.871],[-67.104,16.958],[-66.962,16.997],[-66.908,17.084],[-66.767,17.122],[-66.625,17.16],[-66.483,17.198],[-66.342,17.236],[-66.196,17.274],[-66.054,17.311],[-66.004,17.398],[-65.95,17.485],[-65.9,17.572],[-65.937,17.709],[-66.029,17.758],[-66.071,17.894],[-66.163,17.944],[-66.2,18.08],[-66.292,18.129],[-66.333,18.265],[-66.371,18.401],[-66.321,18.489],[-66.363,18.625],[-66.308,18.712],[-66.258,18.799],[-66.113,18.836],[-66.058,18.923],[-65.917,18.961],[-65.863,19.048],[-65.721,19.085],[-65.629,19.036],[-65.483,19.073],[-65.337,19.11],[-65.246,19.06],[-65.154,19.01],[-65.063,18.96],[-64.921,18.997],[-64.775,19.033],[-64.721,19.12],[-64.671,19.206],[-64.617,19.293],[-64.562,19.379],[-64.508,19.466],[-64.458,19.552],[-64.496,19.689],[-64.442,19.775],[-64.387,19.862],[-64.333,19.948],[-64.283,20.034],[-64.229,20.121],[-64.175,20.207],[-64.121,20.293],[-64.067,20.379],[-64.013,20.466],[-63.958,20.552],[-63.996,20.689],[-63.942,20.775],[-63.887,20.861],[-63.833,20.948],[-63.779,21.034],[-63.817,21.171],[-63.762,21.257],[-63.708,21.343],[-63.654,21.429],[-63.6,21.515],[-63.454,21.55],[-63.4,21.636],[-63.25,21.671],[-63.104,21.706],[-62.958,21.741],[-62.863,21.69],[-62.717,21.724],[-62.571,21.758],[-62.475,21.707],[-62.329,21.741],[-62.179,21.775],[-62.125,21.861],[-61.979,21.894],[-61.829,21.928],[-61.683,21.961],[-61.533,21.995],[-61.479,22.08],[-61.329,22.113],[-61.275,22.198],[-61.125,22.231],[-61.033,22.179],[-60.883,22.211],[-60.792,22.159],[-60.7,22.106],[-60.608,22.054],[-60.517,22.001],[-60.483,21.863],[-60.446,21.726],[-60.504,21.641],[-60.413,21.589],[-60.263,21.621],[-60.117,21.653],[-60.025,21.599],[-59.933,21.547],[-59.842,21.494],[-59.75,21.441],[-59.717,21.303],[-59.775,21.219],[-59.683,21.166],[-59.65,21.028],[-59.613,20.891],[-59.671,20.806],[-59.579,20.753],[-59.546,20.616],[-59.513,20.478],[-59.367,20.509],[-59.275,20.456],[-59.242,20.319],[-59.15,20.266],[-59.062,20.212],[-58.971,20.159],[-58.937,20.021],[-58.904,19.884],[-58.871,19.747],[-58.925,19.663],[-58.892,19.525],[-58.95,19.441],[-59.096,19.411],[-59.15,19.326],[-59.296,19.295],[-59.442,19.264],[-59.587,19.232],[-59.825,19.254],[-59.733,19.201],[-59.879,19.169],[-60.113,19.19],[-60.025,19.138],[-60.171,19.106],[-60.225,19.021],[-60.371,18.989],[-60.425,18.904],[-60.479,18.819],[-60.446,18.682],[-60.5,18.597],[-60.554,18.513],[-60.521,18.375],[-60.575,18.291],[-60.537,18.154],[-60.504,18.017],[-60.471,17.879],[-60.433,17.743],[-60.4,17.606],[-60.363,17.469],[-60.329,17.332],[-60.383,17.247],[-60.35,17.11],[-60.404,17.025],[-60.367,16.889],[-60.333,16.752],[-60.388,16.667],[-60.35,16.53],[-60.404,16.446],[-60.458,16.361],[-60.512,16.276],[-60.475,16.139],[-60.442,16.003],[-60.496,15.918],[-60.458,15.781],[-60.425,15.644],[-60.388,15.508],[-60.442,15.423],[-60.496,15.338],[-60.55,15.253],[-60.6,15.169],[-60.654,15.084],[-60.708,14.999],[-60.762,14.914],[-60.812,14.829],[-60.779,14.693],[-60.742,14.556],[-60.708,14.42],[-60.758,14.335],[-60.812,14.25],[-60.863,14.165],[-60.917,14.08],[-60.971,13.995],[-61.021,13.91],[-61.163,13.876],[-61.304,13.842],[-61.392,13.893],[-61.479,13.944],[-61.571,13.996],[-61.746,14.098],[-61.658,14.047],[-61.8,14.012],[-61.937,13.978],[-61.992,13.893],[-62.133,13.858],[-62.183,13.772],[-62.238,13.687],[-62.375,13.652],[-62.429,13.566],[-62.479,13.481],[-62.442,13.344],[-62.496,13.259],[-62.458,13.123],[-62.367,13.072],[-62.329,12.936],[-62.242,12.885],[-62.204,12.749],[-62.117,12.699],[-62.029,12.648],[-61.942,12.598],[-61.904,12.461],[-61.817,12.411],[-61.779,12.275],[-61.742,12.139],[-61.792,12.053],[-61.754,11.917],[-61.808,11.832],[-61.858,11.747],[-61.908,11.661],[-62.05,11.626],[-62.1,11.541],[-62.238,11.506],[-62.379,11.47],[-62.429,11.385],[-62.567,11.349],[-62.704,11.314],[-62.846,11.278],[-62.983,11.242],[-63.071,11.292],[-63.212,11.256],[-63.3,11.306],[-63.437,11.27],[-63.525,11.32],[-63.617,11.369],[-63.754,11.333],[-63.892,11.297],[-64.029,11.26],[-64.171,11.223],[-64.308,11.186],[-64.446,11.149],[-64.587,11.112],[-64.725,11.075],[-64.863,11.038],[-65,11.001],[-65.05,10.914],[-65.192,10.877],[-65.238,10.79],[-65.379,10.752],[-65.429,10.666],[-65.479,10.579],[-65.525,10.492],[-65.667,10.454],[-65.712,10.367],[-65.725,10.145],[-65.863,10.107],[-65.9,10.243],[-65.762,10.281],[-65.675,10.232],[-65.537,10.269],[-65.4,10.308],[-65.262,10.345],[-65.212,10.432],[-65.075,10.469],[-64.983,10.42],[-64.846,10.458],[-64.758,10.409],[-64.621,10.446],[-64.529,10.397],[-64.442,10.347],[-64.354,10.298],[-64.267,10.249],[-64.225,10.113],[-64.138,10.064],[-64.05,10.014],[-64.013,9.879],[-64.063,9.793],[-63.975,9.743],[-63.933,9.608],[-63.846,9.558],[-63.708,9.595],[-63.658,9.681],[-63.521,9.718],[-63.471,9.804],[-63.333,9.84],[-63.246,9.791],[-63.108,9.827],[-63.021,9.777],[-62.929,9.728],[-62.842,9.678],[-62.754,9.628],[-62.667,9.578],[-62.629,9.443],[-62.592,9.307],[-62.504,9.257],[-62.467,9.122],[-62.425,8.986],[-62.387,8.851],[-62.437,8.766],[-62.4,8.63],[-62.45,8.544],[-62.413,8.409],[-62.462,8.324],[-62.512,8.238],[-62.646,8.202],[-62.738,8.251],[-62.871,8.215],[-62.962,8.264],[-63.05,8.314],[-63.187,8.278],[-63.275,8.327],[-63.363,8.376],[-63.45,8.425],[-63.537,8.475],[-63.625,8.524],[-63.712,8.573],[-63.8,8.622],[-63.887,8.672],[-63.979,8.721],[-64.017,8.856],[-64.104,8.905],[-64.142,9.041],[-64.233,9.09],[-64.458,9.102],[-64.371,9.053],[-64.508,9.015],[-64.646,8.978],[-64.692,8.891],[-64.742,8.805],[-64.879,8.768],[-64.929,8.681],[-64.979,8.594],[-65.025,8.508],[-65.075,8.421],[-65.125,8.334],[-65.175,8.248],[-65.221,8.161],[-65.271,8.074],[-65.321,7.988],[-65.367,7.901],[-65.329,7.766],[-65.287,7.631],[-65.25,7.495],[-65.296,7.409],[-65.258,7.273],[-65.308,7.187],[-65.354,7.1],[-65.404,7.013],[-65.45,6.926],[-65.5,6.84],[-65.55,6.753],[-65.596,6.666],[-65.646,6.579],[-65.604,6.444],[-65.567,6.309],[-65.525,6.174],[-65.571,6.087],[-65.533,5.953],[-65.579,5.866],[-65.629,5.779],[-65.675,5.692],[-65.725,5.605],[-65.683,5.471],[-65.733,5.384],[-65.867,5.345],[-66.004,5.306],[-66.05,5.219],[-66.187,5.18],[-66.321,5.141],[-66.371,5.054],[-66.417,4.967],[-66.554,4.927],[-66.6,4.84],[-66.65,4.753],[-66.696,4.666],[-66.742,4.579],[-66.792,4.492],[-66.837,4.404],[-66.883,4.318],[-66.933,4.23],[-66.979,4.143],[-67.025,4.056],[-66.988,3.921],[-67.033,3.834],[-66.992,3.699],[-66.95,3.564],[-66.996,3.477],[-66.958,3.343],[-67.004,3.256],[-66.917,3.208],[-66.875,3.074],[-66.921,2.986],[-66.967,2.899],[-67.104,2.859],[-67.238,2.819],[-67.283,2.732],[-67.508,2.739],[-67.421,2.692],[-67.554,2.651],[-67.6,2.564],[-67.738,2.524],[-67.783,2.436],[-67.829,2.349],[-67.875,2.261],[-67.925,2.174],[-68.058,2.134],[-68.104,2.046],[-68.242,2.005],[-68.375,1.965],[-68.508,1.924],[-68.554,1.836],[-68.692,1.796],[-68.738,1.708],[-68.871,1.667],[-69.008,1.626],[-69.054,1.538],[-69.187,1.497],[-69.233,1.409],[-69.371,1.368],[-69.417,1.28],[-69.55,1.239],[-69.596,1.151],[-69.733,1.11],[-69.779,1.022],[-69.738,0.888],[-69.783,0.799],[-69.829,0.712],[-69.788,0.577],[-69.833,0.489],[-69.742,0.443],[-69.7,0.308],[-69.658,0.174],[-69.571,0.128],[-69.479,0.081],[-69.346,0.123],[-69.258,0.076],[-69.171,0.03],[-69.079,-0.016],[-68.992,-0.063],[-68.904,-0.109],[-68.817,-0.156],[-68.725,-0.202],[-68.637,-0.249],[-68.55,-0.295],[-68.508,-0.429],[-68.462,-0.563],[-68.421,-0.697],[-68.554,-0.738],[-68.6,-0.826],[-68.646,-0.914],[-68.692,-1.001],[-68.738,-1.089],[-68.696,-1.223],[-68.742,-1.311],[-68.788,-1.398],[-68.833,-1.486],[-68.792,-1.62],[-68.746,-1.754],[-68.792,-1.841],[-68.925,-1.883],[-68.971,-1.971],[-69.017,-2.058],[-69.154,-2.1],[-69.287,-2.142],[-69.375,-2.096],[-69.462,-2.05],[-69.554,-2.004],[-69.687,-2.046],[-69.775,-2],[-69.913,-2.042],[-70,-1.996],[-70.087,-1.95],[-70.179,-1.904],[-70.267,-1.858],[-70.354,-1.812],[-70.446,-1.766],[-70.533,-1.72],[-70.667,-1.762],[-70.8,-1.804],[-70.937,-1.846],[-71.025,-1.8],[-71.158,-1.842],[-71.204,-1.93],[-71.342,-1.973],[-71.383,-2.061],[-71.429,-2.149],[-71.567,-2.191],[-71.613,-2.28],[-71.746,-2.322],[-71.792,-2.41],[-71.837,-2.499],[-72.062,-2.495],[-71.971,-2.541],[-72.104,-2.584],[-72.329,-2.58],[-72.242,-2.626],[-72.375,-2.669],[-72.508,-2.711],[-72.6,-2.666],[-72.733,-2.708],[-72.779,-2.796],[-72.913,-2.839],[-73.137,-2.836],[-73.05,-2.882],[-73.183,-2.924],[-73.317,-2.967],[-73.454,-3.01],[-73.542,-2.964],[-73.675,-3.007],[-73.767,-2.961],[-73.9,-3.004],[-74.033,-3.047],[-74.125,-3.001],[-74.212,-2.955],[-74.437,-2.952],[-74.346,-2.998],[-74.483,-3.041],[-74.529,-3.129],[-74.575,-3.218],[-74.621,-3.306],[-74.667,-3.395],[-74.712,-3.484],[-74.846,-3.527],[-74.892,-3.615],[-75.025,-3.658],[-75.071,-3.747],[-75.117,-3.836],[-75.163,-3.924],[-75.121,-4.059],[-75.075,-4.193],[-75.033,-4.327],[-75.079,-4.416],[-74.992,-4.462],[-74.9,-4.508],[-74.812,-4.553],[-74.675,-4.51],[-74.587,-4.556],[-74.5,-4.602],[-74.408,-4.647],[-74.321,-4.693],[-74.229,-4.739],[-74.142,-4.784],[-74.096,-4.918],[-74.054,-5.052],[-73.962,-5.098],[-73.921,-5.232],[-73.967,-5.321],[-73.921,-5.455],[-73.879,-5.589],[-73.833,-5.723],[-73.879,-5.811],[-73.833,-5.946],[-73.879,-6.034],[-73.837,-6.168],[-73.792,-6.302],[-73.837,-6.391],[-73.792,-6.524],[-73.837,-6.613],[-73.883,-6.702],[-73.837,-6.836],[-73.75,-6.881],[-73.704,-7.014],[-73.658,-7.148],[-73.571,-7.193],[-73.479,-7.239],[-73.392,-7.284],[-73.346,-7.417],[-73.3,-7.551],[-73.254,-7.685],[-73.208,-7.818],[-73.167,-7.952],[-73.208,-8.04],[-73.254,-8.129],[-73.3,-8.217],[-73.254,-8.351],[-73.3,-8.439],[-73.346,-8.528],[-73.392,-8.616],[-73.433,-8.705],[-73.479,-8.793],[-73.525,-8.882],[-73.571,-8.97],[-73.617,-9.059],[-73.75,-9.102],[-73.796,-9.191],[-73.842,-9.28],[-73.883,-9.368],[-73.929,-9.457],[-73.975,-9.546],[-74.021,-9.634],[-74.067,-9.723],[-74.113,-9.811],[-74.154,-9.9],[-74.2,-9.989],[-74.337,-10.032],[-74.383,-10.121],[-74.517,-10.165],[-74.654,-10.209],[-74.787,-10.252],[-74.925,-10.296],[-75.017,-10.251],[-75.154,-10.295],[-75.196,-10.384],[-75.242,-10.473],[-75.288,-10.561],[-75.333,-10.65],[-75.379,-10.739],[-75.425,-10.827],[-75.379,-10.961],[-75.425,-11.05],[-75.471,-11.138],[-75.604,-11.182],[-75.65,-11.271],[-75.787,-11.315],[-75.879,-11.27],[-76.017,-11.314],[-76.108,-11.269],[-76.242,-11.313],[-76.333,-11.268],[-76.425,-11.223],[-76.517,-11.178],[-76.654,-11.221],[-76.787,-11.265],[-76.925,-11.309],[-76.971,-11.397],[-77.017,-11.486],[-77.062,-11.575],[-77.108,-11.664],[-77.246,-11.707],[-77.292,-11.796],[-77.246,-11.93],[-77.292,-12.019],[-77.246,-12.153],[-77.154,-12.198],[-77.067,-12.243],[-77.021,-12.377],[-77.067,-12.466],[-76.975,-12.511],[-76.929,-12.644],[-76.975,-12.733],[-76.929,-12.867],[-76.975,-12.956],[-76.929,-13.089],[-76.971,-13.178],[-76.925,-13.311],[-76.833,-13.356],[-76.787,-13.49],[-76.833,-13.579],[-76.787,-13.712],[-76.833,-13.801],[-76.787,-13.934],[-76.833,-14.023],[-76.879,-14.112],[-76.925,-14.201],[-77.062,-14.245],[-77.108,-14.333],[-77.246,-14.378],[-77.383,-14.422],[-77.521,-14.466],[-77.617,-14.421],[-77.708,-14.376],[-77.8,-14.331],[-77.892,-14.286],[-77.983,-14.241],[-78.029,-14.107],[-78.121,-14.062],[-78.167,-13.929],[-78.212,-13.795],[-78.258,-13.661],[-78.304,-13.527],[-78.35,-13.393],[-78.396,-13.259],[-78.35,-13.17],[-78.396,-13.036],[-78.35,-12.947],[-78.392,-12.813],[-78.437,-12.679],[-78.392,-12.591],[-78.346,-12.502],[-78.208,-12.458],[-78.163,-12.369],[-78.117,-12.281],[-78.163,-12.147],[-78.254,-12.101],[-78.342,-12.056],[-78.433,-12.011],[-78.525,-11.965],[-78.617,-11.92],[-78.708,-11.874],[-78.8,-11.829],[-78.892,-11.783],[-78.979,-11.737],[-79.071,-11.692],[-79.208,-11.735],[-79.3,-11.689],[-79.437,-11.732],[-79.529,-11.687],[-79.667,-11.73],[-79.804,-11.773],[-79.896,-11.727],[-80.033,-11.77],[-80.121,-11.724],[-80.212,-11.678],[-80.304,-11.632],[-80.396,-11.586],[-80.483,-11.54],[-80.575,-11.494],[-80.667,-11.448],[-80.708,-11.313],[-80.754,-11.179],[-80.796,-11.044],[-80.887,-10.998],[-80.929,-10.863],[-80.975,-10.728],[-81.062,-10.682],[-81.108,-10.547],[-81.15,-10.412],[-81.104,-10.324],[-81.146,-10.189],[-81.1,-10.1],[-81.142,-9.965],[-81.096,-9.877],[-81.05,-9.788],[-80.913,-9.746],[-80.867,-9.657],[-80.817,-9.568],[-80.863,-9.434],[-80.95,-9.387],[-81.042,-9.341],[-81.129,-9.295],[-81.175,-9.16],[-81.262,-9.114],[-81.308,-8.979],[-81.258,-8.89],[-81.304,-8.755],[-81.254,-8.666],[-81.3,-8.532],[-81.25,-8.443],[-81.204,-8.354],[-81.158,-8.266],[-81.113,-8.177],[-81.067,-8.088],[-81.108,-7.954],[-81.062,-7.865],[-81.013,-7.776],[-81.058,-7.641],[-81.008,-7.553],[-81.054,-7.418],[-81.096,-7.283],[-81.05,-7.194],[-81.092,-7.059],[-81.046,-6.971],[-81.087,-6.836],[-81.042,-6.747],[-80.996,-6.658],[-80.946,-6.57],[-80.992,-6.435],[-80.942,-6.346],[-80.896,-6.257],[-80.942,-6.122],[-80.983,-5.988],[-81.025,-5.853],[-81.113,-5.806],[-81.158,-5.672],[-81.246,-5.625],[-81.287,-5.49],[-81.375,-5.444],[-81.467,-5.398],[-81.554,-5.351],[-81.646,-5.305],[-81.733,-5.258],[-81.821,-5.212],[-81.863,-5.077],[-81.908,-4.942],[-81.95,-4.807],[-81.904,-4.719],[-81.767,-4.676],[-81.721,-4.588],[-81.675,-4.499],[-81.629,-4.411],[-81.492,-4.368],[-81.446,-4.28],[-81.4,-4.191],[-81.354,-4.103],[-81.217,-4.06],[-81.171,-3.972],[-81.125,-3.883],[-80.988,-3.841],[-80.942,-3.752],[-80.808,-3.71],[-80.762,-3.621],[-80.625,-3.579],[-80.579,-3.49],[-80.446,-3.448],[-80.308,-3.405],[-80.221,-3.451],[-80.133,-3.497],[-80.042,-3.543],[-79.954,-3.59],[-79.867,-3.636],[-79.775,-3.682],[-79.733,-3.817],[-79.779,-3.906],[-79.692,-3.952],[-79.65,-4.086],[-79.558,-4.132],[-79.425,-4.09],[-79.287,-4.047],[-79.2,-4.093],[-79.067,-4.051],[-78.929,-4.008],[-78.842,-4.054],[-78.75,-4.1],[-78.663,-4.146],[-78.575,-4.192],[-78.529,-4.327],[-78.442,-4.373],[-78.4,-4.507],[-78.308,-4.553],[-78.221,-4.599],[-78.087,-4.557],[-78.037,-4.468],[-77.904,-4.425],[-77.771,-4.382],[-77.725,-4.293],[-77.679,-4.204],[-77.629,-4.116],[-77.583,-4.027],[-77.629,-3.892],[-77.583,-3.803],[-77.537,-3.715],[-77.492,-3.626],[-77.446,-3.537],[-77.4,-3.448],[-77.354,-3.359],[-77.304,-3.271],[-77.171,-3.228],[-77.125,-3.139],[-76.992,-3.096],[-76.946,-3.007],[-76.9,-2.919],[-76.762,-2.876],[-76.717,-2.787],[-76.583,-2.744],[-76.446,-2.701],[-76.4,-2.613],[-76.267,-2.57],[-76.221,-2.481],[-76.087,-2.438],[-76.042,-2.349],[-76.083,-2.215],[-76.171,-2.169],[-76.263,-2.123],[-76.304,-1.988],[-76.392,-1.942],[-76.483,-1.896],[-76.571,-1.85],[-76.658,-1.804],[-76.75,-1.758],[-76.837,-1.712],[-76.925,-1.666],[-77.062,-1.709],[-77.15,-1.663],[-77.283,-1.706],[-77.375,-1.66],[-77.508,-1.703],[-77.596,-1.657],[-77.687,-1.611],[-77.775,-1.565],[-77.863,-1.519],[-77.954,-1.473],[-78.042,-1.427],[-78.083,-1.292],[-78.171,-1.246],[-78.217,-1.111],[-78.171,-1.022],[-78.212,-0.888],[-78.167,-0.799],[-78.121,-0.71],[-78.075,-0.621],[-78.029,-0.533],[-77.983,-0.444],[-77.937,-0.355],[-77.892,-0.266],[-77.846,-0.177],[-77.8,-0.089],[-77.75,0],[-77.617,0.042],[-77.571,0.131],[-77.437,0.174],[-77.392,0.263],[-77.254,0.306],[-77.167,0.26],[-77.033,0.303],[-76.896,0.345],[-76.762,0.388],[-76.675,0.342],[-76.537,0.385],[-76.45,0.339],[-76.317,0.381],[-76.225,0.335],[-76.092,0.378],[-75.958,0.421],[-75.867,0.374],[-75.779,0.329],[-75.646,0.371],[-75.508,0.414],[-75.375,0.456],[-75.242,0.499],[-75.196,0.588],[-75.058,0.63],[-74.925,0.673],[-74.837,0.627],[-74.7,0.669],[-74.567,0.712],[-74.479,0.666],[-74.342,0.708],[-74.208,0.751],[-74.163,0.839],[-74.025,0.882],[-73.979,0.971],[-74.025,1.105],[-73.979,1.194],[-74.021,1.329],[-73.975,1.417],[-74.017,1.552],[-74.058,1.687],[-74.146,1.733],[-74.192,1.868],[-74.233,2.003],[-74.321,2.049],[-74.408,2.095],[-74.5,2.141],[-74.542,2.276],[-74.629,2.322],[-74.717,2.369],[-74.762,2.503],[-74.85,2.549],[-74.892,2.684],[-74.933,2.819],[-74.979,2.954],[-75.021,3.089],[-74.975,3.178],[-75.017,3.313],[-74.971,3.401],[-74.925,3.49],[-74.879,3.579],[-74.833,3.667],[-74.783,3.756],[-74.738,3.845],[-74.692,3.933],[-74.646,4.022],[-74.513,4.064],[-74.462,4.153],[-74.417,4.242],[-74.283,4.284],[-74.238,4.373],[-74.1,4.415],[-73.967,4.457],[-73.829,4.499],[-73.742,4.453],[-73.604,4.495],[-73.517,4.449],[-73.429,4.402],[-73.337,4.356],[-73.25,4.309],[-73.163,4.263],[-73.075,4.216],[-72.983,4.17],[-72.85,4.212],[-72.758,4.166],[-72.625,4.208],[-72.538,4.161],[-72.4,4.203],[-72.354,4.291],[-72.217,4.333],[-72.262,4.468],[-72.212,4.556],[-72.254,4.691],[-72.346,4.738],[-72.387,4.873],[-72.429,5.008],[-72.471,5.143],[-72.425,5.231],[-72.467,5.366],[-72.508,5.501],[-72.462,5.59],[-72.504,5.725],[-72.546,5.86],[-72.5,5.948],[-72.542,6.083],[-72.496,6.172],[-72.538,6.307],[-72.488,6.395],[-72.354,6.437],[-72.308,6.525],[-72.171,6.567],[-72.033,6.609],[-71.9,6.65],[-71.808,6.603],[-71.721,6.556],[-71.633,6.51],[-71.542,6.463],[-71.454,6.416],[-71.367,6.369],[-71.325,6.234],[-71.283,6.099],[-71.238,5.964],[-71.196,5.829],[-71.246,5.741],[-71.204,5.605],[-71.163,5.47],[-71.121,5.335],[-71.079,5.2],[-71.037,5.065],[-70.996,4.93],[-70.954,4.795],[-70.863,4.748],[-70.821,4.613],[-70.779,4.478],[-70.692,4.431],[-70.604,4.385],[-70.517,4.338],[-70.471,4.203],[-70.383,4.156],[-70.296,4.109],[-70.208,4.062],[-70.071,4.103],[-70.025,4.191],[-69.979,4.279],[-69.929,4.367],[-69.971,4.502],[-69.925,4.59],[-69.967,4.725],[-69.921,4.813],[-69.962,4.948],[-69.917,5.036],[-69.954,5.171],[-69.908,5.259],[-69.863,5.347],[-69.817,5.435],[-69.767,5.523],[-69.721,5.611],[-69.675,5.699],[-69.625,5.786],[-69.579,5.874],[-69.529,5.962],[-69.483,6.05],[-69.437,6.138],[-69.479,6.273],[-69.567,6.32],[-69.704,6.28],[-69.792,6.327],[-69.879,6.374],[-69.921,6.509],[-69.962,6.644],[-70.05,6.692],[-70.092,6.827],[-70.133,6.962],[-70.221,7.009],[-70.262,7.144],[-70.354,7.192],[-70.396,7.327],[-70.437,7.462],[-70.479,7.597],[-70.517,7.733],[-70.558,7.868],[-70.512,7.956],[-70.554,8.091],[-70.508,8.179],[-70.546,8.314],[-70.5,8.403],[-70.454,8.491],[-70.404,8.579],[-70.358,8.667],[-70.308,8.755],[-70.262,8.843],[-70.212,8.931],[-70.167,9.019],[-70.029,9.059],[-69.979,9.147],[-69.933,9.235],[-69.796,9.276],[-69.746,9.364],[-69.608,9.404],[-69.475,9.444],[-69.337,9.485],[-69.246,9.437],[-69.158,9.389],[-69.067,9.342],[-69.029,9.206],[-68.937,9.159],[-68.85,9.111],[-68.758,9.063],[-68.671,9.016],[-68.533,9.056],[-68.396,9.095],[-68.258,9.135],[-68.212,9.223],[-68.075,9.262],[-68.025,9.35],[-68.067,9.485],[-68.104,9.621],[-68.196,9.669],[-68.238,9.804],[-68.325,9.852],[-68.413,9.9],[-68.504,9.948],[-68.542,10.083],[-68.633,10.131],[-68.721,10.179],[-68.763,10.315],[-68.804,10.45],[-68.846,10.586],[-68.796,10.673],[-68.838,10.809],[-68.788,10.897],[-68.738,10.984],[-68.779,11.12],[-68.729,11.208],[-68.771,11.343],[-68.813,11.479],[-68.854,11.614],[-68.804,11.702],[-68.846,11.838],[-68.796,11.925],[-68.746,12.013],[-68.788,12.149],[-68.738,12.236],[-68.692,12.324],[-68.729,12.46],[-68.683,12.548],[-68.633,12.635],[-68.583,12.723],[-68.533,12.81]],[[-71.579,15.767],[-71.529,15.855],[-71.479,15.943],[-71.433,16.031],[-71.292,16.073],[-71.15,16.114],[-71.058,16.067],[-70.967,16.02],[-70.875,15.973],[-70.833,15.837],[-70.742,15.79],[-70.7,15.655],[-70.608,15.607],[-70.562,15.472],[-70.521,15.336],[-70.479,15.201],[-70.437,15.066],[-70.396,14.93],[-70.354,14.795],[-70.404,14.707],[-70.45,14.619],[-70.592,14.578],[-70.642,14.49],[-70.779,14.449],[-70.871,14.496],[-71.012,14.455],[-71.1,14.503],[-71.192,14.549],[-71.238,14.685],[-71.325,14.732],[-71.371,14.867],[-71.413,15.003],[-71.454,15.138],[-71.496,15.273],[-71.542,15.408],[-71.492,15.496],[-71.533,15.632],[-71.579,15.767]],[[-78.679,15.577],[-78.633,15.666],[-78.587,15.755],[-78.45,15.799],[-78.358,15.755],[-78.263,15.71],[-78.171,15.666],[-78.079,15.621],[-77.988,15.577],[-77.937,15.443],[-77.846,15.399],[-77.8,15.265],[-77.708,15.221],[-77.658,15.087],[-77.567,15.042],[-77.521,14.909],[-77.567,14.82],[-77.475,14.775],[-77.429,14.641],[-77.475,14.553],[-77.521,14.464],[-77.567,14.375],[-77.613,14.286],[-77.75,14.242],[-77.842,14.287],[-77.983,14.243],[-78.075,14.288],[-78.167,14.333],[-78.212,14.466],[-78.258,14.6],[-78.304,14.733],[-78.354,14.867],[-78.446,14.911],[-78.537,14.956],[-78.583,15.089],[-78.633,15.222],[-78.679,15.356],[-78.725,15.489],[-78.679,15.577]],[[-83.708,10.172],[-83.663,10.261],[-83.525,10.305],[-83.392,10.349],[-83.254,10.393],[-83.121,10.437],[-82.983,10.481],[-82.85,10.525],[-82.758,10.48],[-82.621,10.524],[-82.529,10.48],[-82.396,10.524],[-82.304,10.479],[-82.212,10.435],[-82.121,10.391],[-82.075,10.258],[-81.983,10.213],[-81.892,10.168],[-81.804,10.124],[-81.712,10.079],[-81.575,10.123],[-81.621,10.256],[-81.579,10.344],[-81.533,10.433],[-81.488,10.522],[-81.442,10.61],[-81.396,10.699],[-81.354,10.788],[-81.308,10.876],[-81.171,10.92],[-81.125,11.009],[-81.083,11.098],[-81.038,11.186],[-80.992,11.275],[-80.946,11.363],[-80.9,11.452],[-80.854,11.541],[-80.812,11.629],[-80.767,11.718],[-80.629,11.762],[-80.537,11.718],[-80.4,11.761],[-80.308,11.717],[-80.175,11.761],[-80.038,11.805],[-79.992,11.894],[-79.946,11.983],[-79.808,12.026],[-79.762,12.115],[-79.721,12.204],[-79.675,12.293],[-79.629,12.381],[-79.583,12.47],[-79.446,12.514],[-79.4,12.603],[-79.354,12.692],[-79.308,12.78],[-79.262,12.869],[-79.217,12.958],[-79.171,13.047],[-79.129,13.135],[-78.992,13.179],[-78.808,13.312],[-78.762,13.401],[-78.625,13.445],[-78.488,13.489],[-78.35,13.533],[-78.258,13.488],[-78.163,13.443],[-78.071,13.398],[-77.979,13.353],[-77.887,13.308],[-77.842,13.174],[-77.75,13.129],[-77.658,13.084],[-77.521,13.128],[-77.429,13.083],[-77.292,13.127],[-77.154,13.17],[-77.062,13.125],[-76.925,13.168],[-76.787,13.212],[-76.65,13.255],[-76.512,13.299],[-76.467,13.388],[-76.329,13.431],[-76.279,13.519],[-76.233,13.608],[-76.096,13.651],[-76.05,13.74],[-75.913,13.784],[-75.863,13.872],[-75.817,13.961],[-75.771,14.05],[-75.725,14.138],[-75.675,14.227],[-75.629,14.316],[-75.583,14.404],[-75.537,14.493],[-75.396,14.536],[-75.258,14.579],[-75.212,14.668],[-75.071,14.711],[-74.979,14.666],[-74.887,14.62],[-74.75,14.663],[-74.608,14.705],[-74.562,14.794],[-74.608,14.929],[-74.654,15.063],[-74.696,15.198],[-74.742,15.332],[-74.696,15.421],[-74.738,15.555],[-74.692,15.644],[-74.646,15.732],[-74.692,15.867],[-74.642,15.955],[-74.687,16.09],[-74.779,16.135],[-74.921,16.092],[-75.012,16.138],[-75.104,16.183],[-75.2,16.229],[-75.246,16.363],[-75.338,16.409],[-75.383,16.543],[-75.338,16.631],[-75.383,16.765],[-75.333,16.854],[-75.288,16.943],[-75.146,16.986],[-75.1,17.075],[-75.05,17.163],[-74.913,17.207],[-74.771,17.25],[-74.629,17.293],[-74.675,17.427],[-74.721,17.561],[-74.767,17.696],[-74.863,17.741],[-74.908,17.875],[-75,17.92],[-75.046,18.054],[-75.096,18.188],[-75.142,18.322],[-75.187,18.456],[-75.142,18.545],[-75.092,18.633],[-75.046,18.722],[-74.996,18.811],[-74.95,18.899],[-74.808,18.943],[-74.667,18.986],[-74.617,19.075],[-74.475,19.118],[-74.333,19.161],[-74.242,19.116],[-74.096,19.159],[-74.004,19.114],[-73.908,19.068],[-73.863,18.934],[-73.817,18.799],[-73.725,18.754],[-73.679,18.619],[-73.725,18.531],[-73.679,18.396],[-73.633,18.262],[-73.683,18.173],[-73.637,18.039],[-73.687,17.951],[-73.642,17.816],[-73.687,17.728],[-73.738,17.639],[-73.783,17.55],[-73.975,17.419],[-74.113,17.376],[-74.163,17.288],[-74.071,17.242],[-73.975,17.196],[-73.883,17.15],[-73.742,17.193],[-73.65,17.147],[-73.604,17.012],[-73.513,16.966],[-73.467,16.832],[-73.517,16.743],[-73.421,16.697],[-73.379,16.563],[-73.425,16.474],[-73.379,16.339],[-73.337,16.204],[-73.383,16.116],[-73.292,16.07],[-73.25,15.935],[-73.204,15.8],[-73.158,15.666],[-73.117,15.531],[-73.163,15.442],[-73.121,15.307],[-73.075,15.173],[-73.033,15.038],[-73.171,14.996],[-73.129,14.861],[-73.083,14.726],[-73.042,14.591],[-72.996,14.456],[-72.904,14.409],[-72.863,14.274],[-72.821,14.14],[-72.775,14.005],[-72.733,13.87],[-72.687,13.735],[-72.738,13.646],[-72.696,13.511],[-72.65,13.376],[-72.608,13.241],[-72.567,13.106],[-72.521,12.971],[-72.571,12.883],[-72.525,12.747],[-72.483,12.612],[-72.533,12.524],[-72.488,12.389],[-72.538,12.3],[-72.496,12.165],[-72.542,12.077],[-72.592,11.988],[-72.729,11.947],[-72.867,11.905],[-72.958,11.951],[-73.046,11.998],[-73.137,12.044],[-73.229,12.091],[-73.317,12.138],[-73.408,12.184],[-73.454,12.319],[-73.542,12.365],[-73.633,12.412],[-73.679,12.546],[-73.767,12.593],[-73.812,12.728],[-73.904,12.774],[-73.946,12.909],[-73.988,13.044],[-74.033,13.178],[-74.075,13.313],[-74.167,13.359],[-74.258,13.405],[-74.304,13.54],[-74.396,13.586],[-74.533,13.543],[-74.625,13.589],[-74.854,13.593],[-74.762,13.547],[-74.9,13.504],[-75.133,13.507],[-75.042,13.461],[-75.179,13.418],[-75.317,13.375],[-75.363,13.287],[-75.413,13.198],[-75.55,13.155],[-75.687,13.112],[-75.733,13.023],[-75.871,12.98],[-75.917,12.891],[-75.967,12.803],[-76.012,12.714],[-76.058,12.625],[-76.104,12.536],[-76.058,12.402],[-76.017,12.268],[-75.971,12.133],[-75.879,12.088],[-75.787,12.042],[-75.7,11.996],[-75.562,12.039],[-75.471,11.993],[-75.379,11.947],[-75.242,11.99],[-75.104,12.033],[-75.012,11.987],[-74.971,11.852],[-74.879,11.806],[-74.787,11.76],[-74.746,11.626],[-74.792,11.537],[-74.746,11.402],[-74.796,11.313],[-74.842,11.225],[-74.887,11.136],[-74.933,11.048],[-74.983,10.959],[-75.029,10.87],[-75.075,10.781],[-75.212,10.739],[-75.35,10.696],[-75.442,10.742],[-75.529,10.788],[-75.621,10.834],[-75.667,10.968],[-75.754,11.014],[-75.846,11.06],[-75.983,11.017],[-76.029,10.928],[-76.075,10.84],[-76.125,10.751],[-76.171,10.662],[-76.217,10.573],[-76.171,10.439],[-76.217,10.35],[-76.267,10.261],[-76.313,10.173],[-76.358,10.084],[-76.404,9.995],[-76.45,9.906],[-76.496,9.817],[-76.542,9.729],[-76.587,9.64],[-76.637,9.551],[-76.771,9.508],[-76.908,9.465],[-77,9.511],[-77.133,9.468],[-77.271,9.425],[-77.363,9.47],[-77.5,9.427],[-77.633,9.384],[-77.725,9.429],[-77.863,9.386],[-77.996,9.343],[-78.133,9.299],[-78.271,9.256],[-78.404,9.213],[-78.542,9.169],[-78.679,9.126],[-78.812,9.083],[-78.904,9.128],[-79.042,9.085],[-79.221,9.175],[-79.129,9.13],[-79.267,9.087],[-79.404,9.043],[-79.446,8.954],[-79.492,8.866],[-79.629,8.822],[-79.675,8.733],[-79.721,8.645],[-79.767,8.556],[-79.812,8.467],[-79.767,8.333],[-79.812,8.244],[-79.858,8.156],[-79.904,8.067],[-79.95,7.978],[-79.996,7.889],[-80.042,7.801],[-80.088,7.712],[-80.133,7.623],[-80.175,7.535],[-80.221,7.446],[-80.179,7.312],[-80.133,7.178],[-80.088,7.044],[-80.046,6.91],[-80,6.776],[-79.958,6.641],[-80.004,6.553],[-79.958,6.418],[-80.004,6.33],[-80.05,6.241],[-80.096,6.152],[-80.142,6.064],[-80.05,6.018],[-80.008,5.884],[-80.054,5.795],[-80.008,5.661],[-79.967,5.526],[-79.921,5.392],[-79.879,5.258],[-79.833,5.123],[-79.792,4.989],[-79.837,4.9],[-79.796,4.766],[-79.842,4.677],[-79.883,4.588],[-79.842,4.454],[-79.887,4.365],[-80.021,4.322],[-80.113,4.368],[-80.2,4.414],[-80.292,4.459],[-80.379,4.505],[-80.425,4.639],[-80.512,4.685],[-80.6,4.731],[-80.692,4.776],[-80.779,4.822],[-80.871,4.868],[-81.004,4.824],[-81.092,4.87],[-81.229,4.827],[-81.317,4.873],[-81.408,4.918],[-81.496,4.964],[-81.542,5.098],[-81.629,5.144],[-81.675,5.278],[-81.717,5.412],[-81.671,5.5],[-81.717,5.634],[-81.671,5.723],[-81.625,5.811],[-81.579,5.9],[-81.533,5.989],[-81.488,6.077],[-81.446,6.166],[-81.4,6.254],[-81.354,6.343],[-81.396,6.477],[-81.488,6.522],[-81.575,6.568],[-81.712,6.524],[-81.8,6.57],[-81.892,6.615],[-81.979,6.66],[-82.025,6.794],[-82.117,6.839],[-82.158,6.973],[-82.25,7.018],[-82.296,7.152],[-82.337,7.286],[-82.475,7.242],[-82.562,7.287],[-82.654,7.333],[-82.788,7.289],[-82.925,7.246],[-82.971,7.157],[-83.104,7.114],[-83.15,7.026],[-83.196,6.937],[-83.329,6.894],[-83.375,6.806],[-83.421,6.717],[-83.554,6.674],[-83.646,6.719],[-83.779,6.676],[-83.867,6.721],[-83.958,6.766],[-84.004,6.899],[-84.05,7.033],[-84.096,7.166],[-83.958,7.209],[-84.004,7.342],[-83.958,7.431],[-83.917,7.519],[-83.958,7.652],[-83.917,7.74],[-83.871,7.829],[-83.917,7.962],[-83.871,8.05],[-83.825,8.138],[-83.871,8.271],[-83.829,8.36],[-83.692,8.403],[-83.558,8.447],[-83.421,8.49],[-83.287,8.534],[-83.154,8.578],[-83.108,8.666],[-83.062,8.754],[-83.017,8.843],[-82.975,8.931],[-82.838,8.975],[-82.883,9.108],[-82.929,9.241],[-83.021,9.286],[-83.067,9.419],[-83.158,9.463],[-83.25,9.508],[-83.337,9.553],[-83.383,9.685],[-83.475,9.73],[-83.567,9.774],[-83.613,9.907],[-83.658,10.04],[-83.708,10.172]],[[-87.5,4.905],[-87.454,4.992],[-87.408,5.08],[-87.363,5.167],[-87.321,5.255],[-87.187,5.297],[-87.142,5.385],[-87.096,5.472],[-86.962,5.515],[-86.917,5.602],[-86.783,5.645],[-86.738,5.733],[-86.696,5.82],[-86.65,5.908],[-86.517,5.95],[-86.558,6.083],[-86.425,6.126],[-86.292,6.169],[-86.2,6.124],[-86.067,6.166],[-85.979,6.121],[-85.887,6.076],[-85.8,6.031],[-85.708,5.986],[-85.617,5.941],[-85.575,5.808],[-85.483,5.762],[-85.396,5.717],[-85.35,5.584],[-85.304,5.451],[-85.35,5.363],[-85.396,5.274],[-85.442,5.187],[-85.483,5.099],[-85.529,5.011],[-85.575,4.923],[-85.708,4.88],[-85.842,4.837],[-85.887,4.75],[-86.021,4.707],[-86.067,4.619],[-86.113,4.532],[-86.158,4.444],[-86.204,4.356],[-86.246,4.268],[-86.204,4.135],[-86.25,4.047],[-86.292,3.959],[-86.337,3.871],[-86.383,3.784],[-86.429,3.696],[-86.475,3.608],[-86.521,3.52],[-86.567,3.432],[-86.7,3.391],[-86.833,3.349],[-86.967,3.307],[-87.1,3.265],[-87.238,3.223],[-87.325,3.269],[-87.413,3.315],[-87.504,3.361],[-87.592,3.406],[-87.679,3.452],[-87.725,3.585],[-87.679,3.673],[-87.633,3.76],[-87.679,3.893],[-87.633,3.981],[-87.588,4.068],[-87.633,4.201],[-87.679,4.334],[-87.633,4.422],[-87.588,4.509],[-87.542,4.597],[-87.5,4.684],[-87.542,4.817],[-87.5,4.905]],[[-65.413,5.548],[-65.363,5.634],[-65.317,5.721],[-65.267,5.808],[-65.133,5.846],[-65.083,5.933],[-64.95,5.971],[-64.9,6.058],[-64.762,6.096],[-64.675,6.048],[-64.542,6.086],[-64.404,6.123],[-64.363,5.989],[-64.275,5.94],[-64.238,5.805],[-64.196,5.67],[-64.246,5.584],[-64.292,5.498],[-64.342,5.411],[-64.387,5.325],[-64.437,5.239],[-64.483,5.152],[-64.621,5.114],[-64.754,5.076],[-64.892,5.038],[-64.979,5.086],[-65.117,5.047],[-65.204,5.095],[-65.337,5.057],[-65.429,5.105],[-65.467,5.239],[-65.421,5.326],[-65.458,5.461],[-65.413,5.548]],[[-70.792,1.891],[-70.742,1.979],[-70.696,2.067],[-70.562,2.109],[-70.475,2.062],[-70.383,2.016],[-70.296,1.969],[-70.254,1.834],[-70.3,1.746],[-70.258,1.612],[-70.217,1.477],[-70.262,1.389],[-70.396,1.348],[-70.533,1.306],[-70.621,1.353],[-70.754,1.311],[-70.8,1.446],[-70.842,1.58],[-70.796,1.668],[-70.746,1.756],[-70.792,1.891]],[[-81.238,-2.584],[-81.279,-2.449],[-81.233,-2.361],[-81.187,-2.272],[-81.142,-2.184],[-81.004,-2.141],[-80.958,-2.053],[-80.825,-2.01],[-80.779,-1.921],[-80.642,-1.879],[-80.596,-1.79],[-80.462,-1.748],[-80.329,-1.705],[-80.279,-1.617],[-80.146,-1.574],[-80.058,-1.62],[-79.971,-1.666],[-79.879,-1.712],[-79.792,-1.758],[-79.704,-1.804],[-79.613,-1.851],[-79.571,-1.986],[-79.617,-2.074],[-79.575,-2.209],[-79.621,-2.298],[-79.667,-2.386],[-79.712,-2.475],[-79.758,-2.564],[-79.804,-2.653],[-79.942,-2.695],[-79.988,-2.784],[-80.033,-2.873],[-80.167,-2.915],[-80.212,-3.004],[-80.258,-3.093],[-80.396,-3.135],[-80.529,-3.178],[-80.621,-3.131],[-80.708,-3.085],[-80.842,-3.128],[-80.933,-3.081],[-81.021,-3.035],[-81.062,-2.9],[-81.15,-2.854],[-81.196,-2.719],[-81.238,-2.584]],[[-88.804,2.152],[-88.85,2.285],[-88.804,2.372],[-88.758,2.459],[-88.712,2.547],[-88.579,2.588],[-88.446,2.629],[-88.354,2.583],[-88.221,2.624],[-88.133,2.578],[-88.046,2.532],[-87.954,2.486],[-87.913,2.353],[-87.867,2.219],[-87.825,2.086],[-87.871,1.998],[-87.917,1.911],[-87.962,1.824],[-88.008,1.736],[-88.142,1.695],[-88.229,1.741],[-88.321,1.787],[-88.454,1.746],[-88.542,1.793],[-88.629,1.839],[-88.675,1.973],[-88.762,2.019],[-88.804,2.152]],[[-87.167,-5.212],[-87.117,-5.124],[-87.071,-5.037],[-86.933,-4.997],[-86.8,-4.956],[-86.712,-5.004],[-86.621,-5.051],[-86.579,-5.186],[-86.538,-5.321],[-86.588,-5.409],[-86.721,-5.449],[-86.771,-5.537],[-86.904,-5.577],[-86.996,-5.529],[-87.083,-5.482],[-87.125,-5.347],[-87.167,-5.212]],[[-83.146,-6.213],[-83.1,-6.125],[-82.962,-6.083],[-82.917,-5.995],[-82.779,-5.953],[-82.692,-6],[-82.554,-5.958],[-82.467,-6.004],[-82.379,-6.051],[-82.287,-6.097],[-82.246,-6.232],[-82.292,-6.321],[-82.342,-6.409],[-82.387,-6.498],[-82.433,-6.586],[-82.479,-6.675],[-82.617,-6.717],[-82.754,-6.759],[-82.842,-6.712],[-82.979,-6.754],[-83.021,-6.619],[-83.108,-6.572],[-83.15,-6.437],[-83.192,-6.302],[-83.146,-6.213]],[[-86.529,-12.021],[-86.479,-11.933],[-86.429,-11.846],[-86.383,-11.758],[-86.242,-11.718],[-86.196,-11.63],[-86.058,-11.59],[-85.917,-11.55],[-85.871,-11.462],[-85.729,-11.422],[-85.592,-11.381],[-85.546,-11.293],[-85.408,-11.253],[-85.267,-11.212],[-85.221,-11.124],[-85.083,-11.083],[-84.992,-11.131],[-84.854,-11.09],[-84.763,-11.137],[-84.675,-11.184],[-84.583,-11.232],[-84.542,-11.367],[-84.454,-11.414],[-84.413,-11.549],[-84.458,-11.638],[-84.508,-11.726],[-84.467,-11.861],[-84.512,-11.949],[-84.654,-11.99],[-84.7,-12.079],[-84.837,-12.119],[-84.887,-12.207],[-84.937,-12.296],[-85.075,-12.336],[-85.121,-12.424],[-85.171,-12.512],[-85.308,-12.553],[-85.358,-12.641],[-85.496,-12.681],[-85.637,-12.722],[-85.775,-12.762],[-85.913,-12.802],[-86.004,-12.755],[-86.096,-12.707],[-86.183,-12.659],[-86.275,-12.611],[-86.367,-12.564],[-86.404,-12.428],[-86.446,-12.292],[-86.488,-12.157],[-86.529,-12.021]],[[-91.45,-10.816],[-91.4,-10.73],[-91.35,-10.643],[-91.3,-10.557],[-91.25,-10.471],[-91.113,-10.434],[-90.975,-10.397],[-90.833,-10.359],[-90.746,-10.409],[-90.608,-10.371],[-90.521,-10.42],[-90.429,-10.469],[-90.342,-10.518],[-90.304,-10.654],[-90.267,-10.79],[-90.225,-10.926],[-90.187,-11.061],[-90.146,-11.197],[-90.196,-11.284],[-90.158,-11.42],[-90.208,-11.506],[-90.258,-11.593],[-90.396,-11.631],[-90.446,-11.717],[-90.587,-11.754],[-90.675,-11.705],[-90.812,-11.742],[-90.904,-11.693],[-90.992,-11.643],[-91.079,-11.594],[-91.117,-11.458],[-91.208,-11.409],[-91.296,-11.359],[-91.383,-11.309],[-91.421,-11.174],[-91.462,-11.038],[-91.413,-10.952],[-91.45,-10.816]],[[-92.738,-9.407],[-92.687,-9.321],[-92.637,-9.235],[-92.587,-9.149],[-92.625,-9.014],[-92.712,-8.964],[-92.804,-8.914],[-92.942,-8.951],[-92.988,-9.036],[-93.037,-9.122],[-93.087,-9.207],[-93.05,-9.343],[-92.962,-9.393],[-92.875,-9.442],[-92.738,-9.407]],[[-80.592,-12.611],[-80.454,-12.568],[-80.363,-12.614],[-80.317,-12.749],[-80.275,-12.883],[-80.321,-12.972],[-80.458,-13.015],[-80.55,-12.969],[-80.596,-12.834],[-80.637,-12.699],[-80.592,-12.611]],[[-75.913,-14.024],[-75.958,-13.891],[-75.913,-13.802],[-75.871,-13.714],[-75.825,-13.625],[-75.779,-13.536],[-75.642,-13.492],[-75.504,-13.447],[-75.413,-13.492],[-75.321,-13.536],[-75.225,-13.581],[-75.133,-13.625],[-75.042,-13.669],[-74.996,-13.802],[-75.042,-13.891],[-74.992,-14.023],[-75.037,-14.112],[-75.083,-14.201],[-75.221,-14.245],[-75.267,-14.334],[-75.404,-14.379],[-75.542,-14.423],[-75.633,-14.379],[-75.725,-14.335],[-75.817,-14.29],[-75.913,-14.246],[-75.958,-14.113],[-75.913,-14.024]],[[-75.267,-17.077],[-75.225,-16.989],[-75.179,-16.9],[-75.133,-16.811],[-74.996,-16.766],[-74.9,-16.81],[-74.808,-16.853],[-74.712,-16.896],[-74.617,-16.94],[-74.567,-17.072],[-74.613,-17.16],[-74.658,-17.249],[-74.7,-17.338],[-74.746,-17.426],[-74.792,-17.515],[-74.929,-17.561],[-75.025,-17.517],[-75.121,-17.474],[-75.171,-17.342],[-75.263,-17.298],[-75.313,-17.166],[-75.267,-17.077]],[[-74.554,-20.55],[-74.513,-20.462],[-74.467,-20.373],[-74.521,-20.242],[-74.617,-20.199],[-74.712,-20.157],[-74.854,-20.203],[-74.896,-20.292],[-74.992,-20.249],[-75.092,-20.207],[-75.229,-20.253],[-75.275,-20.342],[-75.321,-20.43],[-75.367,-20.519],[-75.408,-20.608],[-75.358,-20.739],[-75.304,-20.87],[-75.208,-20.913],[-75.067,-20.866],[-74.971,-20.909],[-74.829,-20.862],[-74.687,-20.816],[-74.642,-20.727],[-74.6,-20.639],[-74.554,-20.55]],[[-105.812,-19.823],[-105.837,-19.686],[-105.863,-19.548],[-105.804,-19.47],[-105.742,-19.392],[-105.596,-19.372],[-105.533,-19.294],[-105.475,-19.215],[-105.329,-19.195],[-105.267,-19.116],[-105.121,-19.096],[-105.062,-19.017],[-105,-18.938],[-104.854,-18.918],[-104.708,-18.897],[-104.65,-18.817],[-104.504,-18.796],[-104.358,-18.775],[-104.387,-18.638],[-104.325,-18.558],[-104.267,-18.479],[-104.296,-18.342],[-104.233,-18.262],[-104.175,-18.183],[-104.117,-18.103],[-104.058,-18.024],[-103.913,-18.002],[-103.854,-17.922],[-103.708,-17.899],[-103.65,-17.819],[-103.508,-17.797],[-103.45,-17.717],[-103.304,-17.694],[-103.246,-17.614],[-103.1,-17.59],[-103.042,-17.51],[-102.9,-17.486],[-102.842,-17.406],[-102.783,-17.326],[-102.725,-17.245],[-102.667,-17.165],[-102.696,-17.028],[-102.725,-16.891],[-102.754,-16.754],[-102.696,-16.674],[-102.725,-16.537],[-102.671,-16.456],[-102.613,-16.376],[-102.554,-16.295],[-102.413,-16.271],[-102.271,-16.246],[-102.125,-16.221],[-102.071,-16.14],[-101.925,-16.115],[-101.783,-16.089],[-101.725,-16.008],[-101.583,-15.982],[-101.529,-15.901],[-101.383,-15.876],[-101.242,-15.849],[-101.1,-15.823],[-101.042,-15.741],[-100.9,-15.715],[-100.846,-15.633],[-100.788,-15.552],[-100.646,-15.525],[-100.592,-15.443],[-100.537,-15.361],[-100.479,-15.279],[-100.425,-15.197],[-100.371,-15.115],[-100.312,-15.033],[-100.258,-14.951],[-100.117,-14.924],[-100.062,-14.842],[-100.008,-14.759],[-99.954,-14.677],[-99.9,-14.595],[-99.842,-14.513],[-99.788,-14.431],[-99.733,-14.348],[-99.679,-14.266],[-99.625,-14.184],[-99.483,-14.155],[-99.429,-14.072],[-99.375,-13.99],[-99.233,-13.961],[-99.092,-13.932],[-98.954,-13.903],[-98.813,-13.873],[-98.725,-13.927],[-98.583,-13.897],[-98.442,-13.867],[-98.354,-13.921],[-98.212,-13.891],[-98.075,-13.86],[-97.988,-13.913],[-97.846,-13.883],[-97.792,-13.8],[-97.738,-13.716],[-97.683,-13.633],[-97.629,-13.549],[-97.579,-13.466],[-97.613,-13.33],[-97.558,-13.246],[-97.592,-13.11],[-97.542,-13.026],[-97.488,-12.943],[-97.433,-12.859],[-97.467,-12.723],[-97.329,-12.692],[-97.187,-12.661],[-97.05,-12.629],[-96.996,-12.545],[-96.854,-12.514],[-96.717,-12.482],[-96.575,-12.45],[-96.525,-12.366],[-96.471,-12.282],[-96.421,-12.197],[-96.279,-12.165],[-96.229,-12.081],[-96.262,-11.945],[-96.212,-11.861],[-96.158,-11.777],[-96.108,-11.692],[-96.142,-11.557],[-96.092,-11.472],[-95.954,-11.44],[-95.9,-11.355],[-95.85,-11.271],[-95.712,-11.238],[-95.621,-11.289],[-95.533,-11.34],[-95.446,-11.392],[-95.358,-11.443],[-95.271,-11.494],[-95.183,-11.545],[-95.096,-11.596],[-95.008,-11.647],[-94.921,-11.698],[-94.783,-11.665],[-94.642,-11.631],[-94.504,-11.597],[-94.367,-11.562],[-94.225,-11.528],[-94.138,-11.579],[-94,-11.544],[-93.913,-11.595],[-93.771,-11.56],[-93.683,-11.611],[-93.596,-11.661],[-93.508,-11.712],[-93.421,-11.762],[-93.329,-11.812],[-93.242,-11.863],[-93.154,-11.913],[-93.117,-12.049],[-93.079,-12.185],[-92.992,-12.236],[-92.954,-12.372],[-92.867,-12.422],[-92.775,-12.472],[-92.637,-12.437],[-92.496,-12.401],[-92.446,-12.315],[-92.308,-12.279],[-92.167,-12.244],[-92.029,-12.207],[-91.887,-12.171],[-91.8,-12.221],[-91.712,-12.271],[-91.571,-12.235],[-91.483,-12.284],[-91.446,-12.421],[-91.358,-12.47],[-91.267,-12.52],[-91.179,-12.57],[-91.142,-12.706],[-91.05,-12.755],[-90.962,-12.805],[-90.875,-12.854],[-90.833,-12.991],[-90.746,-13.04],[-90.708,-13.176],[-90.758,-13.262],[-90.721,-13.399],[-90.679,-13.535],[-90.642,-13.671],[-90.604,-13.807],[-90.512,-13.857],[-90.475,-13.993],[-90.388,-14.042],[-90.296,-14.092],[-90.208,-14.141],[-90.167,-14.277],[-90.079,-14.327],[-89.988,-14.376],[-89.95,-14.512],[-89.858,-14.562],[-89.821,-14.698],[-89.729,-14.747],[-89.692,-14.883],[-89.6,-14.932],[-89.562,-15.069],[-89.525,-15.205],[-89.433,-15.254],[-89.342,-15.303],[-89.304,-15.439],[-89.262,-15.575],[-89.225,-15.711],[-89.183,-15.848],[-89.238,-15.935],[-89.287,-16.022],[-89.246,-16.158],[-89.3,-16.245],[-89.35,-16.332],[-89.4,-16.419],[-89.454,-16.506],[-89.504,-16.592],[-89.554,-16.679],[-89.608,-16.766],[-89.567,-16.903],[-89.529,-17.039],[-89.579,-17.126],[-89.633,-17.213],[-89.592,-17.349],[-89.642,-17.436],[-89.604,-17.572],[-89.654,-17.659],[-89.708,-17.746],[-89.85,-17.783],[-89.904,-17.87],[-89.954,-17.957],[-90.1,-17.994],[-90.15,-18.081],[-90.204,-18.167],[-90.346,-18.204],[-90.492,-18.241],[-90.542,-18.328],[-90.687,-18.364],[-90.829,-18.401],[-90.883,-18.487],[-91.029,-18.524],[-91.079,-18.61],[-91.042,-18.747],[-91.096,-18.833],[-91.058,-18.969],[-91.017,-19.106],[-91.071,-19.192],[-91.033,-19.329],[-91.087,-19.416],[-91.046,-19.552],[-90.954,-19.603],[-90.917,-19.739],[-90.825,-19.789],[-90.787,-19.926],[-90.746,-20.062],[-90.708,-20.199],[-90.762,-20.286],[-90.725,-20.422],[-90.775,-20.509],[-90.738,-20.645],[-90.792,-20.732],[-90.754,-20.868],[-90.808,-20.955],[-90.858,-21.041],[-90.913,-21.128],[-90.967,-21.214],[-91.113,-21.25],[-91.167,-21.337],[-91.221,-21.423],[-91.275,-21.509],[-91.329,-21.596],[-91.383,-21.682],[-91.442,-21.768],[-91.496,-21.854],[-91.55,-21.941],[-91.604,-22.027],[-91.658,-22.113],[-91.712,-22.199],[-91.675,-22.336],[-91.729,-22.422],[-91.692,-22.559],[-91.746,-22.646],[-91.708,-22.782],[-91.762,-22.869],[-91.725,-23.005],[-91.779,-23.092],[-91.833,-23.178],[-91.887,-23.264],[-91.946,-23.35],[-92.096,-23.385],[-92.15,-23.471],[-92.3,-23.506],[-92.354,-23.592],[-92.504,-23.626],[-92.467,-23.764],[-92.521,-23.849],[-92.579,-23.935],[-92.633,-24.021],[-92.692,-24.107],[-92.654,-24.244],[-92.558,-24.295],[-92.408,-24.261],[-92.258,-24.226],[-92.108,-24.191],[-92.012,-24.242],[-91.863,-24.207],[-91.712,-24.171],[-91.621,-24.222],[-91.471,-24.187],[-91.413,-24.1],[-91.263,-24.065],[-91.113,-24.029],[-91.058,-23.942],[-90.908,-23.906],[-90.854,-23.82],[-90.8,-23.733],[-90.746,-23.647],[-90.783,-23.51],[-90.825,-23.373],[-90.917,-23.323],[-91.012,-23.273],[-91.05,-23.136],[-91.092,-22.999],[-91.129,-22.862],[-91.075,-22.776],[-91.021,-22.69],[-90.967,-22.603],[-90.913,-22.517],[-90.858,-22.431],[-90.804,-22.344],[-90.75,-22.257],[-90.696,-22.171],[-90.642,-22.084],[-90.492,-22.048],[-90.346,-22.011],[-90.2,-21.974],[-90.05,-21.937],[-89.958,-21.987],[-89.808,-21.95],[-89.717,-22],[-89.621,-22.049],[-89.529,-22.099],[-89.433,-22.148],[-89.342,-22.197],[-89.246,-22.247],[-89.154,-22.296],[-89.058,-22.345],[-88.913,-22.307],[-88.858,-22.22],[-88.804,-22.133],[-88.754,-22.046],[-88.7,-21.959],[-88.742,-21.823],[-88.687,-21.736],[-88.729,-21.599],[-88.825,-21.55],[-88.917,-21.501],[-88.958,-21.365],[-88.904,-21.278],[-88.946,-21.142],[-88.988,-21.006],[-88.933,-20.918],[-88.883,-20.831],[-88.829,-20.744],[-88.775,-20.657],[-88.725,-20.57],[-88.579,-20.532],[-88.525,-20.444],[-88.475,-20.357],[-88.329,-20.319],[-88.275,-20.232],[-88.133,-20.193],[-88.079,-20.106],[-88.029,-20.018],[-87.975,-19.931],[-88.017,-19.795],[-88.113,-19.746],[-88.204,-19.697],[-88.296,-19.649],[-88.387,-19.6],[-88.479,-19.551],[-88.575,-19.502],[-88.667,-19.453],[-88.758,-19.404],[-88.85,-19.355],[-88.892,-19.219],[-88.933,-19.083],[-88.879,-18.996],[-88.921,-18.859],[-88.867,-18.772],[-88.817,-18.685],[-88.854,-18.549],[-88.804,-18.462],[-88.754,-18.375],[-88.7,-18.287],[-88.558,-18.249],[-88.508,-18.162],[-88.454,-18.075],[-88.404,-17.987],[-88.262,-17.949],[-88.208,-17.862],[-88.158,-17.774],[-88.108,-17.687],[-87.962,-17.649],[-87.913,-17.561],[-87.863,-17.474],[-87.904,-17.338],[-87.85,-17.25],[-87.8,-17.163],[-87.842,-17.027],[-87.933,-16.978],[-88.025,-16.93],[-88.117,-16.881],[-88.158,-16.745],[-88.246,-16.696],[-88.287,-16.56],[-88.238,-16.473],[-88.279,-16.337],[-88.367,-16.288],[-88.408,-16.152],[-88.5,-16.103],[-88.592,-16.054],[-88.679,-16.006],[-88.721,-15.869],[-88.812,-15.821],[-88.85,-15.684],[-88.942,-15.636],[-88.979,-15.499],[-89.021,-15.363],[-89.058,-15.227],[-89.008,-15.14],[-88.958,-15.053],[-89,-14.917],[-88.95,-14.83],[-88.896,-14.743],[-88.846,-14.656],[-88.708,-14.617],[-88.654,-14.53],[-88.517,-14.492],[-88.425,-14.541],[-88.283,-14.502],[-88.196,-14.551],[-88.054,-14.512],[-87.962,-14.561],[-87.825,-14.522],[-87.683,-14.483],[-87.542,-14.444],[-87.404,-14.404],[-87.262,-14.365],[-87.121,-14.326],[-86.983,-14.286],[-86.842,-14.247],[-86.75,-14.295],[-86.613,-14.255],[-86.471,-14.215],[-86.421,-14.128],[-86.462,-13.992],[-86.413,-13.904],[-86.363,-13.816],[-86.225,-13.776],[-86.175,-13.689],[-86.037,-13.649],[-85.896,-13.608],[-85.804,-13.656],[-85.763,-13.792],[-85.721,-13.927],[-85.771,-14.015],[-85.821,-14.103],[-85.871,-14.191],[-86.008,-14.231],[-86.058,-14.319],[-86.108,-14.407],[-86.067,-14.542],[-85.975,-14.59],[-85.933,-14.726],[-85.846,-14.773],[-85.754,-14.821],[-85.663,-14.869],[-85.571,-14.916],[-85.479,-14.964],[-85.437,-15.099],[-85.346,-15.147],[-85.254,-15.194],[-85.167,-15.242],[-85.121,-15.377],[-85.033,-15.425],[-84.988,-15.56],[-84.896,-15.607],[-84.854,-15.743],[-84.812,-15.878],[-84.863,-15.966],[-84.821,-16.102],[-84.867,-16.19],[-84.825,-16.325],[-84.783,-16.46],[-84.692,-16.507],[-84.55,-16.467],[-84.592,-16.331],[-84.546,-16.243],[-84.496,-16.155],[-84.446,-16.067],[-84.488,-15.932],[-84.533,-15.796],[-84.575,-15.661],[-84.617,-15.526],[-84.567,-15.437],[-84.608,-15.302],[-84.654,-15.167],[-84.604,-15.079],[-84.646,-14.943],[-84.596,-14.855],[-84.637,-14.72],[-84.592,-14.632],[-84.633,-14.496],[-84.675,-14.361],[-84.625,-14.273],[-84.579,-14.185],[-84.621,-14.049],[-84.663,-13.914],[-84.613,-13.826],[-84.567,-13.737],[-84.517,-13.649],[-84.467,-13.561],[-84.421,-13.473],[-84.371,-13.385],[-84.321,-13.297],[-84.275,-13.209],[-84.225,-13.12],[-84.179,-13.032],[-84.129,-12.944],[-84.171,-12.809],[-84.212,-12.673],[-84.304,-12.626],[-84.346,-12.491],[-84.387,-12.356],[-84.429,-12.22],[-84.383,-12.132],[-84.333,-12.044],[-84.283,-11.956],[-84.146,-11.914],[-84.008,-11.873],[-83.917,-11.92],[-83.829,-11.967],[-83.692,-11.926],[-83.6,-11.973],[-83.462,-11.931],[-83.325,-11.89],[-83.275,-11.801],[-83.137,-11.76],[-83.092,-11.671],[-82.95,-11.63],[-82.813,-11.588],[-82.675,-11.546],[-82.537,-11.504],[-82.446,-11.551],[-82.308,-11.509],[-82.221,-11.556],[-82.129,-11.602],[-82.038,-11.648],[-81.95,-11.695],[-81.858,-11.741],[-81.817,-11.876],[-81.771,-12.011],[-81.679,-12.057],[-81.637,-12.192],[-81.546,-12.239],[-81.504,-12.373],[-81.413,-12.419],[-81.371,-12.554],[-81.325,-12.689],[-81.233,-12.735],[-81.192,-12.87],[-81.146,-13.005],[-81.104,-13.139],[-81.058,-13.274],[-81.017,-13.409],[-80.971,-13.543],[-80.925,-13.678],[-80.883,-13.812],[-80.792,-13.859],[-80.7,-13.904],[-80.654,-14.039],[-80.562,-14.085],[-80.471,-14.131],[-80.379,-14.176],[-80.287,-14.222],[-80.196,-14.268],[-80.058,-14.225],[-79.967,-14.27],[-79.875,-14.316],[-79.783,-14.361],[-79.692,-14.407],[-79.6,-14.452],[-79.508,-14.498],[-79.413,-14.543],[-79.371,-14.677],[-79.275,-14.722],[-79.233,-14.857],[-79.138,-14.902],[-79.092,-15.036],[-79,-15.081],[-78.863,-15.037],[-78.817,-14.949],[-78.675,-14.905],[-78.537,-14.861],[-78.4,-14.817],[-78.308,-14.862],[-78.167,-14.819],[-78.029,-14.775],[-77.937,-14.82],[-77.846,-14.865],[-77.754,-14.909],[-77.658,-14.954],[-77.567,-14.999],[-77.521,-15.132],[-77.429,-15.177],[-77.379,-15.311],[-77.288,-15.355],[-77.242,-15.488],[-77.15,-15.533],[-77.054,-15.577],[-77.008,-15.711],[-76.958,-15.844],[-76.867,-15.888],[-76.821,-16.021],[-76.725,-16.065],[-76.633,-16.109],[-76.583,-16.242],[-76.492,-16.287],[-76.396,-16.331],[-76.304,-16.375],[-76.212,-16.419],[-76.163,-16.551],[-76.067,-16.595],[-76.021,-16.728],[-75.971,-16.861],[-75.921,-16.993],[-75.875,-17.126],[-75.921,-17.214],[-75.962,-17.303],[-76.008,-17.392],[-76.054,-17.481],[-76.1,-17.569],[-76.146,-17.658],[-76.192,-17.747],[-76.142,-17.879],[-76.187,-17.968],[-76.229,-18.057],[-76.137,-18.1],[-76.087,-18.232],[-76.133,-18.321],[-76.083,-18.454],[-76.129,-18.542],[-76.079,-18.674],[-76.029,-18.807],[-76.071,-18.895],[-76.117,-18.984],[-76.067,-19.116],[-76.017,-19.248],[-75.967,-19.38],[-75.917,-19.512],[-75.962,-19.601],[-75.908,-19.732],[-75.858,-19.864],[-75.904,-19.953],[-75.95,-20.042],[-75.996,-20.131],[-76.037,-20.219],[-76.083,-20.308],[-76.129,-20.397],[-76.367,-20.399],[-76.271,-20.442],[-76.413,-20.488],[-76.458,-20.577],[-76.504,-20.666],[-76.55,-20.754],[-76.592,-20.843],[-76.637,-20.932],[-76.683,-21.021],[-76.729,-21.109],[-76.775,-21.198],[-76.821,-21.287],[-76.867,-21.376],[-76.913,-21.465],[-76.958,-21.553],[-77.004,-21.642],[-77.05,-21.731],[-77.096,-21.82],[-77.137,-21.909],[-77.183,-21.997],[-77.229,-22.086],[-77.275,-22.175],[-77.225,-22.307],[-77.129,-22.35],[-77.075,-22.481],[-76.979,-22.524],[-76.879,-22.567],[-76.783,-22.61],[-76.729,-22.741],[-76.629,-22.784],[-76.533,-22.826],[-76.479,-22.957],[-76.425,-23.089],[-76.371,-23.22],[-76.417,-23.308],[-76.462,-23.397],[-76.508,-23.486],[-76.554,-23.575],[-76.6,-23.663],[-76.646,-23.752],[-76.787,-23.799],[-76.933,-23.845],[-76.979,-23.934],[-77.121,-23.98],[-77.267,-24.026],[-77.367,-23.984],[-77.467,-23.941],[-77.562,-23.899],[-77.663,-23.856],[-77.762,-23.813],[-77.817,-23.681],[-77.913,-23.638],[-77.967,-23.507],[-77.921,-23.418],[-77.875,-23.329],[-77.829,-23.24],[-77.779,-23.151],[-77.733,-23.063],[-77.687,-22.974],[-77.642,-22.885],[-77.596,-22.796],[-77.55,-22.707],[-77.504,-22.619],[-77.558,-22.487],[-77.654,-22.444],[-77.8,-22.489],[-77.896,-22.446],[-77.992,-22.403],[-78.137,-22.448],[-78.233,-22.405],[-78.333,-22.361],[-78.475,-22.407],[-78.521,-22.495],[-78.667,-22.541],[-78.712,-22.629],[-78.758,-22.718],[-78.808,-22.807],[-78.854,-22.896],[-78.9,-22.984],[-78.946,-23.073],[-78.992,-23.162],[-78.942,-23.294],[-78.988,-23.383],[-78.892,-23.427],[-78.842,-23.559],[-78.887,-23.647],[-78.933,-23.736],[-78.883,-23.869],[-78.783,-23.912],[-78.733,-24.044],[-78.633,-24.087],[-78.533,-24.131],[-78.433,-24.174],[-78.383,-24.306],[-78.329,-24.437],[-78.275,-24.569],[-78.225,-24.701],[-78.271,-24.789],[-78.217,-24.921],[-78.263,-25.01],[-78.308,-25.099],[-78.358,-25.187],[-78.404,-25.276],[-78.45,-25.365],[-78.496,-25.454],[-78.542,-25.542],[-78.687,-25.589],[-78.738,-25.677],[-78.783,-25.766],[-78.829,-25.855],[-78.875,-25.944],[-78.775,-25.986],[-78.675,-26.029],[-78.621,-26.161],[-78.521,-26.203],[-78.421,-26.246],[-78.367,-26.377],[-78.263,-26.42],[-78.208,-26.551],[-78.154,-26.682],[-78.1,-26.813],[-78.046,-26.944],[-78.092,-27.032],[-78.137,-27.121],[-78.183,-27.21],[-78.229,-27.299],[-78.275,-27.388],[-78.321,-27.476],[-78.367,-27.565],[-78.312,-27.696],[-78.358,-27.785],[-78.258,-27.827],[-78.154,-27.869],[-78.05,-27.911],[-77.996,-28.041],[-77.892,-28.083],[-77.833,-28.213],[-77.729,-28.255],[-77.675,-28.385],[-77.617,-28.516],[-77.558,-28.646],[-77.5,-28.776],[-77.546,-28.864],[-77.592,-28.953],[-77.637,-29.042],[-77.683,-29.131],[-77.729,-29.219],[-77.775,-29.308],[-77.821,-29.397],[-77.762,-29.527],[-77.704,-29.657],[-77.75,-29.746],[-77.796,-29.834],[-77.842,-29.923],[-77.996,-29.971],[-78.1,-29.93],[-78.204,-29.889],[-78.263,-29.758],[-78.367,-29.717],[-78.521,-29.764],[-78.671,-29.811],[-78.717,-29.9],[-78.762,-29.989],[-78.704,-30.119],[-78.754,-30.208],[-78.8,-30.297],[-78.742,-30.427],[-78.787,-30.516],[-78.837,-30.605],[-78.883,-30.693],[-78.929,-30.782],[-78.975,-30.871],[-79.238,-30.877],[-79.129,-30.918],[-79.283,-30.965],[-79.329,-31.054],[-79.483,-31.101],[-79.533,-31.19],[-79.579,-31.279],[-79.521,-31.409],[-79.462,-31.539],[-79.354,-31.581],[-79.25,-31.622],[-79.142,-31.664],[-79.033,-31.705],[-78.975,-31.835],[-78.913,-31.965],[-78.962,-32.054],[-79.008,-32.142],[-79.163,-32.19],[-79.212,-32.279],[-79.258,-32.368],[-79.413,-32.415],[-79.462,-32.504],[-79.617,-32.551],[-79.775,-32.599],[-79.821,-32.687],[-79.871,-32.776],[-80.025,-32.823],[-80.075,-32.912],[-80.125,-33.001],[-80.171,-33.089],[-80.221,-33.178],[-80.267,-33.267],[-80.425,-33.314],[-80.583,-33.361],[-80.742,-33.407],[-80.9,-33.454],[-81.058,-33.501],[-81.108,-33.589],[-81.154,-33.678],[-81.204,-33.766],[-81.254,-33.855],[-81.196,-33.986],[-81.246,-34.074],[-81.183,-34.205],[-81.233,-34.294],[-81.283,-34.382],[-81.333,-34.471],[-81.383,-34.56],[-81.433,-34.648],[-81.483,-34.737],[-81.646,-34.783],[-81.804,-34.83],[-82.075,-34.833],[-81.967,-34.876],[-82.129,-34.922],[-82.4,-34.925],[-82.287,-34.968],[-82.45,-35.014],[-82.613,-35.059],[-82.775,-35.105],[-82.825,-35.193],[-82.875,-35.282],[-82.929,-35.37],[-82.871,-35.501],[-82.808,-35.633],[-82.75,-35.764],[-82.8,-35.852],[-82.742,-35.984],[-82.792,-36.072],[-82.733,-36.203],[-82.783,-36.292],[-82.838,-36.38],[-82.888,-36.469],[-83.054,-36.514],[-83.217,-36.56],[-83.383,-36.605],[-83.546,-36.65],[-83.712,-36.695],[-83.825,-36.652],[-83.937,-36.609],[-84.104,-36.653],[-84.267,-36.698],[-84.321,-36.786],[-84.375,-36.874],[-84.429,-36.963],[-84.483,-37.051],[-84.537,-37.139],[-84.479,-37.271],[-84.533,-37.359],[-84.587,-37.447],[-84.642,-37.535],[-84.696,-37.623],[-84.75,-37.711],[-84.804,-37.799],[-84.971,-37.844],[-85.025,-37.932],[-85.196,-37.976],[-85.25,-38.064],[-85.421,-38.107],[-85.475,-38.196],[-85.646,-38.239],[-85.7,-38.327],[-85.754,-38.415],[-85.812,-38.503],[-85.867,-38.591],[-85.925,-38.679],[-85.979,-38.766],[-86.037,-38.854],[-85.975,-38.987],[-86.033,-39.075],[-86.092,-39.162],[-86.146,-39.25],[-86.204,-39.338],[-86.258,-39.426],[-86.317,-39.514],[-86.488,-39.557],[-86.546,-39.644],[-86.837,-39.642],[-86.721,-39.687],[-86.896,-39.73],[-86.95,-39.817],[-87.008,-39.905],[-87.183,-39.947],[-87.242,-40.035],[-87.3,-40.122],[-87.358,-40.21],[-87.3,-40.343],[-87.358,-40.431],[-87.417,-40.518],[-87.475,-40.606],[-87.417,-40.739],[-87.479,-40.826],[-87.538,-40.914],[-87.712,-40.956],[-87.771,-41.043],[-87.95,-41.084],[-88.067,-41.039],[-88.246,-41.08],[-88.363,-41.034],[-88.542,-41.075],[-88.658,-41.029],[-88.837,-41.069],[-89.017,-41.109],[-89.075,-41.197],[-89.137,-41.284],[-89.2,-41.371],[-89.262,-41.457],[-89.321,-41.545],[-89.383,-41.632],[-89.329,-41.766],[-89.392,-41.852],[-89.454,-41.939],[-89.517,-42.026],[-89.575,-42.113],[-89.758,-42.153],[-89.942,-42.192],[-90.004,-42.279],[-90.067,-42.366],[-90.129,-42.453],[-90.192,-42.539],[-90.258,-42.626],[-90.321,-42.713],[-90.504,-42.752],[-90.687,-42.791],[-90.808,-42.742],[-90.992,-42.781],[-91.113,-42.732],[-91.229,-42.684],[-91.413,-42.722],[-91.6,-42.759],[-91.667,-42.846],[-91.85,-42.882],[-91.917,-42.969],[-92.1,-43.006],[-92.288,-43.042],[-92.471,-43.079],[-92.658,-43.115],[-92.779,-43.065],[-92.962,-43.101],[-93.083,-43.051],[-93.271,-43.086],[-93.454,-43.121],[-93.642,-43.156],[-93.829,-43.191],[-94.017,-43.225],[-94.088,-43.31],[-94.154,-43.395],[-94.225,-43.48],[-94.179,-43.617],[-94.246,-43.702],[-94.317,-43.787],[-94.387,-43.872],[-94.458,-43.957],[-94.529,-44.042],[-94.6,-44.127],[-94.792,-44.161],[-94.863,-44.245],[-95.054,-44.278],[-95.246,-44.311],[-95.437,-44.344],[-95.508,-44.428],[-95.821,-44.408],[-95.7,-44.461],[-95.892,-44.492],[-95.967,-44.577],[-96.038,-44.661],[-95.992,-44.798],[-96.067,-44.882],[-96.021,-45.019],[-95.975,-45.156],[-95.929,-45.293],[-96,-45.377],[-95.954,-45.514],[-96.029,-45.599],[-96.104,-45.683],[-96.054,-45.82],[-96.129,-45.904],[-96.204,-45.988],[-96.279,-46.073],[-96.358,-46.157],[-96.308,-46.294],[-96.383,-46.378],[-96.462,-46.462],[-96.413,-46.599],[-96.492,-46.683],[-96.567,-46.767],[-96.517,-46.904],[-96.596,-46.988],[-96.671,-47.072],[-96.75,-47.156],[-96.825,-47.24],[-96.904,-47.324],[-97.108,-47.354],[-97.183,-47.438],[-97.387,-47.468],[-97.592,-47.498],[-97.796,-47.527],[-97.921,-47.474],[-98.046,-47.419],[-98.246,-47.448],[-98.371,-47.394],[-98.496,-47.339],[-98.7,-47.367],[-98.821,-47.312],[-98.946,-47.257],[-99.271,-47.229],[-99.15,-47.284],[-99.354,-47.311],[-99.558,-47.338],[-99.637,-47.421],[-99.721,-47.503],[-99.6,-47.559],[-99.558,-47.697],[-99.517,-47.835],[-99.392,-47.891],[-99.35,-48.029],[-99.308,-48.167],[-99.183,-48.222],[-99.142,-48.36],[-99.017,-48.415],[-98.971,-48.553],[-98.846,-48.608],[-98.717,-48.663],[-98.592,-48.718],[-98.462,-48.772],[-98.254,-48.744],[-98.129,-48.798],[-98,-48.852],[-97.792,-48.822],[-97.663,-48.876],[-97.533,-48.929],[-97.488,-49.067],[-97.358,-49.12],[-97.308,-49.257],[-97.258,-49.394],[-97.208,-49.53],[-97.292,-49.614],[-97.242,-49.751],[-97.321,-49.834],[-97.404,-49.918],[-97.35,-50.055],[-97.567,-50.085],[-97.517,-50.222],[-97.729,-50.252],[-97.946,-50.282],[-98.029,-50.365],[-98.242,-50.395],[-98.458,-50.424],[-98.542,-50.507],[-98.629,-50.59],[-98.846,-50.618],[-98.929,-50.701],[-99.146,-50.729],[-99.233,-50.812],[-99.321,-50.894],[-99.537,-50.922],[-99.625,-51.004],[-99.712,-51.086],[-99.933,-51.113],[-100.021,-51.196],[-100.242,-51.222],[-100.462,-51.248],[-100.683,-51.273],[-100.812,-51.217],[-100.946,-51.16],[-101.075,-51.104],[-101.208,-51.047],[-101.337,-50.99],[-101.467,-50.932],[-101.508,-50.794],[-101.546,-50.656],[-101.588,-50.517],[-101.717,-50.459],[-101.754,-50.321],[-101.883,-50.263],[-102.008,-50.205],[-102.137,-50.147],[-102.262,-50.089],[-102.392,-50.031],[-102.608,-50.053],[-102.642,-49.914],[-102.679,-49.775],[-102.712,-49.636],[-102.625,-49.555],[-102.533,-49.474],[-102.567,-49.335],[-102.479,-49.255],[-102.392,-49.174],[-102.3,-49.093],[-102.212,-49.012],[-102.25,-48.874],[-102.283,-48.734],[-102.321,-48.595],[-102.354,-48.456],[-102.387,-48.317],[-102.3,-48.236],[-102.212,-48.155],[-102.125,-48.074],[-102.042,-47.994],[-101.954,-47.912],[-101.867,-47.832],[-101.779,-47.751],[-101.696,-47.669],[-101.608,-47.588],[-101.646,-47.449],[-101.679,-47.31],[-101.596,-47.229],[-101.513,-47.148],[-101.546,-47.009],[-101.462,-46.927],[-101.379,-46.846],[-101.413,-46.707],[-101.329,-46.626],[-101.246,-46.544],[-101.283,-46.405],[-101.4,-46.348],[-101.517,-46.29],[-101.554,-46.151],[-101.671,-46.093],[-101.787,-46.035],[-101.904,-45.976],[-102.021,-45.918],[-102.054,-45.779],[-102.087,-45.639],[-102.004,-45.558],[-101.921,-45.477],[-101.837,-45.396],[-101.754,-45.315],[-101.671,-45.234],[-101.592,-45.153],[-101.392,-45.13],[-101.196,-45.106],[-101,-45.082],[-100.917,-45.001],[-100.837,-44.919],[-100.642,-44.894],[-100.675,-44.756],[-100.596,-44.674],[-100.517,-44.592],[-100.55,-44.453],[-100.471,-44.371],[-100.504,-44.232],[-100.425,-44.15],[-100.462,-44.011],[-100.383,-43.929],[-100.417,-43.79],[-100.337,-43.708],[-100.375,-43.569],[-100.408,-43.431],[-100.442,-43.291],[-100.479,-43.152],[-100.512,-43.013],[-100.433,-42.931],[-100.358,-42.849],[-100.279,-42.767],[-100.2,-42.686],[-100.125,-42.603],[-100.046,-42.521],[-100.083,-42.382],[-100.117,-42.243],[-100.15,-42.104],[-100.075,-42.022],[-100.108,-41.883],[-100.033,-41.801],[-99.846,-41.776],[-99.771,-41.693],[-99.583,-41.667],[-99.508,-41.585],[-99.325,-41.559],[-99.137,-41.532],[-99.062,-41.45],[-99.1,-41.311],[-99.208,-41.255],[-99.246,-41.116],[-99.354,-41.06],[-99.392,-40.921],[-99.5,-40.865],[-99.533,-40.726],[-99.567,-40.587],[-99.604,-40.448],[-99.637,-40.309],[-99.746,-40.252],[-99.779,-40.114],[-99.812,-39.975],[-99.846,-39.836],[-99.879,-39.697],[-99.983,-39.64],[-100.017,-39.501],[-100.05,-39.361],[-100.083,-39.223],[-100.187,-39.165],[-100.296,-39.108],[-100.329,-38.969],[-100.433,-38.912],[-100.462,-38.772],[-100.571,-38.715],[-100.6,-38.576],[-100.633,-38.436],[-100.558,-38.355],[-100.587,-38.215],[-100.517,-38.134],[-100.442,-38.052],[-100.371,-37.97],[-100.196,-37.945],[-100.092,-38.002],[-99.988,-38.059],[-99.808,-38.034],[-99.704,-38.09],[-99.6,-38.147],[-99.567,-38.286],[-99.462,-38.342],[-99.283,-38.316],[-99.179,-38.373],[-99.075,-38.429],[-98.896,-38.402],[-98.721,-38.375],[-98.542,-38.348],[-98.471,-38.265],[-98.4,-38.182],[-98.329,-38.099],[-98.258,-38.016],[-98.187,-37.932],[-98.012,-37.905],[-97.946,-37.821],[-97.767,-37.793],[-97.7,-37.71],[-97.629,-37.626],[-97.454,-37.598],[-97.35,-37.652],[-97.175,-37.623],[-97.067,-37.678],[-96.962,-37.732],[-96.925,-37.87],[-96.817,-37.924],[-96.779,-38.062],[-96.742,-38.201],[-96.704,-38.339],[-96.771,-38.423],[-96.842,-38.507],[-96.913,-38.591],[-97.087,-38.62],[-97.267,-38.649],[-97.333,-38.733],[-97.404,-38.817],[-97.475,-38.9],[-97.546,-38.984],[-97.617,-39.067],[-97.579,-39.206],[-97.65,-39.289],[-97.613,-39.427],[-97.683,-39.511],[-97.754,-39.594],[-97.717,-39.732],[-97.788,-39.816],[-97.858,-39.899],[-97.821,-40.038],[-97.783,-40.176],[-97.746,-40.314],[-97.708,-40.453],[-97.6,-40.507],[-97.417,-40.478],[-97.346,-40.395],[-97.275,-40.311],[-97.204,-40.227],[-97.133,-40.144],[-97.062,-40.06],[-96.992,-39.976],[-96.921,-39.892],[-96.85,-39.808],[-96.779,-39.724],[-96.817,-39.587],[-96.75,-39.502],[-96.679,-39.419],[-96.717,-39.281],[-96.65,-39.197],[-96.579,-39.113],[-96.508,-39.029],[-96.333,-38.998],[-96.262,-38.914],[-96.196,-38.83],[-96.017,-38.799],[-95.95,-38.715],[-95.771,-38.684],[-95.704,-38.599],[-95.637,-38.515],[-95.462,-38.483],[-95.396,-38.399],[-95.325,-38.314],[-95.258,-38.229],[-95.192,-38.145],[-95.125,-38.06],[-95.167,-37.923],[-95.275,-37.87],[-95.317,-37.732],[-95.354,-37.595],[-95.287,-37.51],[-95.221,-37.425],[-95.262,-37.288],[-95.196,-37.203],[-95.238,-37.066],[-95.171,-36.981],[-95.104,-36.896],[-95.146,-36.759],[-95.183,-36.621],[-95.225,-36.483],[-95.329,-36.43],[-95.433,-36.377],[-95.475,-36.24],[-95.579,-36.186],[-95.617,-36.049],[-95.721,-35.995],[-95.829,-35.942],[-95.933,-35.888],[-96.038,-35.835],[-96.142,-35.781],[-96.242,-35.727],[-96.346,-35.673],[-96.45,-35.619],[-96.488,-35.481],[-96.592,-35.427],[-96.629,-35.289],[-96.562,-35.205],[-96.6,-35.067],[-96.533,-34.982],[-96.567,-34.844],[-96.504,-34.76],[-96.437,-34.676],[-96.371,-34.592],[-96.304,-34.508],[-96.242,-34.424],[-96.175,-34.34],[-96.108,-34.255],[-96.046,-34.171],[-95.979,-34.087],[-96.017,-33.949],[-95.954,-33.864],[-95.887,-33.78],[-95.721,-33.749],[-95.658,-33.665],[-95.592,-33.58],[-95.429,-33.549],[-95.363,-33.464],[-95.2,-33.433],[-95.138,-33.348],[-95.071,-33.264],[-95.008,-33.179],[-94.946,-33.094],[-94.783,-33.062],[-94.617,-33.03],[-94.554,-32.945],[-94.392,-32.912],[-94.329,-32.827],[-94.163,-32.794],[-94.104,-32.709],[-93.937,-32.676],[-93.879,-32.591],[-93.817,-32.506],[-93.654,-32.472],[-93.592,-32.387],[-93.529,-32.301],[-93.467,-32.216],[-93.408,-32.131],[-93.446,-31.993],[-93.387,-31.908],[-93.325,-31.822],[-93.367,-31.685],[-93.404,-31.548],[-93.446,-31.411],[-93.483,-31.273],[-93.583,-31.221],[-93.683,-31.169],[-93.725,-31.032],[-93.821,-30.98],[-93.863,-30.842],[-93.962,-30.79],[-94,-30.653],[-94.1,-30.6],[-94.138,-30.463],[-94.175,-30.325],[-94.212,-30.188],[-94.15,-30.103],[-94.187,-29.965],[-94.229,-29.827],[-94.267,-29.69],[-94.304,-29.552],[-94.342,-29.415],[-94.375,-29.277],[-94.413,-29.139],[-94.354,-29.054],[-94.392,-28.917],[-94.329,-28.832],[-94.271,-28.746],[-94.212,-28.661],[-94.15,-28.576],[-94.092,-28.491],[-94.033,-28.406],[-93.875,-28.373],[-93.817,-28.287],[-93.758,-28.202],[-93.7,-28.117],[-93.642,-28.031],[-93.579,-27.946],[-93.521,-27.861],[-93.462,-27.775],[-93.404,-27.69],[-93.346,-27.604],[-93.288,-27.519],[-93.229,-27.433],[-93.075,-27.399],[-93.017,-27.314],[-92.863,-27.279],[-92.708,-27.245],[-92.554,-27.211],[-92.458,-27.262],[-92.304,-27.227],[-92.246,-27.141],[-92.092,-27.106],[-91.937,-27.071],[-91.879,-26.985],[-91.825,-26.899],[-91.767,-26.813],[-91.708,-26.727],[-91.654,-26.641],[-91.596,-26.554],[-91.637,-26.417],[-91.675,-26.281],[-91.829,-26.316],[-91.925,-26.265],[-92.075,-26.3],[-92.171,-26.249],[-92.325,-26.284],[-92.421,-26.233],[-92.575,-26.267],[-92.671,-26.216],[-92.767,-26.165],[-92.863,-26.113],[-92.958,-26.062],[-93.05,-26.01],[-93.146,-25.958],[-93.183,-25.821],[-93.279,-25.769],[-93.317,-25.632],[-93.354,-25.495],[-93.45,-25.443],[-93.488,-25.306],[-93.579,-25.254],[-93.617,-25.116],[-93.712,-25.064],[-93.808,-25.012],[-93.9,-24.96],[-93.996,-24.908],[-94.088,-24.856],[-94.242,-24.888],[-94.392,-24.921],[-94.542,-24.954],[-94.6,-25.039],[-94.658,-25.124],[-94.717,-25.208],[-94.775,-25.293],[-94.833,-25.378],[-94.8,-25.516],[-94.704,-25.569],[-94.613,-25.621],[-94.458,-25.589],[-94.363,-25.641],[-94.271,-25.694],[-94.233,-25.831],[-94.196,-25.969],[-94.254,-26.054],[-94.217,-26.192],[-94.275,-26.277],[-94.333,-26.362],[-94.392,-26.447],[-94.454,-26.532],[-94.512,-26.617],[-94.667,-26.649],[-94.758,-26.597],[-94.796,-26.459],[-94.892,-26.406],[-94.988,-26.353],[-95.021,-26.215],[-95.058,-26.078],[-95.15,-26.025],[-95.187,-25.887],[-95.221,-25.749],[-95.317,-25.696],[-95.408,-25.643],[-95.504,-25.59],[-95.596,-25.536],[-95.633,-25.399],[-95.667,-25.261],[-95.758,-25.207],[-95.796,-25.069],[-95.887,-25.016],[-95.983,-24.962],[-96.075,-24.909],[-96.167,-24.855],[-96.262,-24.802],[-96.354,-24.748],[-96.446,-24.694],[-96.537,-24.64],[-96.571,-24.502],[-96.667,-24.449],[-96.7,-24.311],[-96.792,-24.257],[-96.883,-24.202],[-96.975,-24.149],[-97.067,-24.094],[-97.217,-24.124],[-97.312,-24.069],[-97.404,-24.015],[-97.554,-24.044],[-97.646,-23.99],[-97.738,-23.935],[-97.829,-23.881],[-97.921,-23.826],[-97.954,-23.688],[-97.983,-23.55],[-98.017,-23.412],[-97.958,-23.329],[-97.896,-23.245],[-97.838,-23.162],[-97.779,-23.079],[-97.721,-22.995],[-97.754,-22.857],[-97.842,-22.803],[-97.875,-22.665],[-97.908,-22.527],[-98,-22.472],[-98.029,-22.334],[-98.121,-22.28],[-98.154,-22.142],[-98.242,-22.087],[-98.275,-21.949],[-98.367,-21.895],[-98.454,-21.84],[-98.546,-21.785],[-98.633,-21.73],[-98.667,-21.592],[-98.758,-21.537],[-98.846,-21.482],[-98.879,-21.345],[-98.908,-21.207],[-99,-21.152],[-99.087,-21.097],[-99.238,-21.124],[-99.325,-21.069],[-99.475,-21.096],[-99.621,-21.124],[-99.771,-21.151],[-99.829,-21.233],[-99.887,-21.315],[-100.037,-21.342],[-100.183,-21.368],[-100.333,-21.394],[-100.421,-21.338],[-100.571,-21.364],[-100.658,-21.308],[-100.746,-21.252],[-100.896,-21.277],[-100.983,-21.221],[-101.071,-21.165],[-101.221,-21.19],[-101.308,-21.133],[-101.4,-21.077],[-101.488,-21.02],[-101.633,-21.045],[-101.871,-21.012],[-101.783,-21.069],[-101.929,-21.093],[-102.079,-21.117],[-102.137,-21.198],[-102.287,-21.222],[-102.437,-21.246],[-102.583,-21.269],[-102.671,-21.211],[-102.821,-21.234],[-102.908,-21.177],[-102.996,-21.119],[-103.083,-21.062],[-103.171,-21.004],[-103.258,-20.946],[-103.408,-20.969],[-103.554,-20.991],[-103.704,-21.013],[-103.762,-21.092],[-103.913,-21.114],[-104.062,-21.136],[-104.208,-21.157],[-104.358,-21.178],[-104.446,-21.119],[-104.592,-21.14],[-104.679,-21.081],[-104.767,-21.022],[-104.854,-20.964],[-104.937,-20.905],[-105.025,-20.846],[-105.113,-20.787],[-105.2,-20.728],[-105.283,-20.669],[-105.371,-20.61],[-105.458,-20.551],[-105.542,-20.492],[-105.567,-20.354],[-105.654,-20.295],[-105.679,-20.157],[-105.767,-20.098],[-105.787,-19.961],[-105.812,-19.823]],[[-86.346,-19.634],[-86.296,-19.546],[-86.154,-19.506],[-86.058,-19.554],[-85.967,-19.601],[-85.921,-19.737],[-85.879,-19.872],[-85.837,-20.008],[-85.742,-20.055],[-85.7,-20.191],[-85.658,-20.326],[-85.613,-20.462],[-85.571,-20.597],[-85.621,-20.685],[-85.671,-20.773],[-85.721,-20.861],[-85.817,-20.813],[-85.908,-20.766],[-85.954,-20.63],[-85.996,-20.495],[-86.092,-20.447],[-86.042,-20.359],[-86.083,-20.224],[-86.175,-20.176],[-86.221,-20.041],[-86.312,-19.993],[-86.354,-19.857],[-86.396,-19.722],[-86.346,-19.634]],[[-88.604,-23.843],[-88.55,-23.756],[-88.496,-23.669],[-88.442,-23.581],[-88.35,-23.63],[-88.254,-23.679],[-88.158,-23.727],[-88.062,-23.776],[-88.021,-23.912],[-87.975,-24.048],[-88.029,-24.135],[-88.083,-24.223],[-88.137,-24.31],[-88.283,-24.349],[-88.379,-24.3],[-88.475,-24.251],[-88.625,-24.29],[-88.667,-24.154],[-88.708,-24.017],[-88.658,-23.93],[-88.604,-23.843]],[[-90.954,-25.965],[-90.896,-25.878],[-90.842,-25.792],[-90.787,-25.705],[-90.633,-25.669],[-90.579,-25.582],[-90.429,-25.546],[-90.333,-25.596],[-90.292,-25.732],[-90.346,-25.819],[-90.4,-25.906],[-90.554,-25.942],[-90.608,-26.029],[-90.762,-26.065],[-90.858,-26.015],[-90.954,-25.965]],[[-81.458,-25.692],[-81.408,-25.604],[-81.308,-25.648],[-81.163,-25.604],[-81.113,-25.737],[-81.158,-25.826],[-81.308,-25.87],[-81.408,-25.826],[-81.508,-25.781],[-81.458,-25.692]],[[-98.342,-19.661],[-98.283,-19.578],[-98.137,-19.549],[-98.05,-19.603],[-97.904,-19.574],[-97.813,-19.628],[-97.779,-19.766],[-97.75,-19.903],[-97.804,-19.986],[-97.863,-20.07],[-97.829,-20.207],[-97.888,-20.291],[-97.946,-20.374],[-98.033,-20.32],[-98.067,-20.182],[-98.154,-20.128],[-98.187,-19.99],[-98.221,-19.853],[-98.308,-19.799],[-98.342,-19.661]],[[-95.821,-27.537],[-95.762,-27.453],[-95.7,-27.369],[-95.546,-27.337],[-95.45,-27.391],[-95.296,-27.359],[-95.2,-27.413],[-95.104,-27.466],[-95.067,-27.604],[-95.033,-27.741],[-94.996,-27.879],[-95.058,-27.964],[-95.117,-28.049],[-95.175,-28.133],[-95.333,-28.165],[-95.492,-28.196],[-95.587,-28.143],[-95.683,-28.089],[-95.779,-28.036],[-95.871,-27.982],[-95.908,-27.844],[-95.942,-27.706],[-95.883,-27.622],[-95.821,-27.537]],[[-101.921,-24.229],[-101.858,-24.148],[-101.796,-24.067],[-101.733,-23.986],[-101.583,-23.962],[-101.521,-23.88],[-101.458,-23.799],[-101.396,-23.718],[-101.246,-23.693],[-101.096,-23.669],[-101.004,-23.726],[-100.917,-23.782],[-100.825,-23.839],[-100.733,-23.896],[-100.708,-24.034],[-100.767,-24.116],[-100.829,-24.197],[-100.892,-24.279],[-100.954,-24.361],[-101.017,-24.442],[-100.988,-24.581],[-101.05,-24.662],[-101.2,-24.687],[-101.262,-24.768],[-101.325,-24.85],[-101.387,-24.931],[-101.479,-24.874],[-101.571,-24.816],[-101.658,-24.759],[-101.75,-24.702],[-101.842,-24.644],[-101.929,-24.587],[-102.021,-24.529],[-102.046,-24.391],[-101.983,-24.31],[-101.921,-24.229]],[[-109.158,-25.938],[-109.087,-25.862],[-109.021,-25.787],[-108.954,-25.711],[-108.8,-25.697],[-108.729,-25.621],[-108.575,-25.608],[-108.421,-25.594],[-108.267,-25.58],[-108.2,-25.504],[-108.133,-25.427],[-108.067,-25.35],[-107.996,-25.274],[-108.017,-25.135],[-107.95,-25.058],[-107.971,-24.919],[-107.904,-24.843],[-107.925,-24.704],[-107.942,-24.566],[-107.875,-24.489],[-107.896,-24.35],[-107.746,-24.335],[-107.679,-24.258],[-107.7,-24.12],[-107.633,-24.043],[-107.479,-24.027],[-107.329,-24.011],[-107.175,-23.995],[-107.092,-24.056],[-107.004,-24.117],[-106.917,-24.178],[-106.829,-24.239],[-106.808,-24.378],[-106.721,-24.439],[-106.633,-24.5],[-106.546,-24.561],[-106.396,-24.544],[-106.242,-24.526],[-106.175,-24.448],[-106.2,-24.31],[-106.221,-24.171],[-106.242,-24.032],[-106.267,-23.894],[-106.2,-23.816],[-106.221,-23.678],[-106.158,-23.599],[-106.008,-23.582],[-105.854,-23.564],[-105.879,-23.425],[-105.725,-23.407],[-105.575,-23.388],[-105.513,-23.31],[-105.446,-23.231],[-105.383,-23.152],[-105.321,-23.074],[-105.258,-22.995],[-105.196,-22.916],[-105.129,-22.837],[-104.979,-22.818],[-104.917,-22.739],[-104.854,-22.66],[-104.704,-22.64],[-104.617,-22.699],[-104.467,-22.679],[-104.317,-22.658],[-104.229,-22.717],[-104.079,-22.696],[-103.992,-22.755],[-103.904,-22.814],[-103.75,-22.792],[-103.663,-22.851],[-103.575,-22.909],[-103.425,-22.887],[-103.363,-22.807],[-103.212,-22.786],[-103.15,-22.706],[-103,-22.683],[-102.937,-22.603],[-102.787,-22.58],[-102.638,-22.557],[-102.488,-22.534],[-102.4,-22.592],[-102.25,-22.569],[-102.163,-22.626],[-102.012,-22.603],[-101.921,-22.66],[-101.833,-22.717],[-101.683,-22.693],[-101.533,-22.669],[-101.383,-22.644],[-101.321,-22.563],[-101.262,-22.481],[-101.2,-22.4],[-101.229,-22.262],[-101.171,-22.181],[-101.021,-22.156],[-100.929,-22.212],[-100.779,-22.187],[-100.633,-22.161],[-100.542,-22.217],[-100.392,-22.192],[-100.242,-22.166],[-100.154,-22.222],[-100.062,-22.278],[-99.917,-22.251],[-99.825,-22.307],[-99.738,-22.363],[-99.704,-22.501],[-99.617,-22.557],[-99.525,-22.612],[-99.496,-22.75],[-99.404,-22.806],[-99.375,-22.944],[-99.346,-23.082],[-99.404,-23.164],[-99.375,-23.303],[-99.433,-23.385],[-99.404,-23.523],[-99.462,-23.606],[-99.525,-23.688],[-99.496,-23.826],[-99.404,-23.882],[-99.312,-23.938],[-99.221,-23.994],[-99.071,-23.966],[-98.979,-24.022],[-98.888,-24.077],[-98.796,-24.132],[-98.767,-24.271],[-98.675,-24.326],[-98.583,-24.381],[-98.55,-24.519],[-98.458,-24.575],[-98.429,-24.713],[-98.488,-24.796],[-98.458,-24.934],[-98.425,-25.072],[-98.488,-25.156],[-98.454,-25.294],[-98.517,-25.377],[-98.579,-25.46],[-98.546,-25.598],[-98.608,-25.681],[-98.671,-25.764],[-98.729,-25.847],[-98.792,-25.93],[-98.946,-25.957],[-99.008,-26.04],[-99.071,-26.122],[-99.129,-26.205],[-99.192,-26.288],[-99.254,-26.371],[-99.408,-26.397],[-99.471,-26.48],[-99.629,-26.506],[-99.692,-26.588],[-99.846,-26.614],[-100,-26.64],[-100.092,-26.584],[-100.246,-26.609],[-100.404,-26.634],[-100.558,-26.659],[-100.65,-26.603],[-100.804,-26.627],[-100.962,-26.652],[-101.117,-26.676],[-101.271,-26.7],[-101.363,-26.643],[-101.521,-26.667],[-101.675,-26.69],[-101.767,-26.633],[-101.921,-26.656],[-102.012,-26.598],[-102.167,-26.621],[-102.325,-26.644],[-102.387,-26.724],[-102.546,-26.747],[-102.608,-26.827],[-102.675,-26.908],[-102.738,-26.988],[-102.804,-27.069],[-102.871,-27.149],[-102.842,-27.288],[-102.687,-27.266],[-102.596,-27.325],[-102.437,-27.303],[-102.283,-27.28],[-102.125,-27.257],[-102.033,-27.316],[-101.879,-27.292],[-101.787,-27.35],[-101.629,-27.327],[-101.538,-27.385],[-101.379,-27.361],[-101.287,-27.419],[-101.133,-27.394],[-100.975,-27.37],[-100.821,-27.346],[-100.754,-27.264],[-100.6,-27.239],[-100.442,-27.214],[-100.379,-27.132],[-100.225,-27.107],[-100.067,-27.082],[-99.913,-27.056],[-99.754,-27.03],[-99.6,-27.004],[-99.446,-26.978],[-99.35,-27.034],[-99.258,-27.09],[-99.104,-27.063],[-99.008,-27.119],[-98.917,-27.175],[-98.821,-27.231],[-98.729,-27.286],[-98.637,-27.342],[-98.542,-27.397],[-98.45,-27.452],[-98.292,-27.425],[-98.2,-27.48],[-98.042,-27.452],[-97.95,-27.507],[-97.854,-27.562],[-97.7,-27.534],[-97.604,-27.589],[-97.508,-27.644],[-97.475,-27.782],[-97.383,-27.836],[-97.35,-27.975],[-97.317,-28.113],[-97.283,-28.251],[-97.346,-28.335],[-97.408,-28.419],[-97.375,-28.557],[-97.342,-28.696],[-97.246,-28.75],[-97.15,-28.805],[-97.054,-28.859],[-96.958,-28.914],[-96.8,-28.884],[-96.704,-28.939],[-96.671,-29.077],[-96.575,-29.131],[-96.542,-29.269],[-96.504,-29.407],[-96.567,-29.491],[-96.629,-29.575],[-96.692,-29.659],[-96.658,-29.798],[-96.721,-29.882],[-96.783,-29.966],[-96.75,-30.104],[-96.812,-30.188],[-96.779,-30.326],[-96.842,-30.41],[-96.904,-30.494],[-96.967,-30.577],[-97.029,-30.661],[-97.192,-30.691],[-97.354,-30.719],[-97.417,-30.803],[-97.579,-30.832],[-97.738,-30.86],[-97.838,-30.805],[-97.996,-30.833],[-98.062,-30.917],[-98.225,-30.944],[-98.321,-30.889],[-98.483,-30.916],[-98.642,-30.944],[-98.742,-30.888],[-98.838,-30.832],[-98.933,-30.776],[-99.029,-30.72],[-99.125,-30.664],[-99.287,-30.69],[-99.45,-30.716],[-99.546,-30.66],[-99.708,-30.686],[-99.804,-30.629],[-99.962,-30.655],[-100.058,-30.598],[-100.154,-30.541],[-100.317,-30.566],[-100.383,-30.648],[-100.45,-30.73],[-100.517,-30.812],[-100.679,-30.836],[-100.746,-30.918],[-100.812,-31],[-100.975,-31.024],[-101.042,-31.106],[-101.012,-31.245],[-101.079,-31.326],[-101.05,-31.466],[-100.954,-31.523],[-100.929,-31.662],[-100.9,-31.802],[-100.804,-31.859],[-100.775,-31.998],[-100.842,-32.08],[-100.812,-32.219],[-100.783,-32.359],[-100.854,-32.44],[-100.921,-32.522],[-100.988,-32.604],[-101.058,-32.685],[-101.125,-32.767],[-101.196,-32.848],[-101.262,-32.929],[-101.333,-33.011],[-101.4,-33.092],[-101.471,-33.174],[-101.542,-33.255],[-101.513,-33.394],[-101.583,-33.476],[-101.65,-33.557],[-101.721,-33.638],[-101.696,-33.777],[-101.767,-33.858],[-101.833,-33.939],[-101.904,-34.021],[-101.975,-34.101],[-102.046,-34.182],[-102.117,-34.263],[-102.287,-34.285],[-102.358,-34.366],[-102.429,-34.447],[-102.5,-34.527],[-102.671,-34.549],[-102.842,-34.57],[-103.008,-34.591],[-103.083,-34.671],[-103.154,-34.752],[-103.325,-34.772],[-103.396,-34.852],[-103.567,-34.872],[-103.642,-34.952],[-103.712,-35.032],[-103.787,-35.112],[-103.958,-35.131],[-104.033,-35.211],[-104.204,-35.23],[-104.279,-35.309],[-104.45,-35.328],[-104.525,-35.407],[-104.696,-35.426],[-104.867,-35.444],[-104.967,-35.383],[-105.137,-35.4],[-105.233,-35.339],[-105.404,-35.356],[-105.5,-35.295],[-105.6,-35.233],[-105.696,-35.171],[-105.792,-35.11],[-105.887,-35.048],[-106.058,-35.064],[-106.154,-35.002],[-106.25,-34.94],[-106.421,-34.955],[-106.517,-34.893],[-106.613,-34.831],[-106.704,-34.768],[-106.8,-34.706],[-106.896,-34.643],[-107.067,-34.657],[-107.162,-34.594],[-107.254,-34.532],[-107.275,-34.391],[-107.367,-34.328],[-107.383,-34.188],[-107.479,-34.125],[-107.571,-34.062],[-107.592,-33.921],[-107.683,-33.858],[-107.775,-33.795],[-107.871,-33.731],[-107.962,-33.668],[-108.054,-33.604],[-108.15,-33.541],[-108.167,-33.401],[-108.258,-33.337],[-108.275,-33.197],[-108.367,-33.133],[-108.383,-32.993],[-108.4,-32.853],[-108.417,-32.713],[-108.433,-32.573],[-108.358,-32.496],[-108.283,-32.42],[-108.208,-32.343],[-108.133,-32.267],[-108.058,-32.19],[-107.983,-32.113],[-107.913,-32.037],[-107.746,-32.023],[-107.671,-31.946],[-107.687,-31.806],[-107.708,-31.666],[-107.725,-31.526],[-107.742,-31.386],[-107.833,-31.323],[-107.85,-31.183],[-107.871,-31.043],[-107.887,-30.904],[-107.904,-30.764],[-107.996,-30.701],[-108.083,-30.637],[-108.175,-30.574],[-108.337,-30.587],[-108.5,-30.601],[-108.575,-30.677],[-108.738,-30.689],[-108.808,-30.765],[-108.792,-30.905],[-108.867,-30.981],[-108.85,-31.121],[-108.762,-31.185],[-108.746,-31.325],[-108.729,-31.465],[-108.712,-31.605],[-108.787,-31.681],[-108.858,-31.757],[-108.933,-31.833],[-109.008,-31.909],[-109.083,-31.985],[-109.25,-31.996],[-109.325,-32.072],[-109.492,-32.083],[-109.567,-32.158],[-109.729,-32.169],[-109.896,-32.179],[-110.063,-32.19],[-110.229,-32.199],[-110.317,-32.134],[-110.408,-32.069],[-110.421,-31.929],[-110.433,-31.789],[-110.446,-31.649],[-110.371,-31.574],[-110.296,-31.499],[-110.221,-31.425],[-110.146,-31.35],[-110.071,-31.275],[-109.908,-31.264],[-109.833,-31.189],[-109.758,-31.114],[-109.596,-31.103],[-109.521,-31.028],[-109.446,-30.952],[-109.371,-30.877],[-109.3,-30.801],[-109.313,-30.661],[-109.404,-30.597],[-109.417,-30.457],[-109.508,-30.393],[-109.596,-30.329],[-109.613,-30.189],[-109.7,-30.124],[-109.787,-30.06],[-109.875,-29.996],[-109.967,-29.931],[-109.979,-29.791],[-110.067,-29.727],[-110.083,-29.587],[-110.096,-29.448],[-110.113,-29.308],[-110.037,-29.233],[-109.967,-29.158],[-109.896,-29.083],[-109.821,-29.008],[-109.75,-28.932],[-109.679,-28.857],[-109.608,-28.782],[-109.533,-28.706],[-109.55,-28.567],[-109.567,-28.428],[-109.496,-28.352],[-109.425,-28.276],[-109.442,-28.137],[-109.371,-28.062],[-109.388,-27.922],[-109.317,-27.847],[-109.333,-27.707],[-109.35,-27.568],[-109.367,-27.429],[-109.383,-27.29],[-109.313,-27.214],[-109.329,-27.075],[-109.346,-26.936],[-109.279,-26.86],[-109.296,-26.721],[-109.225,-26.646],[-109.242,-26.506],[-109.258,-26.367],[-109.192,-26.292],[-109.208,-26.153],[-109.142,-26.077],[-109.158,-25.938]],[[-105.187,-37.898],[-105.212,-37.757],[-105.233,-37.617],[-105.058,-37.6],[-104.979,-37.521],[-104.804,-37.503],[-104.625,-37.485],[-104.525,-37.546],[-104.425,-37.607],[-104.325,-37.667],[-104.3,-37.808],[-104.379,-37.887],[-104.454,-37.966],[-104.533,-38.046],[-104.712,-38.064],[-104.887,-38.082],[-104.988,-38.021],[-105.087,-37.959],[-105.187,-37.898]],[[-107.596,-37.396],[-107.613,-37.255],[-107.629,-37.114],[-107.55,-37.037],[-107.471,-36.96],[-107.296,-36.946],[-107.117,-36.932],[-107.021,-36.996],[-106.846,-36.981],[-106.75,-37.044],[-106.729,-37.184],[-106.633,-37.247],[-106.533,-37.309],[-106.438,-37.372],[-106.417,-37.512],[-106.317,-37.575],[-106.217,-37.637],[-106.2,-37.778],[-106.179,-37.918],[-106.258,-37.996],[-106.337,-38.074],[-106.417,-38.152],[-106.496,-38.23],[-106.575,-38.308],[-106.754,-38.323],[-106.933,-38.338],[-107.113,-38.352],[-107.392,-38.302],[-107.292,-38.366],[-107.471,-38.38],[-107.75,-38.329],[-107.65,-38.393],[-107.829,-38.406],[-108.008,-38.419],[-108.192,-38.432],[-108.287,-38.367],[-108.304,-38.227],[-108.221,-38.15],[-108.142,-38.074],[-108.058,-37.997],[-107.979,-37.921],[-107.8,-37.907],[-107.721,-37.831],[-107.642,-37.754],[-107.658,-37.613],[-107.675,-37.473],[-107.596,-37.396]],[[-111.133,-37.746],[-111.05,-37.672],[-110.871,-37.664],[-110.692,-37.656],[-110.517,-37.648],[-110.421,-37.714],[-110.325,-37.78],[-110.229,-37.846],[-110.133,-37.911],[-110.121,-38.052],[-110.108,-38.193],[-110.096,-38.334],[-110.179,-38.409],[-110.267,-38.484],[-110.35,-38.559],[-110.433,-38.633],[-110.613,-38.642],[-110.796,-38.65],[-110.887,-38.583],[-110.983,-38.517],[-111.079,-38.45],[-111.175,-38.384],[-111.271,-38.317],[-111.367,-38.25],[-111.375,-38.109],[-111.292,-38.035],[-111.204,-37.961],[-111.217,-37.82],[-111.133,-37.746]],[[-110.879,-39.926],[-110.792,-39.852],[-110.704,-39.777],[-110.621,-39.703],[-110.533,-39.628],[-110.45,-39.554],[-110.458,-39.412],[-110.375,-39.338],[-110.387,-39.197],[-110.3,-39.122],[-110.313,-38.981],[-110.325,-38.84],[-110.242,-38.766],[-110.058,-38.756],[-109.962,-38.822],[-109.867,-38.888],[-109.771,-38.954],[-109.671,-39.019],[-109.575,-39.084],[-109.479,-39.15],[-109.296,-39.139],[-109.113,-39.129],[-108.933,-39.118],[-108.85,-39.042],[-108.667,-39.031],[-108.571,-39.095],[-108.388,-39.083],[-108.292,-39.147],[-108.108,-39.135],[-108.008,-39.199],[-107.908,-39.263],[-107.812,-39.327],[-107.712,-39.391],[-107.613,-39.455],[-107.513,-39.518],[-107.413,-39.582],[-107.313,-39.646],[-107.212,-39.709],[-107.108,-39.772],[-107.008,-39.835],[-106.908,-39.899],[-106.808,-39.962],[-106.704,-40.024],[-106.604,-40.088],[-106.5,-40.15],[-106.483,-40.291],[-106.379,-40.353],[-106.358,-40.494],[-106.337,-40.634],[-106.421,-40.713],[-106.4,-40.853],[-106.383,-40.994],[-106.467,-41.072],[-106.55,-41.149],[-106.529,-41.29],[-106.613,-41.368],[-106.592,-41.508],[-106.675,-41.586],[-106.758,-41.664],[-106.742,-41.804],[-106.825,-41.882],[-106.908,-41.96],[-107.1,-41.974],[-107.287,-41.988],[-107.375,-42.065],[-107.562,-42.078],[-107.667,-42.015],[-107.858,-42.027],[-107.958,-41.964],[-108.15,-41.976],[-108.254,-41.912],[-108.442,-41.924],[-108.629,-41.935],[-108.733,-41.871],[-108.837,-41.806],[-108.937,-41.741],[-109.037,-41.676],[-109.142,-41.611],[-109.242,-41.545],[-109.342,-41.48],[-109.446,-41.415],[-109.546,-41.349],[-109.646,-41.284],[-109.658,-41.142],[-109.758,-41.077],[-109.858,-41.011],[-109.958,-40.945],[-110.058,-40.879],[-110.246,-40.888],[-110.333,-40.963],[-110.521,-40.972],[-110.617,-40.905],[-110.804,-40.913],[-110.992,-40.921],[-111.087,-40.854],[-111.1,-40.713],[-111.196,-40.646],[-111.208,-40.505],[-111.217,-40.364],[-111.229,-40.223],[-111.142,-40.149],[-111.054,-40.075],[-110.967,-40.001],[-110.879,-39.926]],[[-112.579,-45.143],[-112.483,-45.07],[-112.387,-44.997],[-112.292,-44.924],[-112.092,-44.919],[-111.996,-44.846],[-111.796,-44.84],[-111.7,-44.766],[-111.5,-44.76],[-111.404,-44.686],[-111.312,-44.612],[-111.217,-44.538],[-111.125,-44.464],[-111.029,-44.39],[-110.937,-44.316],[-110.842,-44.241],[-110.75,-44.167],[-110.658,-44.092],[-110.562,-44.018],[-110.471,-43.943],[-110.379,-43.868],[-110.287,-43.794],[-110.196,-43.719],[-110,-43.71],[-109.908,-43.635],[-109.817,-43.559],[-109.729,-43.484],[-109.637,-43.409],[-109.546,-43.333],[-109.458,-43.258],[-109.263,-43.248],[-109.071,-43.237],[-108.875,-43.226],[-108.683,-43.215],[-108.667,-43.356],[-108.562,-43.421],[-108.546,-43.562],[-108.529,-43.703],[-108.425,-43.767],[-108.317,-43.832],[-108.125,-43.82],[-107.929,-43.807],[-107.733,-43.794],[-107.537,-43.781],[-107.429,-43.845],[-107.237,-43.831],[-107.129,-43.895],[-107.021,-43.958],[-107,-44.099],[-106.983,-44.239],[-106.875,-44.302],[-106.854,-44.443],[-106.942,-44.521],[-106.921,-44.661],[-107.008,-44.739],[-107.1,-44.816],[-107.296,-44.83],[-107.388,-44.907],[-107.587,-44.921],[-107.675,-44.998],[-107.875,-45.011],[-107.983,-44.947],[-108.183,-44.959],[-108.292,-44.895],[-108.492,-44.906],[-108.704,-44.777],[-108.596,-44.842],[-108.796,-44.853],[-108.996,-44.864],[-109.196,-44.875],[-109.287,-44.951],[-109.379,-45.026],[-109.683,-44.97],[-109.579,-45.036],[-109.779,-45.046],[-109.871,-45.121],[-110.071,-45.13],[-110.058,-45.271],[-109.954,-45.337],[-109.75,-45.328],[-109.646,-45.394],[-109.442,-45.384],[-109.242,-45.374],[-109.133,-45.439],[-109.025,-45.504],[-108.917,-45.569],[-108.808,-45.634],[-108.792,-45.775],[-108.683,-45.84],[-108.667,-45.981],[-108.558,-46.046],[-108.542,-46.187],[-108.433,-46.251],[-108.413,-46.392],[-108.396,-46.533],[-108.379,-46.674],[-108.363,-46.815],[-108.458,-46.891],[-108.438,-47.032],[-108.421,-47.173],[-108.517,-47.249],[-108.613,-47.326],[-108.596,-47.466],[-108.692,-47.542],[-108.787,-47.619],[-108.883,-47.695],[-108.867,-47.836],[-108.962,-47.912],[-109.058,-47.988],[-109.158,-48.063],[-109.367,-48.074],[-109.467,-48.149],[-109.567,-48.225],[-109.663,-48.3],[-109.875,-48.31],[-109.975,-48.385],[-110.188,-48.394],[-110.287,-48.469],[-110.387,-48.544],[-110.488,-48.618],[-110.7,-48.626],[-110.917,-48.634],[-111.025,-48.567],[-111.138,-48.5],[-111.25,-48.433],[-111.363,-48.366],[-111.371,-48.224],[-111.271,-48.15],[-111.171,-48.076],[-111.179,-47.935],[-111.192,-47.794],[-111.2,-47.652],[-111.312,-47.585],[-111.321,-47.444],[-111.429,-47.377],[-111.542,-47.309],[-111.65,-47.242],[-111.758,-47.174],[-111.967,-47.18],[-112.071,-47.112],[-112.279,-47.117],[-112.387,-47.049],[-112.496,-46.98],[-112.7,-46.985],[-112.808,-46.916],[-112.917,-46.847],[-113.021,-46.778],[-113.125,-46.709],[-113.133,-46.568],[-113.238,-46.499],[-113.242,-46.358],[-113.246,-46.216],[-113.25,-46.075],[-113.15,-46.003],[-113.154,-45.861],[-113.058,-45.789],[-112.958,-45.716],[-112.962,-45.575],[-112.867,-45.502],[-112.767,-45.43],[-112.775,-45.289],[-112.675,-45.216],[-112.579,-45.143]],[[-120.575,-37.976],[-120.479,-37.911],[-120.387,-37.845],[-120.213,-37.854],[-120.033,-37.863],[-120.042,-38.003],[-119.958,-38.077],[-119.871,-38.152],[-119.879,-38.292],[-119.971,-38.358],[-120.067,-38.423],[-120.246,-38.414],[-120.337,-38.48],[-120.517,-38.47],[-120.6,-38.396],[-120.592,-38.256],[-120.583,-38.116],[-120.575,-37.976]],[[-123.779,-43.034],[-123.675,-42.972],[-123.571,-42.91],[-123.467,-42.848],[-123.275,-42.864],[-123.171,-42.802],[-122.979,-42.817],[-122.892,-42.894],[-122.7,-42.909],[-122.617,-42.986],[-122.529,-43.063],[-122.337,-43.077],[-122.146,-43.091],[-122.058,-43.167],[-121.967,-43.244],[-121.879,-43.321],[-121.792,-43.397],[-121.808,-43.538],[-121.825,-43.678],[-121.842,-43.818],[-121.946,-43.882],[-122.05,-43.946],[-122.158,-44.009],[-122.262,-44.073],[-122.371,-44.136],[-122.475,-44.199],[-122.583,-44.262],[-122.692,-44.325],[-122.796,-44.387],[-122.904,-44.45],[-123.013,-44.513],[-123.033,-44.653],[-123.142,-44.715],[-123.25,-44.778],[-123.358,-44.84],[-123.467,-44.902],[-123.579,-44.964],[-123.687,-45.026],[-123.708,-45.166],[-123.729,-45.306],[-123.754,-45.446],[-123.775,-45.586],[-123.888,-45.647],[-124.087,-45.63],[-124.2,-45.691],[-124.313,-45.752],[-124.512,-45.734],[-124.6,-45.656],[-124.687,-45.576],[-124.662,-45.437],[-124.637,-45.297],[-124.612,-45.157],[-124.587,-45.017],[-124.675,-44.938],[-124.763,-44.859],[-124.846,-44.78],[-124.933,-44.701],[-125.021,-44.621],[-124.996,-44.482],[-124.883,-44.421],[-124.775,-44.361],[-124.667,-44.3],[-124.642,-44.161],[-124.533,-44.1],[-124.425,-44.039],[-124.317,-43.978],[-124.208,-43.917],[-124.187,-43.777],[-124.079,-43.716],[-124.058,-43.576],[-123.95,-43.515],[-123.929,-43.375],[-123.908,-43.235],[-123.888,-43.095],[-123.779,-43.034]],[[-128.404,-49.386],[-128.279,-49.33],[-128.154,-49.273],[-128.029,-49.216],[-127.817,-49.242],[-127.692,-49.185],[-127.479,-49.209],[-127.354,-49.152],[-127.142,-49.176],[-127.017,-49.118],[-126.804,-49.141],[-126.592,-49.164],[-126.379,-49.186],[-126.167,-49.208],[-126.075,-49.289],[-125.863,-49.31],[-125.646,-49.331],[-125.554,-49.411],[-125.342,-49.431],[-125.246,-49.511],[-125.154,-49.591],[-125.062,-49.671],[-124.967,-49.75],[-124.875,-49.83],[-124.904,-49.97],[-124.933,-50.11],[-124.962,-50.25],[-124.867,-50.33],[-124.896,-50.47],[-124.929,-50.61],[-124.833,-50.689],[-124.863,-50.829],[-124.767,-50.909],[-124.796,-51.049],[-124.825,-51.189],[-124.954,-51.249],[-124.983,-51.389],[-125.112,-51.45],[-125.142,-51.59],[-125.271,-51.65],[-125.4,-51.709],[-125.529,-51.769],[-125.562,-51.909],[-125.692,-51.969],[-125.825,-52.028],[-125.954,-52.087],[-126.087,-52.146],[-126.217,-52.205],[-126.35,-52.264],[-126.483,-52.323],[-126.612,-52.381],[-126.746,-52.44],[-126.879,-52.498],[-126.921,-52.637],[-127.054,-52.695],[-127.187,-52.753],[-127.321,-52.811],[-127.458,-52.868],[-127.688,-52.844],[-127.825,-52.901],[-128.054,-52.875],[-128.283,-52.849],[-128.517,-52.823],[-128.608,-52.74],[-128.7,-52.657],[-128.654,-52.519],[-128.75,-52.436],[-128.842,-52.353],[-128.929,-52.27],[-129.021,-52.187],[-129.113,-52.104],[-129.204,-52.021],[-129.292,-51.937],[-129.383,-51.854],[-129.471,-51.771],[-129.563,-51.687],[-129.65,-51.604],[-129.604,-51.465],[-129.692,-51.382],[-129.779,-51.298],[-129.867,-51.214],[-129.954,-51.131],[-130.042,-51.047],[-130.129,-50.963],[-130.212,-50.879],[-130.3,-50.795],[-130.254,-50.657],[-130.208,-50.519],[-130.162,-50.381],[-130.029,-50.327],[-129.9,-50.272],[-129.771,-50.218],[-129.637,-50.163],[-129.508,-50.108],[-129.379,-50.053],[-129.25,-49.998],[-129.038,-50.026],[-128.908,-49.97],[-128.779,-49.914],[-128.738,-49.776],[-128.613,-49.72],[-128.571,-49.581],[-128.533,-49.442],[-128.404,-49.386]],[[-115.6,-46.582],[-115.496,-46.512],[-115.392,-46.441],[-115.292,-46.371],[-115.187,-46.301],[-114.983,-46.301],[-114.779,-46.301],[-114.575,-46.3],[-114.471,-46.229],[-114.267,-46.228],[-114.163,-46.298],[-113.958,-46.296],[-113.854,-46.366],[-113.75,-46.435],[-113.646,-46.505],[-113.542,-46.574],[-113.537,-46.716],[-113.533,-46.857],[-113.529,-46.998],[-113.633,-47.07],[-113.733,-47.142],[-113.733,-47.284],[-113.833,-47.356],[-113.938,-47.427],[-113.933,-47.569],[-113.829,-47.638],[-113.617,-47.636],[-113.512,-47.705],[-113.404,-47.775],[-113.192,-47.772],[-113.087,-47.841],[-112.979,-47.909],[-112.871,-47.978],[-112.763,-48.047],[-112.65,-48.116],[-112.646,-48.257],[-112.537,-48.325],[-112.425,-48.394],[-112.421,-48.535],[-112.308,-48.603],[-112.196,-48.671],[-112.087,-48.739],[-111.975,-48.807],[-111.862,-48.875],[-111.75,-48.943],[-111.637,-49.011],[-111.629,-49.152],[-111.733,-49.226],[-111.837,-49.299],[-112.054,-49.305],[-112.167,-49.237],[-112.383,-49.242],[-112.496,-49.173],[-112.604,-49.105],[-112.717,-49.036],[-112.829,-48.968],[-113.042,-48.972],[-113.154,-48.902],[-113.367,-48.906],[-113.479,-48.836],[-113.692,-48.839],[-113.804,-48.769],[-113.913,-48.7],[-114.021,-48.63],[-114.342,-48.561],[-114.233,-48.632],[-114.446,-48.633],[-114.554,-48.704],[-114.658,-48.775],[-114.767,-48.846],[-114.875,-48.917],[-114.983,-48.988],[-115.092,-49.058],[-115.2,-49.27],[-115.2,-49.411],[-115.2,-49.553],[-115.2,-49.694],[-115.2,-49.836],[-115.312,-49.906],[-115.421,-49.976],[-115.533,-50.047],[-115.533,-50.188],[-115.425,-50.259],[-115.425,-50.401],[-115.317,-50.472],[-115.204,-50.543],[-115.096,-50.614],[-114.871,-50.614],[-114.758,-50.684],[-114.537,-50.684],[-114.425,-50.754],[-114.2,-50.753],[-113.979,-50.751],[-113.754,-50.749],[-113.529,-50.746],[-113.308,-50.744],[-113.083,-50.74],[-112.971,-50.809],[-112.746,-50.805],[-112.629,-50.874],[-112.404,-50.869],[-112.183,-50.864],[-112.067,-50.932],[-111.842,-50.927],[-111.617,-50.921],[-111.396,-50.914],[-111.171,-50.907],[-111.063,-50.833],[-110.842,-50.826],[-110.617,-50.818],[-110.512,-50.743],[-110.287,-50.735],[-110.067,-50.726],[-109.962,-50.651],[-109.742,-50.641],[-109.517,-50.631],[-109.417,-50.556],[-109.192,-50.546],[-108.971,-50.535],[-108.871,-50.459],[-108.65,-50.447],[-108.546,-50.371],[-108.446,-50.295],[-108.225,-50.283],[-108.125,-50.206],[-107.908,-50.193],[-107.808,-50.117],[-107.708,-50.04],[-107.608,-49.963],[-107.513,-49.886],[-107.533,-49.745],[-107.433,-49.668],[-107.454,-49.527],[-107.358,-49.45],[-107.263,-49.373],[-107.283,-49.232],[-107.304,-49.092],[-107.325,-48.951],[-107.229,-48.874],[-107.25,-48.734],[-107.158,-48.656],[-107.062,-48.579],[-106.85,-48.564],[-106.637,-48.55],[-106.425,-48.534],[-106.304,-48.597],[-106.187,-48.659],[-106.163,-48.799],[-106.046,-48.862],[-105.925,-48.924],[-105.9,-49.064],[-105.779,-49.126],[-105.658,-49.188],[-105.633,-49.328],[-105.513,-49.389],[-105.483,-49.529],[-105.363,-49.591],[-105.337,-49.731],[-105.308,-49.871],[-105.187,-49.932],[-105.062,-49.993],[-104.937,-50.054],[-104.817,-50.115],[-104.692,-50.176],[-104.475,-50.157],[-104.254,-50.138],[-104.129,-50.198],[-104.004,-50.258],[-103.879,-50.318],[-103.846,-50.458],[-103.812,-50.597],[-103.908,-50.677],[-103.875,-50.816],[-103.971,-50.896],[-104.062,-50.976],[-104.287,-50.995],[-104.379,-51.074],[-104.475,-51.154],[-104.7,-51.172],[-104.825,-51.112],[-105.175,-51.069],[-105.05,-51.13],[-105.271,-51.148],[-105.621,-51.104],[-105.496,-51.165],[-105.717,-51.182],[-105.817,-51.261],[-105.787,-51.401],[-105.887,-51.479],[-105.758,-51.541],[-105.733,-51.681],[-105.604,-51.742],[-105.479,-51.804],[-105.35,-51.865],[-105.221,-51.926],[-105.092,-51.987],[-104.962,-52.047],[-104.933,-52.187],[-104.8,-52.248],[-104.771,-52.387],[-104.867,-52.466],[-104.967,-52.545],[-104.937,-52.685],[-105.033,-52.764],[-105.133,-52.843],[-105.233,-52.922],[-105.333,-53],[-105.304,-53.14],[-105.404,-53.219],[-105.504,-53.297],[-105.608,-53.376],[-105.708,-53.454],[-105.812,-53.532],[-106.046,-53.549],[-106.283,-53.566],[-106.388,-53.644],[-106.492,-53.721],[-106.596,-53.799],[-106.567,-53.939],[-106.537,-54.079],[-106.646,-54.157],[-106.508,-54.219],[-106.479,-54.359],[-106.346,-54.421],[-106.317,-54.561],[-106.179,-54.622],[-106.046,-54.684],[-106.012,-54.823],[-105.875,-54.885],[-105.846,-55.024],[-105.812,-55.164],[-105.671,-55.225],[-105.638,-55.364],[-105.746,-55.443],[-105.712,-55.582],[-105.821,-55.661],[-105.925,-55.739],[-106.033,-55.817],[-106.283,-55.834],[-106.392,-55.912],[-106.5,-55.99],[-106.75,-56.006],[-106.863,-56.083],[-106.971,-56.161],[-107.083,-56.238],[-107.196,-56.316],[-107.162,-56.455],[-107.275,-56.532],[-107.388,-56.61],[-107.5,-56.687],[-107.617,-56.764],[-107.871,-56.778],[-108.125,-56.791],[-108.267,-56.728],[-108.521,-56.741],[-108.663,-56.677],[-108.804,-56.613],[-108.942,-56.548],[-108.967,-56.408],[-109.104,-56.344],[-109.125,-56.203],[-109.263,-56.139],[-109.4,-56.074],[-109.537,-56.009],[-109.787,-56.019],[-110.037,-56.029],[-110.154,-56.104],[-110.271,-56.179],[-110.392,-56.254],[-110.508,-56.329],[-110.625,-56.403],[-110.608,-56.544],[-110.729,-56.618],[-110.712,-56.759],[-110.829,-56.833],[-110.95,-56.908],[-110.933,-57.048],[-111.054,-57.123],[-111.179,-57.197],[-111.3,-57.271],[-111.558,-57.278],[-111.821,-57.284],[-112.079,-57.291],[-112.342,-57.296],[-112.479,-57.229],[-112.613,-57.161],[-113.008,-57.097],[-112.871,-57.165],[-113.133,-57.169],[-113.258,-57.242],[-113.383,-57.314],[-113.512,-57.386],[-113.637,-57.458],[-113.767,-57.53],[-113.763,-57.671],[-113.754,-57.812],[-113.883,-57.883],[-114.013,-57.955],[-114.008,-58.096],[-114.137,-58.167],[-114,-58.237],[-113.996,-58.378],[-114.125,-58.449],[-114.258,-58.521],[-114.392,-58.592],[-114.525,-58.663],[-114.658,-58.734],[-114.792,-58.805],[-114.925,-58.876],[-115.062,-58.947],[-115.196,-59.017],[-115.058,-59.088],[-115.054,-59.229],[-114.779,-59.228],[-114.642,-59.298],[-114.637,-59.439],[-114.771,-59.51],[-114.767,-59.651],[-114.904,-59.721],[-115.046,-59.792],[-115.042,-59.933],[-115.179,-60.003],[-115.321,-60.074],[-115.462,-60.144],[-115.6,-60.214],[-115.742,-60.284],[-115.883,-60.354],[-116.029,-60.424],[-116.171,-60.494],[-116.171,-60.634],[-116.171,-60.775],[-116.317,-60.845],[-116.462,-60.914],[-116.608,-60.983],[-116.754,-61.052],[-116.904,-61.121],[-117.05,-61.19],[-117.342,-61.186],[-117.638,-61.182],[-117.783,-61.25],[-117.937,-61.318],[-118.229,-61.313],[-118.379,-61.38],[-118.675,-61.374],[-118.967,-61.367],[-119.108,-61.293],[-119.246,-61.219],[-119.387,-61.144],[-119.525,-61.07],[-119.508,-60.929],[-119.646,-60.855],[-119.783,-60.78],[-119.767,-60.639],[-119.9,-60.564],[-120.171,-60.414],[-120.038,-60.489],[-120.321,-60.48],[-120.738,-60.394],[-120.608,-60.469],[-120.892,-60.459],[-121.175,-60.447],[-121.462,-60.435],[-121.592,-60.359],[-121.875,-60.346],[-122.004,-60.269],[-122.287,-60.255],[-122.571,-60.241],[-122.854,-60.226],[-123.137,-60.211],[-123.262,-60.133],[-123.546,-60.117],[-123.825,-60.1],[-123.95,-60.021],[-124.196,-59.864],[-124.071,-59.942],[-124.35,-59.925],[-124.629,-59.906],[-124.667,-60.046],[-124.825,-60.107],[-124.988,-60.167],[-125.267,-60.147],[-125.308,-60.287],[-125.587,-60.267],[-125.75,-60.327],[-126.033,-60.306],[-126.196,-60.364],[-126.358,-60.423],[-126.642,-60.401],[-126.804,-60.459],[-127.087,-60.436],[-127.25,-60.494],[-127.417,-60.551],[-127.583,-60.608],[-127.75,-60.666],[-128.033,-60.64],[-128.2,-60.697],[-128.371,-60.753],[-128.538,-60.81],[-128.708,-60.866],[-128.879,-60.921],[-128.933,-61.06],[-129.104,-61.116],[-129.162,-61.254],[-129.221,-61.393],[-129.392,-61.448],[-129.567,-61.503],[-129.858,-61.474],[-130.146,-61.445],[-130.433,-61.414],[-130.721,-61.384],[-131.008,-61.352],[-131.121,-61.268],[-131.342,-61.098],[-131.229,-61.183],[-131.517,-61.151],[-131.8,-61.118],[-131.979,-61.17],[-132.154,-61.222],[-132.333,-61.273],[-132.617,-61.239],[-132.796,-61.29],[-132.975,-61.341],[-133.258,-61.305],[-133.546,-61.268],[-133.829,-61.231],[-134.112,-61.194],[-134.212,-61.107],[-134.496,-61.068],[-134.596,-60.981],[-134.875,-60.942],[-135.154,-60.902],[-135.25,-60.814],[-135.35,-60.726],[-135.446,-60.638],[-135.362,-60.503],[-135.458,-60.415],[-135.379,-60.279],[-135.296,-60.144],[-135.121,-60.096],[-134.946,-60.048],[-134.771,-60],[-134.596,-59.951],[-134.421,-59.903],[-134.246,-59.854],[-133.975,-59.892],[-133.804,-59.842],[-133.529,-59.879],[-133.258,-59.916],[-132.987,-59.952],[-132.883,-60.038],[-132.608,-60.073],[-132.508,-60.159],[-132.233,-60.193],[-132.129,-60.279],[-132.021,-60.364],[-131.917,-60.45],[-131.637,-60.483],[-131.358,-60.515],[-131.296,-60.378],[-131.4,-60.293],[-131.508,-60.208],[-131.612,-60.122],[-131.717,-60.037],[-131.821,-59.952],[-131.925,-59.867],[-131.858,-59.729],[-131.962,-59.644],[-131.896,-59.507],[-131.729,-59.454],[-131.662,-59.317],[-131.496,-59.264],[-131.329,-59.212],[-131.167,-59.159],[-131,-59.106],[-130.837,-59.053],[-130.671,-58.999],[-130.508,-58.946],[-130.346,-58.892],[-130.183,-58.838],[-130.021,-58.784],[-129.858,-58.729],[-129.696,-58.675],[-129.538,-58.62],[-129.375,-58.565],[-129.217,-58.51],[-129.058,-58.454],[-128.9,-58.399],[-128.742,-58.343],[-128.583,-58.287],[-128.425,-58.231],[-128.163,-58.257],[-128.004,-58.2],[-127.742,-58.225],[-127.587,-58.168],[-127.429,-58.111],[-127.167,-58.135],[-126.904,-58.159],[-126.75,-58.1],[-126.596,-58.042],[-126.554,-57.902],[-126.4,-57.844],[-126.358,-57.704],[-126.208,-57.646],[-126.167,-57.506],[-125.908,-57.527],[-125.867,-57.387],[-125.717,-57.328],[-125.571,-57.269],[-125.421,-57.209],[-125.275,-57.149],[-125.129,-57.089],[-124.979,-57.029],[-124.946,-56.889],[-124.8,-56.828],[-124.763,-56.688],[-124.621,-56.628],[-124.587,-56.488],[-124.442,-56.427],[-124.408,-56.286],[-124.267,-56.226],[-124.125,-56.164],[-123.983,-56.103],[-123.842,-56.041],[-123.7,-55.98],[-123.562,-55.918],[-123.421,-55.856],[-123.283,-55.794],[-123.033,-55.81],[-122.892,-55.747],[-122.754,-55.684],[-122.617,-55.622],[-122.479,-55.559],[-122.342,-55.496],[-122.204,-55.432],[-122.071,-55.369],[-121.933,-55.305],[-121.8,-55.241],[-121.662,-55.177],[-121.642,-55.037],[-121.508,-54.973],[-121.262,-54.985],[-121.129,-54.921],[-120.883,-54.932],[-120.754,-54.867],[-120.508,-54.878],[-120.375,-54.813],[-120.246,-54.747],[-120.113,-54.682],[-120.096,-54.541],[-120.079,-54.4],[-120.192,-54.324],[-120.175,-54.183],[-120.158,-54.042],[-120.271,-53.967],[-120.254,-53.826],[-120.238,-53.685],[-120.221,-53.544],[-120.092,-53.478],[-120.075,-53.337],[-119.95,-53.271],[-119.825,-53.206],[-119.7,-53.139],[-119.575,-53.073],[-119.558,-52.932],[-119.433,-52.866],[-119.312,-52.8],[-119.296,-52.658],[-119.175,-52.592],[-119.05,-52.525],[-118.929,-52.459],[-118.917,-52.317],[-118.796,-52.25],[-118.675,-52.183],[-118.663,-52.042],[-118.65,-51.901],[-118.642,-51.76],[-118.629,-51.618],[-118.617,-51.477],[-118.604,-51.336],[-118.596,-51.195],[-118.479,-51.127],[-118.467,-50.986],[-118.454,-50.845],[-118.337,-50.777],[-118.221,-50.71],[-118.212,-50.569],[-118.096,-50.501],[-117.979,-50.433],[-117.867,-50.366],[-117.75,-50.298],[-117.638,-50.23],[-117.521,-50.161],[-117.513,-50.02],[-117.296,-50.025],[-117.183,-49.956],[-117.067,-49.887],[-116.954,-49.819],[-116.738,-49.823],[-116.625,-49.753],[-116.621,-49.612],[-116.508,-49.543],[-116.504,-49.401],[-116.392,-49.332],[-116.175,-49.334],[-116.067,-49.265],[-115.958,-49.195],[-115.742,-49.197],[-115.525,-49.198],[-115.308,-49.199],[-115.304,-49.057],[-115.413,-48.986],[-115.413,-48.845],[-115.304,-48.775],[-115.304,-48.633],[-115.196,-48.563],[-115.087,-48.492],[-115.087,-48.351],[-114.983,-48.28],[-114.875,-48.21],[-114.875,-48.068],[-114.771,-47.997],[-114.667,-47.926],[-114.667,-47.785],[-114.562,-47.714],[-114.562,-47.573],[-114.771,-47.573],[-114.879,-47.502],[-114.983,-47.432],[-115.087,-47.361],[-115.192,-47.29],[-115.296,-47.219],[-115.4,-47.148],[-115.5,-47.077],[-115.604,-47.006],[-115.708,-46.935],[-115.704,-46.793],[-115.704,-46.652],[-115.6,-46.582]],[[-117.837,-59.628],[-117.55,-59.492],[-117.829,-59.487],[-117.683,-59.419],[-117.558,-59.632],[-117.7,-59.701],[-117.971,-59.555],[-117.837,-59.628]],[[-125.933,-59.027],[-126.1,-59.586],[-125.783,-59.467],[-125.742,-59.327],[-125.858,-59.247],[-126.004,-58.806],[-126.275,-58.785],[-126.429,-58.843],[-126.475,-58.983],[-126.358,-59.064],[-126.404,-59.204],[-126.288,-59.284],[-126.329,-59.424],[-126.217,-59.505],[-125.942,-59.526],[-126.046,-58.946],[-125.933,-59.027]],[[-132.763,-52.099],[-132.542,-52.134],[-132.404,-52.083],[-132.179,-52.117],[-131.954,-52.151],[-131.733,-52.184],[-131.646,-52.269],[-131.421,-52.302],[-131.337,-52.387],[-131.388,-52.524],[-131.529,-52.577],[-131.754,-52.544],[-131.892,-52.596],[-132.033,-52.648],[-131.946,-52.734],[-132.004,-52.871],[-132.146,-52.922],[-132.371,-52.889],[-132.6,-52.854],[-132.654,-52.991],[-132.883,-52.956],[-132.967,-52.87],[-133.192,-52.834],[-133.275,-52.748],[-133.358,-52.661],[-133.442,-52.575],[-133.383,-52.438],[-133.325,-52.302],[-133.183,-52.251],[-133.046,-52.201],[-132.904,-52.15],[-132.763,-52.099]],[[-131.971,-53.094],[-131.829,-53.041],[-131.687,-52.989],[-131.546,-52.937],[-131.408,-52.884],[-131.179,-52.917],[-131.037,-52.864],[-130.808,-52.895],[-130.583,-52.926],[-130.354,-52.956],[-130.125,-52.986],[-130.033,-53.07],[-129.804,-53.1],[-129.571,-53.129],[-129.479,-53.212],[-129.529,-53.351],[-129.437,-53.434],[-129.483,-53.573],[-129.529,-53.711],[-129.671,-53.766],[-129.721,-53.904],[-129.862,-53.959],[-130.004,-54.013],[-130.242,-53.984],[-130.475,-53.953],[-130.708,-53.922],[-130.8,-53.838],[-131.033,-53.807],[-131.212,-53.637],[-131.125,-53.722],[-131.358,-53.69],[-131.587,-53.657],[-131.908,-53.539],[-131.821,-53.624],[-132.05,-53.591],[-132.283,-53.557],[-132.371,-53.471],[-132.313,-53.334],[-132.171,-53.282],[-132.112,-53.145],[-131.971,-53.094]],[[-125.008,-61.306],[-124.717,-61.325],[-124.425,-61.343],[-124.133,-61.361],[-123.842,-61.379],[-123.712,-61.457],[-123.583,-61.536],[-123.45,-61.614],[-123.483,-61.754],[-123.35,-61.832],[-123.221,-61.91],[-123.087,-61.988],[-122.95,-62.066],[-122.817,-62.143],[-122.683,-62.221],[-122.712,-62.361],[-122.575,-62.439],[-122.437,-62.516],[-122.3,-62.593],[-122.325,-62.733],[-122.354,-62.874],[-122.521,-62.937],[-122.829,-62.922],[-123.137,-62.907],[-123.308,-62.969],[-123.754,-62.875],[-123.617,-62.953],[-123.925,-62.936],[-124.096,-62.998],[-124.537,-62.901],[-124.404,-62.98],[-124.712,-62.962],[-125.017,-62.943],[-125.325,-62.923],[-125.458,-62.843],[-125.717,-62.683],[-125.587,-62.763],[-125.892,-62.742],[-125.937,-62.882],[-125.983,-63.022],[-126.025,-63.161],[-126.071,-63.301],[-126.117,-63.44],[-126.296,-63.499],[-126.479,-63.558],[-126.658,-63.616],[-126.708,-63.756],[-126.887,-63.814],[-127.071,-63.872],[-127.254,-63.929],[-127.442,-63.987],[-127.754,-63.963],[-127.942,-64.019],[-128.258,-63.994],[-128.575,-63.968],[-129.017,-63.858],[-128.887,-63.941],[-129.204,-63.914],[-129.517,-63.886],[-129.833,-63.857],[-129.954,-63.773],[-130.079,-63.689],[-130.2,-63.606],[-130.325,-63.521],[-130.258,-63.383],[-130.192,-63.246],[-130.008,-63.191],[-129.821,-63.137],[-129.758,-62.999],[-129.579,-62.944],[-129.396,-62.889],[-129.212,-62.834],[-129.033,-62.778],[-128.85,-62.723],[-128.671,-62.667],[-128.492,-62.611],[-128.317,-62.554],[-128.013,-62.58],[-127.837,-62.523],[-127.658,-62.466],[-127.358,-62.49],[-127.183,-62.433],[-126.883,-62.456],[-126.583,-62.479],[-126.454,-62.56],[-126.325,-62.641],[-126.021,-62.662],[-125.85,-62.603],[-125.804,-62.463],[-125.933,-62.383],[-125.887,-62.244],[-125.846,-62.104],[-125.971,-62.024],[-125.929,-61.884],[-125.887,-61.744],[-125.717,-61.685],[-125.675,-61.545],[-125.508,-61.486],[-125.342,-61.426],[-125.175,-61.366],[-125.008,-61.306]],[[-130.233,-65.045],[-130.167,-64.907],[-129.971,-64.853],[-129.775,-64.798],[-129.45,-64.827],[-129.125,-64.854],[-128.8,-64.882],[-128.667,-64.964],[-128.533,-65.047],[-128.4,-65.129],[-128.262,-65.212],[-128.129,-65.294],[-127.992,-65.376],[-127.854,-65.457],[-127.908,-65.596],[-127.771,-65.678],[-127.829,-65.817],[-127.883,-65.956],[-128.083,-66.012],[-128.283,-66.069],[-128.483,-66.125],[-128.687,-66.181],[-129.029,-66.154],[-129.371,-66.127],[-129.708,-66.099],[-130.05,-66.07],[-129.979,-65.932],[-130.317,-65.902],[-130.45,-65.818],[-130.379,-65.68],[-130.513,-65.596],[-130.442,-65.459],[-130.371,-65.321],[-130.5,-65.237],[-130.433,-65.099],[-130.233,-65.045]],[[-151.079,-55.894],[-150.908,-55.869],[-150.737,-55.843],[-150.567,-55.817],[-150.396,-55.79],[-150.225,-55.764],[-150.008,-55.833],[-149.787,-55.902],[-149.617,-55.874],[-149.446,-55.847],[-149.275,-55.819],[-149.108,-55.79],[-148.937,-55.762],[-148.767,-55.733],[-148.6,-55.704],[-148.429,-55.675],[-148.263,-55.645],[-148.092,-55.616],[-147.925,-55.586],[-147.704,-55.651],[-147.533,-55.62],[-147.313,-55.684],[-147.258,-55.779],[-147.2,-55.874],[-147.317,-56],[-147.483,-56.031],[-147.429,-56.126],[-147.542,-56.252],[-147.712,-56.283],[-147.887,-56.313],[-147.829,-56.408],[-147.95,-56.534],[-148.067,-56.659],[-148.183,-56.784],[-148.304,-56.91],[-148.425,-57.035],[-148.546,-57.159],[-148.671,-57.284],[-148.792,-57.409],[-148.917,-57.533],[-149.096,-57.562],[-149.275,-57.59],[-149.454,-57.618],[-149.633,-57.646],[-149.812,-57.673],[-149.992,-57.701],[-150.171,-57.727],[-150.35,-57.754],[-150.529,-57.781],[-150.663,-57.903],[-150.846,-57.929],[-151.025,-57.955],[-150.979,-58.052],[-151.112,-58.174],[-151.063,-58.271],[-151.017,-58.367],[-150.967,-58.464],[-150.917,-58.561],[-150.867,-58.657],[-150.633,-58.728],[-150.446,-58.701],[-150.262,-58.675],[-150.025,-58.744],[-149.837,-58.717],[-149.654,-58.69],[-149.417,-58.758],[-149.229,-58.73],[-148.992,-58.797],[-148.804,-58.769],[-148.621,-58.74],[-148.379,-58.806],[-148.137,-58.872],[-147.896,-58.937],[-147.837,-59.033],[-147.779,-59.128],[-147.721,-59.223],[-147.658,-59.319],[-147.6,-59.414],[-147.542,-59.509],[-147.479,-59.604],[-147.608,-59.73],[-147.546,-59.825],[-147.483,-59.921],[-147.612,-60.046],[-147.554,-60.141],[-147.492,-60.237],[-147.621,-60.363],[-147.75,-60.488],[-147.883,-60.614],[-148.017,-60.739],[-148.15,-60.864],[-148.288,-60.99],[-148.483,-61.019],[-148.621,-61.144],[-148.821,-61.173],[-149.021,-61.202],[-149.217,-61.23],[-149.417,-61.258],[-149.617,-61.286],[-149.817,-61.313],[-150.129,-61.148],[-150.075,-61.244],[-150.329,-61.175],[-150.583,-61.105],[-150.638,-61.008],[-150.692,-60.912],[-150.946,-60.841],[-150.996,-60.744],[-151.05,-60.647],[-151.1,-60.551],[-151.154,-60.454],[-151.204,-60.357],[-151.45,-60.286],[-151.5,-60.189],[-151.55,-60.092],[-151.792,-60.019],[-151.842,-59.922],[-151.892,-59.826],[-152.129,-59.752],[-152.417,-59.582],[-152.371,-59.679],[-152.608,-59.605],[-152.846,-59.531],[-152.892,-59.434],[-153.129,-59.359],[-153.362,-59.284],[-153.596,-59.208],[-153.829,-59.132],[-154.058,-59.055],[-154.288,-58.978],[-154.517,-58.901],[-154.558,-58.803],[-154.783,-58.725],[-155.012,-58.647],[-155.05,-58.549],[-155.087,-58.451],[-155.125,-58.353],[-154.975,-58.235],[-155.012,-58.137],[-154.862,-58.019],[-154.679,-57.999],[-154.533,-57.881],[-154.571,-57.783],[-154.608,-57.685],[-154.467,-57.567],[-154.283,-57.547],[-154.104,-57.526],[-153.958,-57.407],[-153.821,-57.288],[-153.637,-57.267],[-153.5,-57.147],[-153.362,-57.028],[-153.183,-57.006],[-153.004,-56.983],[-152.867,-56.863],[-152.692,-56.84],[-152.558,-56.72],[-152.379,-56.696],[-152.246,-56.576],[-152.071,-56.552],[-151.942,-56.431],[-151.808,-56.309],[-151.854,-56.212],[-151.725,-56.091],[-151.554,-56.066],[-151.379,-56.041],[-151.254,-55.919],[-151.079,-55.894]],[[-143.108,-58.474],[-142.929,-58.436],[-142.754,-58.399],[-142.504,-58.454],[-142.325,-58.416],[-142.15,-58.378],[-141.9,-58.431],[-141.725,-58.392],[-141.55,-58.354],[-141.375,-58.314],[-141.2,-58.275],[-140.95,-58.326],[-140.7,-58.378],[-140.621,-58.469],[-140.367,-58.52],[-140.292,-58.611],[-140.212,-58.702],[-140.133,-58.794],[-140.054,-58.885],[-139.971,-58.976],[-139.892,-59.067],[-139.813,-59.158],[-139.729,-59.249],[-139.471,-59.297],[-139.388,-59.388],[-139.125,-59.436],[-139.042,-59.527],[-138.958,-59.617],[-138.871,-59.708],[-138.788,-59.798],[-138.7,-59.888],[-138.617,-59.979],[-138.529,-60.069],[-138.442,-60.159],[-138.354,-60.249],[-138.45,-60.382],[-138.358,-60.473],[-138.271,-60.562],[-138.367,-60.696],[-138.275,-60.786],[-138.187,-60.876],[-138.096,-60.966],[-138.004,-61.056],[-137.729,-61.101],[-137.45,-61.146],[-137.358,-61.235],[-137.079,-61.279],[-136.983,-61.368],[-137.075,-61.503],[-136.979,-61.592],[-137.071,-61.726],[-137.167,-61.861],[-137.354,-61.906],[-137.45,-62.04],[-137.637,-62.085],[-137.733,-62.219],[-137.929,-62.263],[-138.121,-62.307],[-138.221,-62.441],[-138.412,-62.484],[-138.608,-62.528],[-138.804,-62.571],[-139,-62.614],[-139.104,-62.747],[-139.3,-62.789],[-139.408,-62.922],[-139.512,-63.055],[-139.621,-63.187],[-139.729,-63.32],[-139.637,-63.411],[-139.542,-63.502],[-139.65,-63.634],[-139.763,-63.767],[-139.871,-63.899],[-140.079,-63.941],[-140.192,-64.073],[-140.4,-64.114],[-140.608,-64.155],[-140.817,-64.195],[-140.937,-64.327],[-141.146,-64.367],[-141.054,-64.458],[-140.75,-64.51],[-140.654,-64.601],[-140.558,-64.693],[-140.467,-64.784],[-140.367,-64.875],[-140.271,-64.966],[-140.392,-65.098],[-140.508,-65.23],[-140.629,-65.362],[-140.85,-65.402],[-140.971,-65.534],[-141.192,-65.574],[-141.412,-65.614],[-141.633,-65.653],[-141.95,-65.6],[-142.175,-65.638],[-142.396,-65.676],[-142.621,-65.714],[-142.937,-65.659],[-143.163,-65.696],[-143.387,-65.733],[-143.612,-65.769],[-143.837,-65.806],[-144.067,-65.841],[-144.292,-65.877],[-144.608,-65.818],[-144.921,-65.759],[-145.229,-65.7],[-145.312,-65.606],[-145.396,-65.511],[-145.704,-65.451],[-146.087,-65.295],[-146.008,-65.39],[-146.233,-65.422],[-146.463,-65.455],[-146.687,-65.487],[-146.917,-65.519],[-147.146,-65.55],[-147.375,-65.581],[-147.604,-65.612],[-147.833,-65.642],[-148.067,-65.672],[-148.296,-65.702],[-148.529,-65.731],[-148.758,-65.761],[-148.992,-65.789],[-149.225,-65.818],[-149.458,-65.846],[-149.696,-65.873],[-149.929,-65.901],[-150.163,-65.928],[-150.4,-65.954],[-150.638,-65.981],[-150.871,-66.007],[-151.108,-66.032],[-151.346,-66.057],[-151.583,-66.082],[-151.825,-66.107],[-152.063,-66.131],[-152.3,-66.155],[-152.542,-66.178],[-152.837,-66.104],[-153.079,-66.127],[-153.321,-66.149],[-153.612,-66.074],[-153.854,-66.095],[-154.096,-66.116],[-154.388,-66.039],[-154.675,-65.962],[-154.917,-65.981],[-155.204,-65.903],[-155.25,-65.805],[-155.3,-65.707],[-155.583,-65.627],[-155.629,-65.529],[-155.671,-65.431],[-155.996,-65.252],[-155.954,-65.351],[-156.229,-65.271],[-156.467,-65.288],[-156.7,-65.305],[-156.937,-65.322],[-157.133,-65.437],[-157.333,-65.552],[-157.571,-65.568],[-157.808,-65.584],[-158.013,-65.697],[-158.25,-65.712],[-158.454,-65.826],[-158.696,-65.84],[-158.904,-65.953],[-159.15,-65.966],[-159.358,-66.079],[-159.604,-66.091],[-159.817,-66.203],[-160.062,-66.215],[-160.279,-66.326],[-160.529,-66.337],[-160.775,-66.348],[-161.046,-66.259],[-161.296,-66.27],[-161.542,-66.279],[-161.813,-66.189],[-162.058,-66.198],[-162.304,-66.207],[-162.571,-66.116],[-162.817,-66.123],[-163.062,-66.131],[-163.308,-66.138],[-163.554,-66.144],[-163.8,-66.151],[-164.033,-66.257],[-164.279,-66.262],[-164.529,-66.267],[-164.775,-66.272],[-165.021,-66.277],[-165.271,-66.281],[-165.508,-66.384],[-165.75,-66.487],[-165.742,-66.587],[-165.733,-66.687],[-165.979,-66.79],[-165.975,-66.89],[-166.221,-66.993],[-166.217,-67.093],[-166.467,-67.195],[-166.721,-67.297],[-166.975,-67.398],[-167.233,-67.399],[-167.496,-67.3],[-167.75,-67.2],[-168.008,-67.2],[-168.267,-67.199],[-168.525,-67.198],[-168.779,-67.197],[-169.042,-67.295],[-169.3,-67.293],[-169.558,-67.29],[-169.825,-67.387],[-170.083,-67.384],[-170.342,-67.38],[-170.604,-67.376],[-170.862,-67.371],[-171.121,-67.366],[-171.379,-67.361],[-171.637,-67.355],[-171.896,-67.349],[-172.154,-67.342],[-172.412,-67.335],[-172.65,-67.228],[-172.904,-67.22],[-173.142,-67.112],[-173.375,-67.004],[-173.604,-66.896],[-173.583,-66.796],[-173.558,-66.696],[-173.538,-66.597],[-173.513,-66.497],[-173.242,-66.406],[-173.221,-66.307],[-172.954,-66.215],[-172.688,-66.123],[-172.442,-66.131],[-172.196,-66.138],[-171.933,-66.045],[-171.675,-65.951],[-171.429,-65.957],[-171.171,-65.863],[-171.158,-65.763],[-170.904,-65.668],[-170.65,-65.573],[-170.408,-65.577],[-170.158,-65.481],[-169.913,-65.385],[-169.671,-65.388],[-169.425,-65.291],[-169.421,-65.191],[-169.175,-65.093],[-169.171,-64.993],[-169.167,-64.893],[-168.925,-64.795],[-168.921,-64.695],[-168.683,-64.597],[-168.45,-64.498],[-168.217,-64.499],[-167.983,-64.4],[-167.75,-64.4],[-167.521,-64.4],[-167.287,-64.399],[-167.058,-64.398],[-166.825,-64.397],[-166.596,-64.395],[-166.362,-64.393],[-166.133,-64.391],[-165.9,-64.388],[-165.679,-64.285],[-165.45,-64.282],[-165.225,-64.178],[-164.996,-64.174],[-164.779,-64.07],[-164.562,-63.965],[-164.333,-63.96],[-164.121,-63.855],[-163.892,-63.849],[-163.683,-63.743],[-163.471,-63.637],[-163.263,-63.53],[-163.054,-63.423],[-162.85,-63.316],[-162.646,-63.209],[-162.442,-63.101],[-162.242,-62.993],[-162.042,-62.885],[-161.842,-62.776],[-161.646,-62.667],[-161.45,-62.558],[-161.254,-62.449],[-161.042,-62.439],[-160.825,-62.428],[-160.633,-62.318],[-160.421,-62.307],[-160.208,-62.295],[-159.992,-62.283],[-159.779,-62.271],[-159.567,-62.259],[-159.325,-62.345],[-159.112,-62.332],[-158.9,-62.318],[-158.687,-62.304],[-158.471,-62.29],[-158.229,-62.375],[-158.017,-62.36],[-157.804,-62.345],[-157.554,-62.428],[-157.308,-62.511],[-157.096,-62.494],[-156.846,-62.577],[-156.592,-62.658],[-156.342,-62.739],[-156.3,-62.838],[-156.046,-62.918],[-156.008,-63.017],[-155.967,-63.115],[-155.925,-63.213],[-155.667,-63.293],[-155.625,-63.391],[-155.583,-63.49],[-155.321,-63.569],[-155.1,-63.55],[-154.883,-63.53],[-154.662,-63.51],[-154.442,-63.49],[-154.271,-63.371],[-154.05,-63.351],[-153.833,-63.329],[-153.617,-63.308],[-153.4,-63.286],[-153.183,-63.264],[-152.967,-63.241],[-152.75,-63.219],[-152.533,-63.195],[-152.267,-63.269],[-151.996,-63.342],[-151.725,-63.415],[-151.454,-63.487],[-151.4,-63.584],[-151.342,-63.681],[-151.504,-63.802],[-151.446,-63.899],[-151.392,-63.996],[-151.333,-64.093],[-151.054,-64.164],[-150.833,-64.139],[-150.55,-64.209],[-150.329,-64.183],[-150.108,-64.156],[-149.887,-64.129],[-149.667,-64.102],[-149.45,-64.074],[-149.229,-64.046],[-148.946,-64.113],[-148.725,-64.085],[-148.508,-64.056],[-148.292,-64.026],[-148.071,-63.996],[-147.854,-63.966],[-147.708,-63.841],[-147.562,-63.715],[-147.417,-63.589],[-147.487,-63.494],[-147.342,-63.368],[-147.2,-63.242],[-147.058,-63.116],[-147.129,-63.021],[-146.987,-62.894],[-146.85,-62.768],[-146.921,-62.673],[-146.783,-62.546],[-146.85,-62.452],[-146.717,-62.325],[-146.579,-62.198],[-146.379,-62.166],[-146.175,-62.134],[-145.975,-62.101],[-145.771,-62.068],[-145.571,-62.034],[-145.371,-62.001],[-145.171,-61.967],[-144.971,-61.932],[-144.846,-61.804],[-144.721,-61.676],[-144.596,-61.547],[-144.667,-61.453],[-144.546,-61.325],[-144.617,-61.231],[-144.692,-61.137],[-144.762,-61.044],[-144.642,-60.915],[-144.712,-60.821],[-144.783,-60.727],[-144.662,-60.599],[-144.733,-60.505],[-144.612,-60.377],[-144.683,-60.283],[-144.567,-60.154],[-144.637,-60.061],[-144.517,-59.932],[-144.587,-59.838],[-144.471,-59.71],[-144.542,-59.616],[-144.425,-59.487],[-144.496,-59.394],[-144.379,-59.265],[-144.196,-59.229],[-144.083,-59.101],[-143.971,-58.971],[-143.792,-58.936],[-143.679,-58.806],[-143.571,-58.677],[-143.462,-58.547],[-143.283,-58.511],[-143.108,-58.474]],[[-144.575,-63.572],[-144.367,-63.537],[-144.158,-63.501],[-143.95,-63.466],[-143.658,-63.523],[-143.367,-63.579],[-143.283,-63.672],[-143.2,-63.766],[-143.117,-63.858],[-143.033,-63.951],[-143.163,-64.081],[-143.075,-64.174],[-143.287,-64.211],[-143.504,-64.247],[-143.717,-64.284],[-143.929,-64.32],[-144.146,-64.356],[-144.279,-64.484],[-144.496,-64.52],[-144.712,-64.555],[-144.85,-64.683],[-145.071,-64.717],[-145.15,-64.624],[-144.933,-64.589],[-144.796,-64.461],[-144.875,-64.367],[-144.737,-64.239],[-144.821,-64.145],[-144.683,-64.016],[-144.762,-63.923],[-144.842,-63.829],[-144.708,-63.7],[-144.575,-63.572]],[[-151.479,-61.838],[-151.325,-61.716],[-151.121,-61.691],[-150.917,-61.665],[-150.717,-61.639],[-150.458,-61.71],[-150.196,-61.779],[-149.937,-61.849],[-149.879,-61.945],[-149.821,-62.041],[-149.762,-62.137],[-149.704,-62.234],[-149.642,-62.33],[-149.792,-62.453],[-149.942,-62.577],[-150.15,-62.604],[-150.358,-62.631],[-150.513,-62.753],[-150.725,-62.78],[-150.933,-62.806],[-151.2,-62.734],[-151.412,-62.759],[-151.679,-62.687],[-151.733,-62.59],[-151.783,-62.493],[-151.837,-62.396],[-151.887,-62.299],[-151.942,-62.202],[-151.787,-62.081],[-151.633,-61.96],[-151.479,-61.838]],[[-158.758,-58.472],[-158.567,-58.458],[-158.379,-58.444],[-158.192,-58.429],[-158.004,-58.414],[-157.812,-58.399],[-157.596,-58.482],[-157.375,-58.565],[-157.187,-58.549],[-156.967,-58.631],[-156.937,-58.73],[-156.904,-58.828],[-156.871,-58.927],[-156.837,-59.026],[-156.804,-59.124],[-156.967,-59.239],[-157.125,-59.354],[-157.092,-59.453],[-157.254,-59.568],[-157.417,-59.683],[-157.612,-59.699],[-157.583,-59.797],[-157.75,-59.912],[-157.717,-60.011],[-157.883,-60.125],[-157.654,-60.208],[-157.425,-60.291],[-157.192,-60.374],[-156.958,-60.456],[-156.725,-60.538],[-156.692,-60.636],[-156.454,-60.717],[-156.421,-60.816],[-156.179,-60.897],[-156.146,-60.995],[-156.108,-61.094],[-156.071,-61.192],[-156.033,-61.29],[-155.996,-61.389],[-156.162,-61.505],[-156.333,-61.621],[-156.504,-61.737],[-156.712,-61.754],[-156.883,-61.87],[-157.092,-61.886],[-157.304,-61.902],[-157.513,-61.919],[-157.721,-61.934],[-157.967,-61.851],[-158.175,-61.866],[-158.417,-61.781],[-158.446,-61.682],[-158.475,-61.583],[-158.504,-61.484],[-158.533,-61.385],[-158.567,-61.286],[-158.596,-61.187],[-158.625,-61.088],[-158.654,-60.989],[-158.683,-60.89],[-158.708,-60.791],[-158.737,-60.692],[-158.767,-60.593],[-158.996,-60.508],[-159.225,-60.422],[-159.45,-60.336],[-159.65,-60.349],[-159.875,-60.262],[-160.1,-60.174],[-160.325,-60.087],[-160.546,-59.999],[-160.567,-59.899],[-160.587,-59.8],[-160.612,-59.701],[-160.437,-59.59],[-160.262,-59.479],[-160.092,-59.368],[-159.896,-59.356],[-159.725,-59.245],[-159.75,-59.146],[-159.775,-59.046],[-159.608,-58.934],[-159.633,-58.835],[-159.654,-58.736],[-159.487,-58.624],[-159.325,-58.512],[-159.133,-58.499],[-158.946,-58.486],[-158.758,-58.472]],[[171.642,-56.602],[171.817,-56.633],[171.987,-56.664],[172.163,-56.694],[172.333,-56.724],[172.563,-56.659],[172.733,-56.689],[172.908,-56.719],[173.083,-56.748],[173.258,-56.777],[173.429,-56.806],[173.554,-56.93],[173.675,-57.054],[173.8,-57.178],[173.925,-57.302],[173.875,-57.398],[173.821,-57.494],[174,-57.522],[174.179,-57.55],[174.308,-57.673],[174.254,-57.77],[174.383,-57.893],[174.333,-57.989],[174.463,-58.113],[174.413,-58.209],[174.358,-58.305],[174.308,-58.401],[174.492,-58.429],[174.625,-58.552],[174.808,-58.579],[174.992,-58.605],[175.179,-58.631],[175.363,-58.657],[175.55,-58.683],[175.733,-58.708],[175.871,-58.83],[176.058,-58.855],[176.246,-58.88],[176.433,-58.904],[176.621,-58.928],[176.808,-58.952],[177,-58.975],[177.188,-58.999],[177.375,-59.021],[177.567,-59.044],[177.754,-59.066],[177.987,-58.991],[178.029,-58.893],[178.258,-58.817],[178.487,-58.741],[178.529,-58.643],[178.758,-58.566],[178.946,-58.587],[179.133,-58.607],[179.358,-58.529],[179.546,-58.549],[179.696,-58.666],[179.883,-58.686],[-179.929,-58.704],[-179.775,-58.821],[-179.621,-58.938],[-179.462,-59.054],[-179.5,-59.153],[-179.533,-59.251],[-179.571,-59.349],[-179.608,-59.448],[-179.642,-59.546],[-179.483,-59.662],[-179.521,-59.761],[-179.358,-59.877],[-179.396,-59.976],[-179.2,-59.993],[-179.037,-60.109],[-178.842,-60.127],[-178.675,-60.242],[-178.512,-60.357],[-178.313,-60.374],[-178.146,-60.489],[-177.975,-60.603],[-177.804,-60.717],[-177.604,-60.733],[-177.433,-60.847],[-177.229,-60.862],[-177.2,-60.763],[-177.171,-60.664],[-177.142,-60.565],[-177.112,-60.466],[-177.083,-60.367],[-177.054,-60.268],[-176.825,-60.183],[-176.6,-60.098],[-176.571,-59.999],[-176.346,-59.913],[-176.121,-59.827],[-175.9,-59.741],[-175.704,-59.753],[-175.508,-59.765],[-175.308,-59.777],[-175.112,-59.789],[-174.917,-59.8],[-174.717,-59.811],[-174.521,-59.821],[-174.321,-59.832],[-174.125,-59.842],[-173.925,-59.851],[-173.712,-59.761],[-173.513,-59.77],[-173.496,-59.671],[-173.283,-59.58],[-173.067,-59.489],[-172.858,-59.397],[-172.646,-59.305],[-172.45,-59.312],[-172.242,-59.22],[-172.033,-59.127],[-171.829,-59.034],[-171.633,-59.04],[-171.442,-59.046],[-171.237,-58.951],[-171.042,-58.956],[-170.85,-58.961],[-170.65,-58.866],[-170.446,-58.771],[-170.246,-58.675],[-170.05,-58.579],[-169.85,-58.482],[-169.654,-58.385],[-169.458,-58.288],[-169.267,-58.191],[-169.071,-58.093],[-168.883,-58.095],[-168.692,-57.996],[-168.504,-57.897],[-168.312,-57.799],[-168.125,-57.799],[-167.937,-57.8],[-167.75,-57.8],[-167.567,-57.8],[-167.375,-57.899],[-167.187,-57.999],[-167.187,-58.099],[-166.996,-58.197],[-166.992,-58.297],[-166.992,-58.397],[-166.796,-58.496],[-166.796,-58.596],[-166.792,-58.696],[-166.787,-58.796],[-166.787,-58.896],[-166.783,-58.996],[-166.779,-59.096],[-166.779,-59.196],[-166.971,-59.297],[-166.967,-59.397],[-167.162,-59.499],[-166.962,-59.598],[-166.762,-59.696],[-166.563,-59.794],[-166.558,-59.894],[-166.358,-59.892],[-166.154,-59.99],[-166.15,-60.09],[-166.146,-60.19],[-166.138,-60.29],[-166.133,-60.39],[-166.129,-60.49],[-166.329,-60.592],[-166.529,-60.594],[-166.729,-60.696],[-166.933,-60.797],[-167.137,-60.798],[-167.342,-60.799],[-167.546,-60.8],[-167.75,-60.8],[-167.958,-60.8],[-168.162,-60.799],[-168.367,-60.798],[-168.571,-60.697],[-168.771,-60.596],[-168.975,-60.594],[-169.171,-60.492],[-169.371,-60.39],[-169.579,-60.487],[-169.788,-60.584],[-169.996,-60.681],[-170.208,-60.777],[-170.421,-60.873],[-170.637,-60.969],[-170.854,-61.064],[-171.058,-61.059],[-171.275,-61.153],[-171.496,-61.248],[-171.717,-61.341],[-171.937,-61.435],[-172.158,-61.528],[-172.383,-61.621],[-172.608,-61.713],[-172.625,-61.813],[-172.642,-61.913],[-172.871,-62.005],[-172.887,-62.104],[-173.117,-62.196],[-173.138,-62.296],[-173.154,-62.395],[-172.954,-62.503],[-172.975,-62.603],[-172.992,-62.702],[-173.008,-62.802],[-173.025,-62.902],[-173.046,-63.001],[-173.063,-63.101],[-173.3,-63.192],[-173.321,-63.292],[-173.563,-63.383],[-173.583,-63.482],[-173.825,-63.573],[-173.625,-63.682],[-173.646,-63.781],[-173.437,-63.89],[-173.458,-63.989],[-173.25,-64.097],[-173.271,-64.197],[-173.058,-64.305],[-173.079,-64.405],[-173.1,-64.504],[-172.887,-64.612],[-172.904,-64.712],[-172.925,-64.812],[-172.942,-64.911],[-172.962,-65.011],[-172.979,-65.111],[-173.237,-65.202],[-173.258,-65.302],[-173.279,-65.401],[-173.3,-65.501],[-173.558,-65.592],[-173.583,-65.691],[-173.846,-65.782],[-174.112,-65.872],[-174.379,-65.961],[-174.65,-66.05],[-174.921,-66.139],[-175.167,-66.127],[-175.412,-66.116],[-175.687,-66.203],[-175.933,-66.191],[-176.175,-66.178],[-176.454,-66.264],[-176.7,-66.25],[-176.946,-66.236],[-177.225,-66.321],[-177.471,-66.306],[-177.717,-66.291],[-178.004,-66.374],[-178.246,-66.358],[-178.492,-66.341],[-178.737,-66.325],[-178.983,-66.307],[-179.225,-66.29],[-179.471,-66.272],[-179.712,-66.254],[-179.958,-66.236],[179.846,-66.118],[179.654,-66.001],[179.462,-65.883],[179.508,-65.785],[179.558,-65.687],[179.604,-65.589],[179.65,-65.491],[179.933,-65.412],[179.979,-65.314],[-179.742,-65.234],[-179.467,-65.154],[-179.187,-65.074],[-178.917,-64.993],[-178.642,-64.911],[-178.371,-64.829],[-178.333,-64.73],[-178.296,-64.632],[-178.258,-64.533],[-178.221,-64.434],[-178.446,-64.418],[-178.675,-64.401],[-178.942,-64.483],[-179.212,-64.564],[-179.483,-64.644],[-179.712,-64.626],[-179.987,-64.706],[179.783,-64.687],[179.554,-64.668],[179.325,-64.648],[179.1,-64.628],[178.871,-64.607],[178.642,-64.587],[178.413,-64.566],[178.238,-64.447],[178.013,-64.425],[177.788,-64.403],[177.563,-64.381],[177.338,-64.358],[177.163,-64.238],[176.942,-64.214],[176.717,-64.191],[176.496,-64.167],[176.329,-64.046],[176.108,-64.021],[175.942,-63.899],[175.725,-63.874],[175.563,-63.752],[175.346,-63.727],[175.125,-63.701],[174.908,-63.674],[174.692,-63.648],[174.475,-63.621],[174.258,-63.594],[173.979,-63.662],[173.763,-63.634],[173.55,-63.606],[173.333,-63.577],[173.117,-63.548],[172.971,-63.423],[172.758,-63.394],[172.542,-63.364],[172.4,-63.239],[172.254,-63.113],[172.113,-62.987],[172.179,-62.892],[172.038,-62.766],[172.104,-62.671],[172.171,-62.576],[172.238,-62.481],[172.7,-62.129],[172.638,-62.225],[172.433,-62.195],[172.367,-62.29],[172.229,-62.164],[172.025,-62.134],[171.821,-62.103],[171.617,-62.072],[171.417,-62.041],[171.146,-62.104],[171.013,-61.977],[170.808,-61.944],[170.608,-61.912],[170.408,-61.879],[170.208,-61.846],[170.079,-61.718],[169.879,-61.684],[169.683,-61.651],[169.483,-61.616],[169.288,-61.582],[169.017,-61.641],[168.821,-61.606],[168.55,-61.664],[168.354,-61.628],[168.079,-61.685],[167.808,-61.741],[167.533,-61.797],[167.258,-61.853],[166.979,-61.908],[166.704,-61.962],[166.621,-62.054],[166.342,-62.108],[166.258,-62.2],[166.175,-62.292],[165.892,-62.345],[165.608,-62.397],[165.521,-62.489],[165.238,-62.541],[164.95,-62.591],[164.663,-62.642],[164.375,-62.691],[164.179,-62.65],[163.888,-62.699],[163.692,-62.656],[163.404,-62.704],[163.113,-62.751],[162.821,-62.798],[162.529,-62.844],[162.233,-62.889],[162.138,-62.979],[161.842,-63.024],[161.742,-63.113],[161.838,-63.247],[161.938,-63.381],[161.838,-63.471],[161.733,-63.56],[161.633,-63.649],[161.529,-63.738],[161.229,-63.781],[160.921,-63.824],[160.617,-63.866],[160.308,-63.908],[160.112,-63.861],[159.913,-63.814],[159.712,-63.766],[159.517,-63.718],[159.321,-63.67],[159.121,-63.622],[158.925,-63.573],[158.621,-63.611],[158.317,-63.649],[158.121,-63.599],[157.813,-63.635],[157.504,-63.671],[157.196,-63.706],[156.888,-63.741],[156.696,-63.689],[156.388,-63.723],[156.075,-63.756],[155.888,-63.704],[155.575,-63.736],[155.383,-63.682],[155.075,-63.713],[154.763,-63.743],[154.45,-63.773],[154.263,-63.719],[154.138,-63.802],[153.825,-63.83],[153.513,-63.858],[153.325,-63.802],[153.013,-63.829],[152.825,-63.773],[152.513,-63.799],[152.329,-63.742],[152.146,-63.684],[152.092,-63.546],[151.908,-63.488],[151.729,-63.431],[151.675,-63.291],[151.496,-63.234],[151.446,-63.094],[151.575,-63.013],[151.525,-62.874],[151.475,-62.735],[151.3,-62.677],[151.125,-62.618],[150.95,-62.56],[150.775,-62.501],[150.604,-62.442],[150.429,-62.383],[150.258,-62.324],[150.088,-62.264],[149.787,-62.284],[149.617,-62.224],[149.446,-62.164],[149.275,-62.104],[149.108,-62.043],[148.942,-61.982],[148.775,-61.921],[148.608,-61.86],[148.442,-61.799],[148.275,-61.738],[148.242,-61.597],[148.079,-61.536],[148.046,-61.395],[148.013,-61.255],[148.142,-61.177],[148.108,-61.037],[148.075,-60.896],[148.204,-60.818],[148.329,-60.739],[148.296,-60.599],[148.138,-60.537],[147.979,-60.476],[147.821,-60.414],[147.696,-60.492],[147.408,-60.507],[147.254,-60.444],[147.096,-60.382],[146.813,-60.396],[146.654,-60.332],[146.5,-60.269],[146.217,-60.282],[146.062,-60.218],[145.913,-60.154],[145.758,-60.09],[145.737,-59.949],[145.867,-59.872],[145.992,-59.796],[145.971,-59.656],[146.096,-59.579],[146.375,-59.566],[146.5,-59.489],[146.625,-59.412],[146.75,-59.335],[146.875,-59.257],[147,-59.18],[147.121,-59.103],[147.096,-58.962],[147.217,-58.884],[147.338,-58.807],[147.458,-58.729],[147.429,-58.588],[147.55,-58.511],[147.671,-58.432],[147.788,-58.354],[147.908,-58.276],[148.025,-58.197],[148.292,-58.181],[148.558,-58.163],[148.821,-58.146],[149.088,-58.127],[149.238,-58.188],[149.504,-58.169],[149.654,-58.229],[149.808,-58.289],[149.958,-58.349],[150.113,-58.408],[150.15,-58.548],[150.304,-58.607],[150.346,-58.747],[150.5,-58.806],[150.658,-58.866],[150.925,-58.843],[151.196,-58.821],[151.467,-58.798],[151.579,-58.716],[151.687,-58.635],[151.954,-58.611],[152.067,-58.529],[152.175,-58.447],[152.283,-58.364],[152.392,-58.282],[152.5,-58.2],[152.608,-58.118],[152.717,-58.035],[152.979,-58.009],[153.083,-57.926],[153.346,-57.899],[153.45,-57.816],[153.554,-57.733],[153.813,-57.705],[153.917,-57.622],[154.021,-57.538],[153.967,-57.4],[154.067,-57.316],[154.325,-57.287],[154.425,-57.203],[154.525,-57.119],[154.625,-57.036],[154.879,-57.005],[154.979,-56.921],[155.229,-56.89],[155.483,-56.859],[155.579,-56.774],[155.833,-56.742],[156.083,-56.71],[156.333,-56.677],[156.583,-56.643],[156.833,-56.609],[156.987,-56.66],[157.238,-56.626],[157.487,-56.59],[157.642,-56.641],[157.892,-56.604],[157.983,-56.518],[157.917,-56.381],[158.008,-56.295],[158.096,-56.208],[158.029,-56.072],[158.121,-55.985],[158.208,-55.898],[158.142,-55.762],[158.233,-55.675],[158.254,-55.452],[158.167,-55.538],[158.1,-55.402],[157.95,-55.352],[157.796,-55.302],[157.646,-55.252],[157.404,-55.287],[157.254,-55.236],[157.104,-55.186],[156.954,-55.134],[156.804,-55.083],[156.654,-55.031],[156.413,-55.065],[156.267,-55.013],[156.117,-54.961],[155.967,-54.908],[155.729,-54.941],[155.583,-54.887],[155.342,-54.919],[155.196,-54.866],[155.05,-54.812],[154.904,-54.758],[154.758,-54.704],[154.613,-54.65],[154.467,-54.596],[154.321,-54.541],[154.179,-54.487],[154.033,-54.432],[153.892,-54.377],[153.842,-54.238],[153.796,-54.1],[153.888,-54.016],[153.983,-53.933],[154.075,-53.849],[154.167,-53.766],[154.263,-53.682],[154.354,-53.598],[154.446,-53.514],[154.675,-53.485],[154.908,-53.455],[155.142,-53.424],[155.283,-53.478],[155.513,-53.446],[155.746,-53.414],[155.888,-53.467],[156.029,-53.52],[156.263,-53.487],[156.404,-53.539],[156.633,-53.505],[156.867,-53.471],[157.096,-53.437],[157.238,-53.488],[157.471,-53.452],[157.613,-53.503],[157.758,-53.553],[157.904,-53.604],[157.967,-53.74],[158.025,-53.877],[158.088,-54.013],[158.237,-54.063],[158.383,-54.113],[158.533,-54.162],[158.679,-54.211],[158.829,-54.26],[158.979,-54.309],[159.129,-54.357],[159.196,-54.493],[159.263,-54.629],[159.179,-54.717],[159.246,-54.852],[159.313,-54.988],[159.467,-55.036],[159.617,-55.084],[159.771,-55.132],[159.925,-55.18],[160.079,-55.227],[160.233,-55.274],[160.388,-55.321],[160.546,-55.368],[160.783,-55.326],[160.938,-55.372],[161.092,-55.418],[161.25,-55.464],[161.408,-55.51],[161.563,-55.555],[161.721,-55.601],[161.879,-55.646],[162.038,-55.69],[162.196,-55.735],[162.354,-55.779],[162.513,-55.823],[162.675,-55.867],[162.833,-55.911],[162.996,-55.954],[163.154,-55.998],[163.317,-56.041],[163.479,-56.084],[163.563,-56.217],[163.725,-56.259],[163.888,-56.301],[164.054,-56.344],[164.292,-56.294],[164.379,-56.427],[164.471,-56.559],[164.708,-56.509],[164.783,-56.418],[164.692,-56.286],[164.767,-56.195],[164.842,-56.104],[164.913,-56.012],[164.987,-55.921],[165.221,-55.87],[165.383,-55.911],[165.621,-55.859],[165.783,-55.899],[165.946,-55.938],[166.108,-55.977],[166.275,-56.016],[166.438,-56.055],[166.604,-56.094],[166.771,-56.132],[166.933,-56.17],[167.171,-56.115],[167.333,-56.152],[167.5,-56.19],[167.667,-56.227],[167.833,-56.264],[168,-56.3],[168.171,-56.337],[168.404,-56.279],[168.571,-56.315],[168.737,-56.351],[168.971,-56.292],[169.138,-56.327],[169.308,-56.362],[169.475,-56.397],[169.646,-56.431],[169.875,-56.371],[170.046,-56.404],[170.217,-56.438],[170.446,-56.377],[170.617,-56.41],[170.788,-56.442],[170.958,-56.474],[171.129,-56.507],[171.3,-56.539],[171.471,-56.57],[171.642,-56.602]],[[-176.879,-61.088],[-176.675,-61.102],[-176.5,-61.215],[-176.321,-61.327],[-176.35,-61.426],[-176.554,-61.413],[-176.763,-61.399],[-176.937,-61.286],[-176.908,-61.187],[-176.879,-61.088]],[[176.792,-56.891],[177.008,-56.817],[177.188,-56.84],[177.363,-56.863],[177.5,-56.983],[177.458,-57.081],[177.417,-57.178],[177.196,-57.252],[176.971,-57.326],[176.792,-57.303],[176.613,-57.279],[176.433,-57.255],[176.3,-57.134],[176.346,-57.037],[176.567,-56.964],[176.792,-56.891]],[[-176.342,-66.673],[-176.092,-66.686],[-175.842,-66.699],[-175.592,-66.711],[-175.371,-66.822],[-175.4,-66.922],[-175.433,-67.021],[-175.717,-67.108],[-176.004,-67.195],[-176.258,-67.182],[-176.512,-67.169],[-176.733,-67.056],[-176.696,-66.957],[-176.662,-66.858],[-176.625,-66.759],[-176.342,-66.673]],[[166.417,-63.316],[166.621,-63.354],[166.742,-63.485],[166.654,-63.577],[166.363,-63.631],[166.154,-63.592],[166.038,-63.461],[166.125,-63.369],[166.417,-63.316]],[[159.067,-53.192],[159.292,-53.154],[159.438,-53.202],[159.504,-53.338],[159.425,-53.425],[159.196,-53.464],[159.05,-53.416],[158.983,-53.28],[159.067,-53.192]],[[145.771,-53.423],[145.9,-53.488],[146.029,-53.552],[146.158,-53.616],[146.288,-53.679],[146.313,-53.82],[146.333,-53.961],[146.354,-54.102],[146.246,-54.179],[146.138,-54.256],[146.029,-54.332],[145.917,-54.409],[145.675,-54.421],[145.563,-54.498],[145.321,-54.509],[145.192,-54.444],[144.95,-54.455],[144.817,-54.39],[144.575,-54.4],[144.446,-54.334],[144.429,-54.193],[144.3,-54.127],[144.288,-53.986],[144.4,-53.911],[144.383,-53.77],[144.492,-53.694],[144.604,-53.619],[144.717,-53.544],[144.825,-53.468],[144.933,-53.392],[145.046,-53.316],[145.279,-53.306],[145.517,-53.294],[145.642,-53.359],[145.771,-53.423]],[[141.229,-52.722],[141.35,-52.791],[141.467,-52.86],[141.588,-52.929],[141.708,-52.997],[141.717,-53.139],[141.725,-53.28],[141.729,-53.421],[141.617,-53.494],[141.621,-53.635],[141.746,-53.704],[141.867,-53.772],[141.875,-53.914],[142,-53.982],[142.125,-54.05],[142.133,-54.191],[142.258,-54.259],[142.267,-54.401],[142.275,-54.542],[142.283,-54.683],[142.167,-54.757],[142.175,-54.898],[142.054,-54.971],[141.937,-55.044],[141.942,-55.185],[141.825,-55.258],[141.704,-55.331],[141.583,-55.403],[141.462,-55.476],[141.337,-55.548],[141.217,-55.621],[141.096,-55.693],[140.971,-55.765],[140.846,-55.837],[140.725,-55.909],[140.6,-55.98],[140.475,-56.052],[140.221,-56.053],[139.967,-56.054],[139.717,-56.055],[139.588,-55.984],[139.592,-55.843],[139.462,-55.772],[139.467,-55.631],[139.342,-55.56],[139.217,-55.489],[139.096,-55.419],[138.971,-55.348],[138.85,-55.276],[138.725,-55.205],[138.729,-55.064],[138.608,-54.992],[138.488,-54.921],[138.367,-54.849],[138.371,-54.708],[138.25,-54.636],[138.133,-54.564],[138.013,-54.492],[137.896,-54.42],[137.65,-54.417],[137.533,-54.344],[137.292,-54.34],[137.175,-54.267],[136.933,-54.263],[136.692,-54.258],[136.575,-54.184],[136.463,-54.111],[136.346,-54.038],[136.233,-53.964],[136.242,-53.823],[136.129,-53.749],[136.142,-53.608],[136.029,-53.535],[136.038,-53.394],[136.163,-53.326],[136.175,-53.185],[136.296,-53.118],[136.421,-53.05],[136.542,-52.982],[136.663,-52.914],[136.675,-52.773],[136.796,-52.705],[136.804,-52.564],[136.925,-52.496],[137.046,-52.428],[137.05,-52.286],[137.171,-52.218],[137.292,-52.149],[137.408,-52.081],[137.525,-52.012],[137.754,-52.016],[137.983,-52.019],[138.217,-52.021],[138.446,-52.023],[138.675,-52.025],[138.788,-52.096],[139.017,-52.098],[139.133,-52.169],[139.363,-52.169],[139.479,-52.24],[139.596,-52.311],[139.708,-52.381],[139.825,-52.451],[139.942,-52.522],[140.175,-52.521],[140.292,-52.591],[140.408,-52.661],[140.642,-52.658],[140.875,-52.656],[140.996,-52.725],[141.229,-52.722]],[[136.983,-42.878],[137.075,-42.951],[137.171,-43.024],[137.263,-43.097],[137.358,-43.169],[137.35,-43.311],[137.25,-43.379],[137.15,-43.447],[137.05,-43.516],[136.95,-43.584],[136.754,-43.579],[136.558,-43.574],[136.467,-43.501],[136.375,-43.427],[136.279,-43.354],[136.288,-43.213],[136.296,-43.071],[136.396,-43.004],[136.5,-42.936],[136.6,-42.868],[136.792,-42.873],[136.983,-42.878]],[[132.188,-45.638],[132.279,-45.715],[132.371,-45.792],[132.462,-45.868],[132.554,-45.945],[132.65,-46.022],[132.629,-46.162],[132.725,-46.239],[132.817,-46.316],[132.8,-46.457],[132.892,-46.533],[132.987,-46.609],[133.079,-46.686],[133.175,-46.762],[133.271,-46.838],[133.367,-46.914],[133.458,-46.99],[133.446,-47.131],[133.542,-47.207],[133.525,-47.348],[133.621,-47.424],[133.604,-47.565],[133.492,-47.63],[133.379,-47.695],[133.267,-47.76],[133.154,-47.824],[133.038,-47.889],[132.925,-47.954],[132.713,-47.942],[132.6,-48.006],[132.388,-47.993],[132.275,-48.057],[132.063,-48.044],[131.854,-48.031],[131.738,-48.094],[131.529,-48.08],[131.413,-48.143],[131.296,-48.206],[131.083,-48.191],[130.967,-48.254],[130.754,-48.238],[130.637,-48.3],[130.429,-48.284],[130.217,-48.268],[130.004,-48.251],[129.796,-48.234],[129.704,-48.155],[129.492,-48.138],[129.404,-48.059],[129.192,-48.041],[128.983,-48.022],[128.775,-48.003],[128.654,-48.064],[128.446,-48.044],[128.325,-48.104],[128.204,-48.164],[127.996,-48.144],[127.875,-48.204],[127.667,-48.183],[127.546,-48.242],[127.337,-48.221],[127.217,-48.28],[127.004,-48.258],[126.917,-48.177],[126.708,-48.155],[126.621,-48.074],[126.413,-48.052],[126.329,-47.971],[126.242,-47.89],[126.275,-47.751],[126.192,-47.669],[126.225,-47.53],[126.346,-47.473],[126.383,-47.333],[126.417,-47.194],[126.538,-47.136],[126.654,-47.077],[126.775,-47.019],[126.892,-46.96],[127.012,-46.902],[127.129,-46.843],[127.25,-46.784],[127.367,-46.725],[127.571,-46.746],[127.775,-46.766],[127.979,-46.787],[128.096,-46.727],[128.3,-46.747],[128.417,-46.687],[128.533,-46.627],[128.558,-46.487],[128.675,-46.426],[128.704,-46.286],[128.617,-46.207],[128.646,-46.067],[128.758,-46.006],[128.788,-45.866],[128.813,-45.726],[128.925,-45.666],[128.954,-45.525],[129.067,-45.464],[129.179,-45.404],[129.292,-45.342],[129.404,-45.281],[129.429,-45.141],[129.542,-45.08],[129.654,-45.018],[129.767,-44.957],[129.875,-44.895],[129.988,-44.834],[130.1,-44.772],[130.208,-44.71],[130.408,-44.726],[130.496,-44.804],[130.583,-44.882],[130.779,-44.898],[130.871,-44.976],[130.958,-45.054],[131.046,-45.132],[131.138,-45.209],[131.333,-45.224],[131.425,-45.302],[131.625,-45.316],[131.717,-45.393],[131.804,-45.471],[131.896,-45.547],[131.987,-45.625],[132.188,-45.638]],[[121.413,-42.853],[121.488,-42.937],[121.558,-43.02],[121.75,-43.05],[121.708,-43.188],[121.667,-43.326],[121.738,-43.409],[121.813,-43.493],[121.888,-43.577],[121.963,-43.66],[121.921,-43.798],[121.996,-43.882],[122.071,-43.965],[122.029,-44.103],[121.988,-44.241],[121.946,-44.379],[121.825,-44.432],[121.708,-44.487],[121.517,-44.457],[121.396,-44.51],[121.204,-44.48],[121.129,-44.396],[120.938,-44.365],[120.746,-44.334],[120.554,-44.302],[120.479,-44.218],[120.408,-44.134],[120.333,-44.05],[120.263,-43.965],[120.187,-43.881],[120.233,-43.744],[120.279,-43.607],[120.092,-43.575],[120.021,-43.49],[119.9,-43.542],[119.713,-43.51],[119.596,-43.562],[119.475,-43.614],[119.358,-43.666],[119.171,-43.633],[118.979,-43.599],[118.908,-43.514],[118.721,-43.48],[118.65,-43.395],[118.583,-43.31],[118.513,-43.225],[118.442,-43.14],[118.375,-43.054],[118.421,-42.918],[118.471,-42.782],[118.588,-42.731],[118.704,-42.679],[118.892,-42.713],[119.079,-42.747],[119.146,-42.832],[119.333,-42.865],[119.521,-42.897],[119.592,-42.982],[119.779,-43.015],[119.85,-43.099],[120.038,-43.132],[120.154,-43.079],[120.271,-43.026],[120.388,-42.974],[120.504,-42.921],[120.546,-42.784],[120.663,-42.731],[120.779,-42.677],[120.967,-42.708],[121.079,-42.654],[121.267,-42.685],[121.454,-42.715],[121.413,-42.853]],[[120.838,-39.94],[120.875,-39.802],[120.808,-39.718],[120.629,-39.687],[120.517,-39.741],[120.408,-39.794],[120.367,-39.932],[120.438,-40.016],[120.617,-40.047],[120.725,-39.993],[120.838,-39.94]],[[120.267,-33.251],[120.2,-33.166],[120.138,-33.082],[120.075,-32.997],[119.908,-32.966],[119.746,-32.935],[119.646,-32.988],[119.542,-33.041],[119.442,-33.094],[119.342,-33.147],[119.367,-33.369],[119.3,-33.284],[119.263,-33.422],[119.225,-33.56],[119.288,-33.645],[119.25,-33.782],[119.313,-33.867],[119.375,-33.952],[119.442,-34.037],[119.504,-34.122],[119.671,-34.153],[119.838,-34.185],[120.004,-34.216],[120.104,-34.163],[120.208,-34.109],[120.246,-33.972],[120.283,-33.834],[120.217,-33.749],[120.254,-33.611],[120.292,-33.473],[120.329,-33.335],[120.267,-33.251]],[[113.763,-29.807],[113.708,-29.72],[113.921,-29.845],[113.975,-29.932],[113.933,-30.068],[113.829,-30.117],[113.729,-30.166],[113.629,-30.214],[113.471,-30.176],[113.417,-30.089],[113.358,-30.002],[113.404,-29.866],[113.504,-29.817],[113.604,-29.769],[113.763,-29.807]],[[114.917,-27.74],[114.863,-27.654],[114.708,-27.617],[114.554,-27.58],[114.4,-27.542],[114.3,-27.592],[114.146,-27.554],[114.05,-27.604],[113.95,-27.653],[114.004,-27.74],[114.062,-27.827],[114.117,-27.914],[114.075,-28.05],[114.129,-28.137],[114.188,-28.224],[114.242,-28.311],[114.3,-28.397],[114.354,-28.484],[114.508,-28.522],[114.608,-28.472],[114.708,-28.422],[114.804,-28.373],[114.904,-28.323],[114.946,-28.186],[114.988,-28.05],[115.029,-27.914],[114.975,-27.827],[114.917,-27.74]],[[119.783,-18.081],[119.729,-17.997],[119.588,-17.964],[119.496,-18.017],[119.404,-18.069],[119.371,-18.206],[119.425,-18.291],[119.571,-18.323],[119.658,-18.271],[119.75,-18.218],[119.783,-18.081]],[[117.779,-20.165],[117.871,-20.114],[118.017,-20.147],[118.075,-20.233],[118.038,-20.37],[117.946,-20.421],[118,-20.507],[117.963,-20.644],[117.871,-20.696],[117.779,-20.747],[117.633,-20.713],[117.579,-20.627],[117.617,-20.491],[117.562,-20.405],[117.6,-20.268],[117.688,-20.216],[117.779,-20.165]],[[114.1,-14.127],[114.05,-14.041],[114,-13.954],[113.863,-13.916],[113.808,-13.829],[113.758,-13.742],[113.708,-13.655],[113.658,-13.568],[113.521,-13.53],[113.379,-13.491],[113.288,-13.54],[113.15,-13.502],[113.058,-13.551],[113.021,-13.686],[112.929,-13.735],[112.892,-13.871],[112.85,-14.007],[112.9,-14.094],[112.863,-14.23],[112.871,-14.453],[112.821,-14.366],[112.779,-14.502],[112.742,-14.638],[112.7,-14.774],[112.75,-14.861],[112.713,-14.997],[112.763,-15.084],[112.813,-15.172],[112.954,-15.21],[113.004,-15.297],[113.146,-15.336],[113.233,-15.287],[113.375,-15.325],[113.467,-15.276],[113.554,-15.227],[113.646,-15.178],[113.738,-15.129],[113.775,-14.993],[113.867,-14.944],[113.904,-14.808],[113.996,-14.759],[114.033,-14.622],[114.075,-14.486],[114.113,-14.35],[114.062,-14.263],[114.1,-14.127]],[[111.129,-19.714],[111.233,-19.889],[111.183,-19.801],[111.283,-19.977],[111.488,-20.327],[111.346,-20.288],[111.292,-20.2],[111.242,-20.112],[111.683,-20.454],[111.633,-20.367],[111.788,-20.629],[111.738,-20.542],[111.942,-20.892],[111.996,-20.979],[112.142,-21.019],[112.288,-21.057],[112.433,-21.096],[112.483,-21.184],[112.629,-21.222],[112.683,-21.31],[112.733,-21.397],[112.788,-21.484],[112.838,-21.572],[112.892,-21.659],[112.946,-21.746],[112.996,-21.833],[113.05,-21.921],[113.1,-22.008],[113.154,-22.095],[113.208,-22.182],[113.354,-22.22],[113.408,-22.307],[113.463,-22.394],[113.421,-22.531],[113.475,-22.618],[113.433,-22.754],[113.392,-22.89],[113.35,-23.026],[113.404,-23.114],[113.454,-23.201],[113.508,-23.288],[113.563,-23.375],[113.617,-23.462],[113.671,-23.549],[113.725,-23.636],[113.683,-23.772],[113.738,-23.859],[113.792,-23.946],[113.846,-24.033],[113.9,-24.12],[113.954,-24.207],[113.913,-24.343],[113.967,-24.43],[114.021,-24.517],[114.075,-24.604],[114.129,-24.691],[114.087,-24.827],[114.046,-24.964],[113.95,-25.013],[113.908,-25.149],[113.812,-25.199],[113.771,-25.335],[113.675,-25.384],[113.579,-25.433],[113.479,-25.482],[113.425,-25.395],[113.275,-25.357],[113.179,-25.406],[113.083,-25.454],[112.933,-25.416],[112.833,-25.465],[112.792,-25.601],[112.696,-25.649],[112.6,-25.698],[112.554,-25.833],[112.608,-25.921],[112.663,-26.008],[112.717,-26.096],[112.771,-26.183],[112.921,-26.221],[112.975,-26.309],[113.129,-26.347],[113.225,-26.298],[113.375,-26.337],[113.429,-26.424],[113.387,-26.56],[113.442,-26.647],[113.496,-26.734],[113.454,-26.87],[113.508,-26.957],[113.563,-27.044],[113.621,-27.131],[113.675,-27.218],[113.633,-27.354],[113.688,-27.441],[113.587,-27.49],[113.433,-27.452],[113.337,-27.501],[113.183,-27.462],[113.083,-27.511],[112.933,-27.472],[112.779,-27.434],[112.679,-27.482],[112.525,-27.443],[112.429,-27.491],[112.275,-27.452],[112.175,-27.5],[112.079,-27.548],[112.033,-27.684],[111.988,-27.819],[111.888,-27.867],[111.842,-28.002],[111.896,-28.09],[111.85,-28.225],[111.904,-28.312],[111.858,-28.448],[111.813,-28.583],[111.867,-28.671],[111.921,-28.758],[111.975,-28.846],[112.129,-28.885],[112.183,-28.973],[112.238,-29.06],[112.192,-29.196],[112.246,-29.283],[112.304,-29.37],[112.358,-29.458],[112.313,-29.593],[112.267,-29.728],[112.321,-29.816],[112.375,-29.903],[112.329,-30.038],[112.383,-30.126],[112.283,-30.174],[112.233,-30.309],[112.133,-30.357],[112.033,-30.404],[111.929,-30.452],[111.829,-30.499],[111.725,-30.547],[111.679,-30.681],[111.575,-30.729],[111.525,-30.864],[111.479,-30.998],[111.375,-31.045],[111.325,-31.18],[111.279,-31.314],[111.229,-31.449],[111.125,-31.496],[110.967,-31.455],[110.863,-31.501],[110.704,-31.46],[110.65,-31.372],[110.496,-31.331],[110.392,-31.377],[110.288,-31.423],[110.129,-31.382],[110.025,-31.428],[109.975,-31.561],[109.925,-31.695],[109.871,-31.829],[109.925,-31.917],[109.979,-32.005],[110.033,-32.093],[109.979,-32.227],[110.137,-32.269],[110.192,-32.357],[110.354,-32.399],[110.512,-32.441],[110.567,-32.529],[110.725,-32.57],[110.829,-32.524],[110.933,-32.477],[111.096,-32.519],[111.2,-32.472],[111.25,-32.338],[111.354,-32.291],[111.404,-32.156],[111.454,-32.022],[111.558,-31.975],[111.663,-31.928],[111.767,-31.881],[111.925,-31.921],[112.029,-31.874],[112.133,-31.826],[112.238,-31.779],[112.338,-31.731],[112.442,-31.684],[112.546,-31.636],[112.65,-31.588],[112.75,-31.54],[112.854,-31.492],[112.958,-31.444],[113.058,-31.396],[113.163,-31.348],[113.267,-31.299],[113.367,-31.251],[113.525,-31.29],[113.629,-31.241],[113.788,-31.279],[113.892,-31.231],[114.05,-31.269],[114.104,-31.356],[114.062,-31.492],[114.117,-31.578],[114.071,-31.714],[114.129,-31.801],[114.188,-31.888],[114.246,-31.975],[114.404,-32.013],[114.463,-32.099],[114.625,-32.137],[114.725,-32.088],[114.888,-32.125],[114.992,-32.075],[115.092,-32.026],[115.196,-31.976],[115.296,-31.926],[115.342,-31.79],[115.442,-31.74],[115.546,-31.69],[115.704,-31.727],[115.808,-31.676],[115.908,-31.626],[116.008,-31.576],[116.113,-31.526],[116.213,-31.475],[116.254,-31.338],[116.354,-31.288],[116.396,-31.151],[116.438,-31.014],[116.479,-30.877],[116.521,-30.741],[116.463,-30.654],[116.404,-30.568],[116.446,-30.432],[116.383,-30.346],[116.325,-30.259],[116.267,-30.173],[116.208,-30.087],[116.15,-30.001],[116.192,-29.864],[116.133,-29.778],[116.075,-29.692],[116.017,-29.606],[115.958,-29.519],[116,-29.382],[116.042,-29.246],[116.083,-29.109],[116.125,-28.972],[116.167,-28.836],[116.263,-28.785],[116.304,-28.648],[116.4,-28.597],[116.5,-28.546],[116.542,-28.409],[116.579,-28.272],[116.679,-28.221],[116.775,-28.17],[116.813,-28.033],[116.913,-27.982],[117.008,-27.931],[117.104,-27.88],[117.263,-27.914],[117.321,-28],[117.379,-28.086],[117.438,-28.171],[117.396,-28.308],[117.3,-28.36],[117.146,-28.326],[117.046,-28.377],[117.008,-28.514],[116.908,-28.565],[116.813,-28.616],[116.713,-28.667],[116.675,-28.804],[116.633,-28.941],[116.692,-29.027],[116.75,-29.113],[116.808,-29.199],[116.867,-29.285],[116.925,-29.371],[117.083,-29.406],[117.142,-29.491],[117.3,-29.526],[117.358,-29.612],[117.517,-29.646],[117.575,-29.731],[117.733,-29.765],[117.796,-29.851],[117.754,-29.988],[117.817,-30.074],[117.875,-30.159],[117.933,-30.245],[117.896,-30.382],[117.954,-30.467],[118.017,-30.553],[118.075,-30.638],[118.138,-30.724],[118.196,-30.809],[118.258,-30.894],[118.317,-30.98],[118.379,-31.065],[118.442,-31.15],[118.5,-31.236],[118.563,-31.321],[118.625,-31.406],[118.683,-31.491],[118.746,-31.576],[118.708,-31.714],[118.771,-31.799],[118.933,-31.832],[118.892,-31.969],[118.954,-32.054],[119.117,-32.087],[119.279,-32.119],[119.442,-32.151],[119.542,-32.098],[119.642,-32.045],[119.804,-32.076],[119.867,-32.161],[119.933,-32.246],[120.096,-32.277],[120.158,-32.361],[120.221,-32.446],[120.383,-32.476],[120.45,-32.561],[120.512,-32.645],[120.675,-32.676],[120.775,-32.622],[120.875,-32.568],[120.975,-32.514],[121.075,-32.459],[121.113,-32.321],[121.208,-32.267],[121.246,-32.129],[121.346,-32.074],[121.442,-32.02],[121.608,-32.049],[121.704,-31.994],[121.771,-32.078],[121.833,-32.162],[121.9,-32.245],[121.867,-32.384],[121.929,-32.467],[121.996,-32.551],[122.062,-32.634],[122.025,-32.773],[122.092,-32.856],[122.158,-32.94],[122.125,-33.079],[122.087,-33.217],[121.992,-33.272],[121.825,-33.243],[121.758,-33.16],[121.592,-33.131],[121.529,-33.047],[121.363,-33.017],[121.263,-33.072],[121.163,-33.126],[121.129,-33.264],[121.092,-33.402],[121.054,-33.541],[121.021,-33.679],[121.083,-33.763],[121.15,-33.847],[121.113,-33.985],[121.179,-34.069],[121.246,-34.153],[121.313,-34.237],[121.479,-34.267],[121.546,-34.351],[121.613,-34.434],[121.779,-34.463],[121.846,-34.547],[122.012,-34.576],[122.079,-34.659],[122.25,-34.687],[122.317,-34.771],[122.383,-34.854],[122.55,-34.882],[122.721,-34.91],[122.788,-34.993],[122.754,-35.132],[122.721,-35.271],[122.687,-35.409],[122.754,-35.492],[122.654,-35.548],[122.617,-35.687],[122.517,-35.742],[122.413,-35.797],[122.308,-35.852],[122.208,-35.908],[122.037,-35.879],[121.933,-35.934],[121.829,-35.989],[121.796,-36.127],[121.692,-36.182],[121.587,-36.236],[121.55,-36.375],[121.512,-36.513],[121.579,-36.597],[121.65,-36.681],[121.613,-36.819],[121.679,-36.902],[121.75,-36.986],[121.817,-37.07],[121.779,-37.208],[121.85,-37.292],[121.917,-37.376],[121.988,-37.459],[122.054,-37.543],[122.125,-37.626],[122.196,-37.71],[122.262,-37.793],[122.333,-37.877],[122.508,-37.905],[122.683,-37.932],[122.863,-37.96],[123.037,-37.988],[123.142,-37.932],[123.246,-37.876],[123.354,-37.82],[123.458,-37.764],[123.562,-37.708],[123.596,-37.569],[123.629,-37.43],[123.733,-37.374],[123.908,-37.4],[124.013,-37.344],[124.083,-37.426],[124.258,-37.452],[124.433,-37.477],[124.504,-37.559],[124.679,-37.584],[124.754,-37.666],[124.929,-37.691],[125.033,-37.634],[125.208,-37.658],[125.312,-37.6],[125.413,-37.543],[125.446,-37.403],[125.546,-37.346],[125.65,-37.287],[125.75,-37.229],[125.854,-37.171],[125.883,-37.032],[125.983,-36.974],[126.158,-36.997],[126.262,-36.938],[126.363,-36.879],[126.538,-36.902],[126.638,-36.843],[126.738,-36.784],[126.842,-36.725],[126.942,-36.666],[127.042,-36.607],[127.142,-36.548],[127.167,-36.408],[127.196,-36.268],[127.296,-36.209],[127.321,-36.069],[127.346,-35.929],[127.446,-35.87],[127.546,-35.811],[127.646,-35.751],[127.742,-35.691],[127.817,-35.771],[127.892,-35.851],[127.867,-35.991],[127.938,-36.071],[128.012,-36.151],[128.088,-36.231],[128.163,-36.311],[128.338,-36.331],[128.408,-36.41],[128.583,-36.43],[128.658,-36.509],[128.833,-36.528],[128.933,-36.467],[129.108,-36.486],[129.204,-36.425],[129.304,-36.364],[129.404,-36.302],[129.5,-36.241],[129.6,-36.18],[129.696,-36.119],[129.717,-35.979],[129.737,-35.838],[129.762,-35.698],[129.858,-35.637],[129.879,-35.496],[129.804,-35.418],[129.825,-35.278],[129.846,-35.137],[129.771,-35.059],[129.696,-34.98],[129.721,-34.84],[129.646,-34.761],[129.571,-34.682],[129.496,-34.603],[129.421,-34.524],[129.254,-34.506],[129.179,-34.427],[129.104,-34.348],[129.033,-34.269],[128.958,-34.189],[128.888,-34.11],[128.813,-34.031],[128.742,-33.951],[128.571,-33.932],[128.404,-33.913],[128.308,-33.973],[128.208,-34.033],[128.113,-34.093],[128.017,-34.153],[127.992,-34.293],[127.967,-34.432],[127.871,-34.492],[127.846,-34.632],[127.75,-34.692],[127.65,-34.752],[127.554,-34.811],[127.479,-34.731],[127.308,-34.71],[127.238,-34.629],[127.167,-34.549],[127.096,-34.468],[127.025,-34.388],[126.95,-34.307],[126.879,-34.226],[126.808,-34.146],[126.837,-34.006],[126.767,-33.925],[126.792,-33.786],[126.721,-33.705],[126.817,-33.646],[126.917,-33.587],[126.942,-33.448],[127.038,-33.389],[127.204,-33.41],[127.275,-33.491],[127.446,-33.512],[127.542,-33.452],[127.613,-33.532],[127.779,-33.553],[127.875,-33.494],[127.971,-33.434],[128.138,-33.454],[128.233,-33.394],[128.258,-33.254],[128.354,-33.194],[128.379,-33.054],[128.404,-32.915],[128.425,-32.775],[128.45,-32.635],[128.379,-32.555],[128.308,-32.476],[128.237,-32.396],[128.167,-32.316],[128,-32.296],[127.929,-32.216],[127.767,-32.196],[127.792,-32.056],[127.721,-31.976],[127.65,-31.896],[127.746,-31.836],[127.771,-31.696],[127.796,-31.557],[127.725,-31.477],[127.658,-31.397],[127.588,-31.316],[127.517,-31.236],[127.45,-31.156],[127.287,-31.134],[127.192,-31.194],[127.096,-31.252],[126.933,-31.231],[126.842,-31.289],[126.812,-31.429],[126.65,-31.407],[126.554,-31.465],[126.458,-31.524],[126.392,-31.442],[126.229,-31.42],[126.158,-31.339],[126.188,-31.199],[126.217,-31.06],[126.308,-31.002],[126.337,-30.862],[126.433,-30.804],[126.525,-30.746],[126.621,-30.687],[126.712,-30.629],[126.808,-30.57],[126.833,-30.431],[126.929,-30.372],[127.021,-30.314],[127.117,-30.255],[127.142,-30.116],[127.075,-30.035],[127.167,-29.976],[127.262,-29.917],[127.238,-30.057],[127.304,-30.137],[127.371,-30.217],[127.437,-30.298],[127.508,-30.378],[127.671,-30.399],[127.763,-30.34],[127.925,-30.361],[127.992,-30.441],[128.154,-30.461],[128.25,-30.401],[128.342,-30.342],[128.367,-30.202],[128.296,-30.122],[128.321,-29.983],[128.346,-29.844],[128.275,-29.764],[128.208,-29.684],[128.142,-29.604],[127.979,-29.584],[127.821,-29.563],[127.725,-29.622],[127.567,-29.601],[127.475,-29.66],[127.379,-29.719],[127.287,-29.778],[127.196,-29.837],[127.125,-29.756],[126.967,-29.734],[126.992,-29.595],[126.925,-29.514],[126.858,-29.434],[126.792,-29.353],[126.725,-29.272],[126.658,-29.191],[126.592,-29.111],[126.525,-29.03],[126.367,-29.007],[126.3,-28.926],[126.233,-28.845],[126.167,-28.764],[126.008,-28.74],[125.917,-28.798],[125.758,-28.774],[125.663,-28.832],[125.571,-28.889],[125.475,-28.947],[125.383,-29.004],[125.354,-29.143],[125.262,-29.201],[125.1,-29.176],[125.038,-29.094],[124.879,-29.069],[124.783,-29.126],[124.717,-29.044],[124.558,-29.019],[124.496,-28.937],[124.338,-28.911],[124.179,-28.886],[124.113,-28.803],[124.05,-28.721],[123.983,-28.638],[123.921,-28.556],[123.95,-28.417],[123.888,-28.334],[123.917,-28.196],[123.95,-28.057],[124.042,-28.001],[124.138,-27.944],[124.229,-27.888],[124.321,-27.832],[124.417,-27.775],[124.508,-27.719],[124.667,-27.744],[124.758,-27.687],[124.85,-27.631],[124.879,-27.492],[124.817,-27.41],[124.754,-27.328],[124.692,-27.246],[124.625,-27.164],[124.654,-27.025],[124.683,-26.886],[124.713,-26.748],[124.742,-26.609],[124.837,-26.553],[124.929,-26.496],[125.021,-26.439],[125.05,-26.3],[124.983,-26.218],[124.829,-26.193],[124.738,-26.25],[124.675,-26.168],[124.521,-26.142],[124.367,-26.116],[124.275,-26.172],[124.183,-26.229],[124.092,-26.285],[124,-26.341],[123.904,-26.397],[123.813,-26.453],[123.783,-26.592],[123.754,-26.73],[123.658,-26.786],[123.504,-26.759],[123.442,-26.676],[123.288,-26.649],[123.225,-26.566],[123.163,-26.483],[123.1,-26.401],[123.042,-26.317],[122.888,-26.29],[122.729,-26.262],[122.762,-26.124],[122.7,-26.04],[122.642,-25.957],[122.579,-25.874],[122.517,-25.791],[122.55,-25.652],[122.396,-25.624],[122.338,-25.541],[122.275,-25.457],[122.217,-25.374],[122.246,-25.236],[122.187,-25.152],[122.125,-25.069],[122.158,-24.931],[122.192,-24.792],[122.225,-24.654],[122.254,-24.516],[122.288,-24.378],[122.321,-24.24],[122.258,-24.157],[122.2,-24.073],[122.233,-23.935],[122.175,-23.852],[122.204,-23.714],[122.146,-23.63],[122.179,-23.492],[122.121,-23.409],[122.062,-23.325],[122,-23.242],[121.85,-23.212],[121.7,-23.183],[121.608,-23.237],[121.517,-23.291],[121.425,-23.345],[121.333,-23.399],[121.242,-23.453],[121.15,-23.507],[121.058,-23.561],[120.967,-23.615],[120.875,-23.668],[120.725,-23.638],[120.667,-23.554],[120.608,-23.469],[120.458,-23.439],[120.4,-23.354],[120.25,-23.323],[120.1,-23.292],[120.042,-23.207],[119.892,-23.176],[119.833,-23.091],[119.779,-23.007],[119.629,-22.975],[119.571,-22.89],[119.513,-22.805],[119.363,-22.773],[119.308,-22.688],[119.25,-22.603],[119.1,-22.571],[119.046,-22.486],[118.988,-22.401],[118.842,-22.368],[118.783,-22.283],[118.633,-22.25],[118.487,-22.217],[118.429,-22.132],[118.283,-22.099],[118.192,-22.151],[118.133,-22.065],[117.988,-22.031],[117.929,-21.946],[117.783,-21.912],[117.633,-21.878],[117.488,-21.844],[117.429,-21.758],[117.467,-21.621],[117.413,-21.536],[117.358,-21.45],[117.213,-21.416],[117.117,-21.467],[117.079,-21.604],[116.988,-21.655],[116.95,-21.792],[117.004,-21.878],[116.967,-22.015],[117.025,-22.101],[117.079,-22.187],[117.042,-22.324],[117.096,-22.409],[117.004,-22.461],[116.967,-22.598],[116.875,-22.649],[116.833,-22.786],[116.892,-22.872],[116.946,-22.958],[116.854,-23.009],[116.817,-23.146],[116.721,-23.197],[116.571,-23.162],[116.517,-23.076],[116.463,-22.99],[116.408,-22.904],[116.35,-22.818],[116.392,-22.681],[116.429,-22.544],[116.375,-22.458],[116.413,-22.321],[116.358,-22.235],[116.396,-22.098],[116.342,-22.012],[116.283,-21.926],[116.229,-21.839],[116.083,-21.804],[116.029,-21.718],[115.975,-21.631],[115.921,-21.545],[115.867,-21.459],[115.813,-21.373],[115.758,-21.286],[115.704,-21.2],[115.65,-21.114],[115.596,-21.027],[115.633,-20.891],[115.579,-20.804],[115.617,-20.667],[115.658,-20.531],[115.604,-20.444],[115.55,-20.358],[115.404,-20.322],[115.313,-20.372],[115.221,-20.422],[115.075,-20.386],[114.979,-20.436],[114.942,-20.572],[114.996,-20.659],[114.904,-20.709],[114.808,-20.759],[114.717,-20.809],[114.625,-20.858],[114.533,-20.908],[114.438,-20.958],[114.346,-21.007],[114.2,-20.97],[114.054,-20.933],[113.908,-20.895],[113.854,-20.808],[113.804,-20.721],[113.658,-20.684],[113.604,-20.597],[113.55,-20.51],[113.5,-20.422],[113.354,-20.385],[113.3,-20.298],[113.154,-20.259],[113.013,-20.221],[112.917,-20.27],[112.771,-20.232],[112.679,-20.28],[112.533,-20.242],[112.442,-20.29],[112.35,-20.339],[112.254,-20.387],[112.108,-20.349],[112.017,-20.397],[111.925,-20.445],[111.883,-20.581],[111.838,-20.717],[111.892,-20.804],[111.796,-20.853],[111.754,-20.989],[111.663,-21.037],[111.567,-21.085],[111.525,-21.221],[111.429,-21.269],[111.388,-21.404],[111.296,-21.452],[111.2,-21.501],[111.158,-21.636],[111.063,-21.684],[110.967,-21.732],[110.925,-21.867],[110.779,-21.827],[110.683,-21.875],[110.538,-21.835],[110.488,-21.747],[110.342,-21.706],[110.196,-21.666],[110.146,-21.578],[110.092,-21.49],[110.042,-21.402],[109.992,-21.314],[109.942,-21.226],[109.988,-21.091],[109.933,-21.003],[109.883,-20.915],[109.833,-20.827],[109.783,-20.739],[109.829,-20.604],[109.775,-20.516],[109.725,-20.428],[109.771,-20.292],[109.721,-20.204],[109.671,-20.116],[109.621,-20.028],[109.571,-19.94],[109.521,-19.852],[109.563,-19.717],[109.604,-19.582],[109.7,-19.534],[109.792,-19.487],[109.887,-19.44],[110.029,-19.48],[110.125,-19.433],[110.267,-19.473],[110.363,-19.426],[110.454,-19.378],[110.546,-19.33],[110.692,-19.371],[110.783,-19.323],[110.929,-19.362],[110.979,-19.45],[111.029,-19.538],[111.079,-19.626],[111.129,-19.714]],[[114.863,-27.654],[114.917,-27.74],[114.975,-27.827],[115.029,-27.914],[114.988,-28.05],[114.946,-28.186],[114.904,-28.323],[114.804,-28.373],[114.708,-28.422],[114.608,-28.472],[114.508,-28.522],[114.354,-28.484],[114.3,-28.397],[114.242,-28.311],[114.188,-28.224],[114.129,-28.137],[114.075,-28.05],[114.117,-27.914],[114.062,-27.827],[114.004,-27.74],[113.95,-27.653],[114.05,-27.604],[114.146,-27.554],[114.3,-27.592],[114.4,-27.542],[114.554,-27.58],[114.708,-27.617],[114.863,-27.654]],[[113.808,-29.671],[113.763,-29.807],[113.921,-29.845],[113.975,-29.932],[113.933,-30.068],[113.829,-30.117],[113.729,-30.166],[113.629,-30.214],[113.471,-30.176],[113.417,-30.089],[113.358,-30.002],[113.404,-29.866],[113.504,-29.817],[113.604,-29.769],[113.708,-29.72],[113.808,-29.671]],[[110.871,-25.979],[110.921,-26.066],[110.975,-26.154],[111.029,-26.242],[111.079,-26.329],[111.033,-26.465],[111.088,-26.553],[111.142,-26.64],[111.096,-26.775],[110.996,-26.823],[110.95,-26.958],[110.85,-27.005],[110.754,-27.052],[110.654,-27.099],[110.554,-27.146],[110.454,-27.193],[110.354,-27.24],[110.254,-27.287],[110.104,-27.246],[109.954,-27.205],[109.8,-27.163],[109.65,-27.122],[109.6,-27.034],[109.446,-26.992],[109.346,-27.038],[109.196,-26.996],[109.096,-27.042],[108.996,-27.089],[108.896,-27.134],[108.796,-27.181],[108.696,-27.226],[108.546,-27.184],[108.396,-27.141],[108.346,-27.053],[108.392,-26.919],[108.342,-26.831],[108.392,-26.697],[108.492,-26.651],[108.592,-26.605],[108.692,-26.559],[108.788,-26.513],[108.887,-26.467],[108.988,-26.421],[109.033,-26.287],[109.083,-26.152],[109.183,-26.106],[109.229,-25.972],[109.275,-25.837],[109.225,-25.749],[109.175,-25.661],[109.121,-25.573],[109.071,-25.485],[109.021,-25.397],[108.871,-25.355],[108.821,-25.267],[108.771,-25.178],[108.721,-25.09],[108.667,-25.002],[108.717,-24.867],[108.667,-24.779],[108.713,-24.645],[108.663,-24.557],[108.708,-24.422],[108.754,-24.288],[108.704,-24.199],[108.75,-24.065],[108.85,-24.019],[108.996,-24.06],[109.142,-24.102],[109.292,-24.144],[109.438,-24.185],[109.587,-24.226],[109.733,-24.267],[109.788,-24.356],[109.837,-24.444],[109.988,-24.484],[110.038,-24.572],[110.087,-24.661],[110.142,-24.748],[110.192,-24.836],[110.246,-24.924],[110.296,-25.012],[110.346,-25.1],[110.4,-25.188],[110.45,-25.276],[110.404,-25.411],[110.458,-25.499],[110.508,-25.587],[110.658,-25.627],[110.713,-25.715],[110.767,-25.803],[110.817,-25.891],[110.871,-25.979]],[[108.342,-22.913],[108.392,-23.002],[108.442,-23.09],[108.492,-23.178],[108.542,-23.266],[108.592,-23.355],[108.546,-23.489],[108.5,-23.624],[108.404,-23.67],[108.304,-23.716],[108.208,-23.762],[108.063,-23.72],[107.917,-23.678],[107.867,-23.589],[107.767,-23.635],[107.621,-23.592],[107.475,-23.55],[107.425,-23.461],[107.375,-23.373],[107.325,-23.285],[107.375,-23.151],[107.421,-23.016],[107.517,-22.971],[107.613,-22.925],[107.708,-22.879],[107.858,-22.921],[107.954,-22.875],[108.05,-22.829],[108.196,-22.871],[108.342,-22.913]],[[105.575,-23.431],[105.625,-23.52],[105.771,-23.564],[105.817,-23.652],[105.767,-23.786],[105.817,-23.874],[105.767,-24.007],[105.717,-24.141],[105.621,-24.185],[105.571,-24.318],[105.471,-24.363],[105.375,-24.407],[105.275,-24.452],[105.129,-24.407],[104.983,-24.363],[104.838,-24.318],[104.788,-24.23],[104.742,-24.141],[104.692,-24.052],[104.646,-23.964],[104.596,-23.875],[104.55,-23.786],[104.6,-23.653],[104.65,-23.521],[104.75,-23.476],[104.846,-23.432],[104.942,-23.387],[105.042,-23.343],[105.137,-23.299],[105.283,-23.343],[105.429,-23.387],[105.575,-23.431]],[[117.871,-20.114],[118.017,-20.147],[118.075,-20.233],[118.038,-20.37],[118,-20.507],[117.963,-20.644],[117.871,-20.696],[117.779,-20.747],[117.633,-20.713],[117.579,-20.627],[117.617,-20.491],[117.562,-20.405],[117.6,-20.268],[117.688,-20.216],[117.779,-20.165],[117.871,-20.114]],[[119.729,-17.997],[119.783,-18.081],[119.75,-18.218],[119.658,-18.271],[119.571,-18.323],[119.425,-18.291],[119.371,-18.206],[119.404,-18.069],[119.496,-18.017],[119.588,-17.964],[119.729,-17.997]],[[113.808,-13.829],[113.863,-13.916],[114,-13.954],[114.05,-14.041],[114.1,-14.127],[114.062,-14.263],[114.113,-14.35],[114.075,-14.486],[114.033,-14.622],[113.996,-14.759],[113.904,-14.808],[113.867,-14.944],[113.775,-14.993],[113.738,-15.129],[113.646,-15.178],[113.554,-15.227],[113.467,-15.276],[113.375,-15.325],[113.233,-15.287],[113.146,-15.336],[113.004,-15.297],[112.954,-15.21],[112.813,-15.172],[112.763,-15.084],[112.713,-14.997],[112.75,-14.861],[112.7,-14.774],[112.742,-14.638],[112.871,-14.453],[112.779,-14.502],[112.821,-14.366],[112.863,-14.23],[112.9,-14.094],[112.85,-14.007],[112.892,-13.871],[112.929,-13.735],[113.021,-13.686],[113.058,-13.551],[113.15,-13.502],[113.288,-13.54],[113.379,-13.491],[113.521,-13.53],[113.658,-13.568],[113.708,-13.655],[113.758,-13.742],[113.808,-13.829]],[[112.133,-13.366],[112.179,-13.454],[112.321,-13.493],[112.371,-13.58],[112.421,-13.667],[112.379,-13.803],[112.521,-13.842],[112.479,-13.978],[112.442,-14.114],[112.35,-14.162],[112.308,-14.298],[112.271,-14.434],[112.179,-14.483],[112.088,-14.531],[112.046,-14.667],[111.958,-14.715],[111.867,-14.764],[111.775,-14.812],[111.688,-14.86],[111.546,-14.821],[111.496,-14.733],[111.446,-14.646],[111.396,-14.558],[111.346,-14.47],[111.204,-14.431],[111.246,-14.295],[111.288,-14.159],[111.238,-14.071],[111.188,-13.984],[111.138,-13.896],[111,-13.856],[110.908,-13.904],[110.821,-13.952],[110.729,-14],[110.637,-14.047],[110.5,-14.007],[110.45,-13.92],[110.492,-13.784],[110.533,-13.649],[110.621,-13.601],[110.713,-13.553],[110.804,-13.505],[110.942,-13.545],[110.992,-13.633],[111.042,-13.721],[111.179,-13.76],[111.221,-13.624],[111.263,-13.489],[111.354,-13.441],[111.442,-13.393],[111.533,-13.345],[111.621,-13.297],[111.713,-13.248],[111.854,-13.288],[111.992,-13.327],[112.133,-13.366]],[[92.067,24.184],[92.025,24.048],[91.979,23.912],[92.033,23.825],[91.992,23.689],[91.896,23.64],[91.8,23.592],[91.704,23.543],[91.608,23.494],[91.517,23.446],[91.367,23.484],[91.312,23.571],[91.163,23.609],[91.113,23.696],[91.154,23.833],[91.1,23.919],[91.142,24.056],[91.183,24.192],[91.225,24.328],[91.321,24.377],[91.417,24.426],[91.513,24.474],[91.663,24.436],[91.812,24.397],[91.958,24.359],[92.013,24.271],[92.067,24.184]]]]}}]}
